cve_id,description,base_score,attack_vector,privileges_required,user_interaction,published_date,vendor,exploited,age_days,vendor_frequency,no_privileges_required,no_user_interaction,network_attack_vector
CVE-1999-0095,"The debug command in Sendmail is enabled, allowing attackers to execute commands as root.",8.6,UNKNOWN,UNKNOWN,UNKNOWN,1988-10-01 04:00:00.000,eric_allman,0,13843,13,0,0,0
CVE-1999-0082,CWD ~root command in ftpd allows root access.,8.6,UNKNOWN,UNKNOWN,UNKNOWN,1988-11-11 05:00:00.000,ftp,0,13802,3,0,0,0
CVE-1999-1471,Buffer overflow in passwd in BSD based operating systems 4.3 and earlier allows local users to gain root privileges by specifying a long shell or GECOS field.,8.6,UNKNOWN,UNKNOWN,UNKNOWN,1989-01-01 05:00:00.000,bsd,0,13751,3,0,0,0
CVE-1999-1122,Vulnerability in restore in SunOS 4.0.3 and earlier allows local users to gain privileges.,8.6,UNKNOWN,UNKNOWN,UNKNOWN,1989-07-26 04:00:00.000,sun,0,13545,115,0,0,0
CVE-1999-1467,"Vulnerability in rcp on SunOS 4.0.x allows remote attackers from trusted hosts to execute arbitrary commands as root, possibly related to the configuration of the nobody user.",8.6,UNKNOWN,UNKNOWN,UNKNOWN,1989-10-26 04:00:00.000,sun,0,13453,115,0,0,0
CVE-1999-1506,"Vulnerability in SMI Sendmail 4.0 and earlier, on SunOS up to 4.0.3, allows remote attackers to access user bin.",8.6,UNKNOWN,UNKNOWN,UNKNOWN,1990-01-29 05:00:00.000,sun,0,13358,115,0,0,0
CVE-1999-0084,Certain NFS servers allow users to use mknod to gain privileges by creating a writable kmem device and setting the UID to 0.,8.4,LOCAL,NONE,NONE,1990-05-01 04:00:00.000,sun,0,13266,115,1,1,0
CVE-2000-0388,Buffer overflow in FreeBSD libmytinfo library allows local users to execute commands via a long TERMCAP environmental variable.,8.6,UNKNOWN,UNKNOWN,UNKNOWN,1990-05-09 04:00:00.000,freebsd,0,13258,33,0,0,0
CVE-1999-0209,The SunView (SunTools) selection_svc facility allows remote users to read files.,8.6,UNKNOWN,UNKNOWN,UNKNOWN,1990-08-14 04:00:00.000,sun,0,13161,115,0,0,0
CVE-1999-1198,"BuildDisk program on NeXT systems before 2.0 does not prompt users for the root password, which allows local users to gain root privileges.",8.6,UNKNOWN,UNKNOWN,UNKNOWN,1990-10-03 04:00:00.000,next,0,13111,6,0,0,0
CVE-1999-1391,Vulnerability in NeXT 1.0a and 1.0 with publicly accessible printers allows local users to gain privileges via a combination of the npd program and weak directory permissions.,8.6,UNKNOWN,UNKNOWN,UNKNOWN,1990-10-03 04:00:00.000,next,0,13111,6,0,0,0
CVE-1999-1392,Vulnerability in restore0.9 installation script in NeXT 1.0a and 1.0 allows local users to gain root privileges.,8.6,UNKNOWN,UNKNOWN,UNKNOWN,1990-10-03 04:00:00.000,next,0,13111,6,0,0,0
CVE-1999-1057,VMS 4.0 through 5.3 allows local users to gain privileges via the ANALYZE/PROCESS_DUMP dcl command.,8.6,UNKNOWN,UNKNOWN,UNKNOWN,1990-10-25 04:00:00.000,digital,0,13089,18,0,0,0
CVE-1999-1554,"/usr/sbin/Mail on SGI IRIX 3.3 and 3.3.1 does not properly set the group ID to the group ID of the user who started Mail, which allows local users to read the mail of other users.",8.6,UNKNOWN,UNKNOWN,UNKNOWN,1990-10-31 05:00:00.000,sgi,0,13083,69,0,0,0
CVE-1999-1197,"TIOCCONS in SunOS 4.1.1 does not properly check the permissions of a user who tries to redirect console output and input, which could allow a local user to gain privileges.",8.6,UNKNOWN,UNKNOWN,UNKNOWN,1990-12-20 05:00:00.000,sun,0,13033,115,0,0,0
CVE-1999-1115,"Vulnerability in the /etc/suid_exec program in HP Apollo Domain/OS sr10.2 and sr10.3 beta, related to the Korn Shell (ksh).",8.6,UNKNOWN,UNKNOWN,UNKNOWN,1990-12-31 05:00:00.000,hp,0,13022,67,0,0,0
CVE-1999-1258,"rpc.pwdauthd in SunOS 4.1.1 and earlier does not properly prevent remote access to the daemon, which allows remote attackers to obtain sensitive system information.",8.6,UNKNOWN,UNKNOWN,UNKNOWN,1991-01-15 05:00:00.000,sun,0,13007,115,0,0,0
CVE-1999-1438,Vulnerability in /bin/mail in SunOS 4.1.1 and earlier allows local users to gain root privileges via certain command line arguments.,8.6,UNKNOWN,UNKNOWN,UNKNOWN,1991-02-22 05:00:00.000,sun,0,12969,115,0,0,0
CVE-1999-1211,Vulnerability in in.telnetd in SunOS 4.1.1 and earlier allows local users to gain root privileges.,8.6,UNKNOWN,UNKNOWN,UNKNOWN,1991-03-27 05:00:00.000,sun,0,12936,115,0,0,0
CVE-1999-1212,Vulnerability in in.rlogind in SunOS 4.0.3 and 4.0.3c allows local users to gain root privileges.,8.6,UNKNOWN,UNKNOWN,UNKNOWN,1991-03-27 05:00:00.000,sun,0,12936,115,0,0,0
CVE-1999-1194,"chroot in Digital Ultrix 4.1 and 4.0 is insecurely installed, which allows local users to gain privileges.",8.6,UNKNOWN,UNKNOWN,UNKNOWN,1991-05-01 04:00:00.000,digital,0,12901,18,0,0,0
CVE-1999-1193,"The ""me"" user in NeXT NeXTstep 2.1 and earlier has wheel group privileges, which could allow the me user to use the su command to become root.",8.6,UNKNOWN,UNKNOWN,UNKNOWN,1991-05-14 04:00:00.000,next,0,12888,6,0,0,0
CVE-1999-1123,The installation of Sun Source (sunsrc) tapes allows local users to gain root privileges via setuid root programs (1) makeinstall or (2) winstall.,8.6,UNKNOWN,UNKNOWN,UNKNOWN,1991-05-20 04:00:00.000,sun,0,12882,115,0,0,0
CVE-1999-1034,Vulnerability in login in AT&T System V Release 4 allows local users to gain privileges.,8.6,UNKNOWN,UNKNOWN,UNKNOWN,1991-05-23 04:00:00.000,att,0,12879,2,0,0,0
CVE-1999-1415,Vulnerability in /usr/bin/mail in DEC ULTRIX before 4.2 allows local users to gain privileges.,8.6,UNKNOWN,UNKNOWN,UNKNOWN,1991-08-23 04:00:00.000,digital,0,12787,18,0,0,0
CVE-1999-1090,"The default configuration of NCSA Telnet package for Macintosh and PC enables FTP, even though it does not include an ""ftp=yes"" line, which allows remote attackers to read and modify arbitrary files.",8.6,UNKNOWN,UNKNOWN,UNKNOWN,1991-09-10 04:00:00.000,ncsa,0,12769,4,0,0,0
CVE-1999-0498,"TFTP is not running in a restricted directory, allowing a remote attacker to access sensitive information such as password files.",8.6,UNKNOWN,UNKNOWN,UNKNOWN,1991-09-27 04:00:00.000,UNKNOWN,0,12752,151,0,0,0
CVE-1999-1468,"rdist in various UNIX systems uses popen to execute sendmail, which allows local users to gain root privileges by modifying the IFS (Internal Field Separator) variable.",8.6,UNKNOWN,UNKNOWN,UNKNOWN,1991-10-22 04:00:00.000,next,0,12727,6,0,0,0
CVE-1999-0167,"In SunOS, NFS file handles could be guessed, giving unauthorized access to the exported file system.",8.6,UNKNOWN,UNKNOWN,UNKNOWN,1991-12-06 05:00:00.000,sun,0,12682,115,0,0,0
CVE-1999-1493,"Vulnerability in crp in Hewlett Packard Apollo Domain OS SR10 through SR10.3 allows remote attackers to gain root privileges via insecure system calls, (1) pad_$dm_cmd and (2) pad_$def_pfk().",8.6,UNKNOWN,UNKNOWN,UNKNOWN,1991-12-18 05:00:00.000,hp,0,12670,67,0,0,0
CVE-1999-1032,Vulnerability in LAT/Telnet Gateway (lattelnet) on Ultrix 4.1 and 4.2 allows attackers to gain root privileges.,8.6,UNKNOWN,UNKNOWN,UNKNOWN,1991-12-31 05:00:00.000,digital,0,12657,18,0,0,0
CVE-1999-1059,Vulnerability in rexec daemon (rexecd) in AT&T TCP/IP 4.0 for various SVR4 systems allows remote attackers to execute arbitrary commands.,8.6,UNKNOWN,UNKNOWN,UNKNOWN,1992-02-25 05:00:00.000,att,0,12601,2,0,0,0
CVE-1999-0627,"The rexd service is running, which uses weak authentication that can allow an attacker to execute commands.",8.6,UNKNOWN,UNKNOWN,UNKNOWN,1992-03-01 05:00:00.000,ibm,0,12596,55,0,0,0
CVE-1999-1121,The default configuration for UUCP in AIX before 3.2 allows local users to gain root privileges.,8.6,UNKNOWN,UNKNOWN,UNKNOWN,1992-03-19 05:00:00.000,ibm,0,12578,55,0,0,0
CVE-1999-0117,AIX passwd allows local users to gain root access.,8.6,UNKNOWN,UNKNOWN,UNKNOWN,1992-03-31 05:00:00.000,ibm,0,12566,55,0,0,0
CVE-1999-1119,"FTP installation script anon.ftp in AIX insecurely configures anonymous FTP, which allows remote attackers to execute arbitrary commands.",8.6,UNKNOWN,UNKNOWN,UNKNOWN,1992-04-27 04:00:00.000,ibm,0,12539,55,0,0,0
CVE-1999-1142,"SunOS 4.1.2 and earlier allows local users to gain privileges via ""LD_*"" environmental variables to certain dynamically linked setuid or setgid programs such as (1) login, (2) su, or (3) sendmail, that change the real and effective user ids to the same user.",8.6,UNKNOWN,UNKNOWN,UNKNOWN,1992-05-27 04:00:00.000,sun,0,12509,115,0,0,0
CVE-1999-0168,"The portmapper may act as a proxy and redirect service requests from an attacker, making the request appear to come from the local host, possibly bypassing authentication that would otherwise have taken place.  For example, NFS file systems could be mounted through the portmapper despite export restrictions.",8.6,UNKNOWN,UNKNOWN,UNKNOWN,1992-06-04 04:00:00.000,sun,0,12501,115,0,0,0
CVE-1999-0214,Denial of service by sending forged ICMP unreachable packets.,8.6,UNKNOWN,UNKNOWN,UNKNOWN,1992-07-21 04:00:00.000,sun,0,12454,115,0,0,0
CVE-1999-1396,Vulnerability in integer multiplication emulation code on SPARC architectures for SunOS 4.1 through 4.1.2 allows local users to gain root access or cause a denial of service (crash).,8.6,UNKNOWN,UNKNOWN,UNKNOWN,1992-07-21 04:00:00.000,sun,0,12454,115,0,0,0
CVE-1999-1395,Vulnerability in Monitor utility (SYS$SHARE:SPISHR.EXE) in VMS 5.0 through 5.4-2 allows local users to gain privileges.,8.6,UNKNOWN,UNKNOWN,UNKNOWN,1992-11-17 05:00:00.000,dec,0,12335,2,0,0,0
CVE-1999-1306,"Cisco IOS 9.1 and earlier does not properly handle extended IP access lists when the IP route cache is enabled and the ""established"" keyword is set, which could allow attackers to bypass filters.",8.6,UNKNOWN,UNKNOWN,UNKNOWN,1992-12-10 05:00:00.000,cisco,0,12312,41,0,0,0
CVE-1999-1466,"Vulnerability in Cisco routers versions 8.2 through 9.1 allows remote attackers to bypass access control lists when extended IP access lists are used on certain interfaces, the IP route cache is enabled, and the access list uses the ""established"" keyword.",8.6,UNKNOWN,UNKNOWN,UNKNOWN,1992-12-10 05:00:00.000,cisco,0,12312,41,0,0,0
CVE-1999-1021,"NFS on SunOS 4.1 through 4.1.2 ignores the high order 16 bits in a 32 bit UID, which allows a local user to gain root access if the lower 16 bits are set to 0, as fixed by the NFS jumbo patch upgrade.",8.6,UNKNOWN,UNKNOWN,UNKNOWN,1992-12-30 05:00:00.000,sun,0,12292,115,0,0,0
CVE-1999-1056,Rejected reason: DO NOT USE THIS CANDIDATE NUMBER.  ConsultIDs: CVE-1999-1395.  Reason: This candidate is a duplicate of CVE-1999-1395.  Notes: All CVE users should reference CVE-1999-1395 instead of this candidate.  All references and descriptions in this candidate have been removed to prevent accidental usage,8.6,UNKNOWN,UNKNOWN,UNKNOWN,1992-12-31 05:00:00.000,UNKNOWN,0,12291,151,0,0,0
CVE-1999-0312,HP ypbind allows attackers with root privileges to modify NIS data.,8.6,UNKNOWN,UNKNOWN,UNKNOWN,1993-01-13 05:00:00.000,hp,0,12278,67,0,0,0
CVE-1999-1507,Sun SunOS 4.1 through 4.1.3 allows local attackers to gain root access via insecure permissions on files and directories such as crash.,8.6,UNKNOWN,UNKNOWN,UNKNOWN,1993-02-03 05:00:00.000,sun,0,12257,115,0,0,0
CVE-1999-1218,Vulnerability in finger in Commodore Amiga UNIX 2.1p2a and earlier allows local users to read arbitrary files.,8.6,UNKNOWN,UNKNOWN,UNKNOWN,1993-02-18 05:00:00.000,commodore,0,12242,1,0,0,0
CVE-1999-1312,"Vulnerability in DEC OpenVMS VAX 5.5-2 through 5.0, and OpenVMS AXP 1.0, allows local users to gain system privileges.",8.6,UNKNOWN,UNKNOWN,UNKNOWN,1993-02-24 05:00:00.000,dec,0,12236,2,0,0,0
CVE-1999-1216,"Cisco routers 9.17 and earlier allow remote attackers to bypass security restrictions via certain IP source routed packets that should normally be denied using the ""no ip source-route"" command.",8.6,UNKNOWN,UNKNOWN,UNKNOWN,1993-04-22 04:00:00.000,cisco,0,12179,41,0,0,0
CVE-1999-1162,Vulnerability in passwd in SCO UNIX 4.0 and earlier allows attackers to cause a denial of service by preventing users from being able to log into the system.,8.6,UNKNOWN,UNKNOWN,UNKNOWN,1993-05-24 04:00:00.000,sco,0,12147,27,0,0,0
CVE-1999-0124,Vulnerabilities in UMN gopher and gopher+ versions 1.12 and 2.0x allow an intruder to read any files that can be accessed by the gopher daemon.,8.6,UNKNOWN,UNKNOWN,UNKNOWN,1993-08-09 04:00:00.000,university_of_minnesota,0,12070,1,0,0,0
CVE-1999-1215,"LOGIN.EXE program in Novell Netware 4.0 and 4.01 temporarily writes user name and password information to disk, which could allow local users to gain privileges.",8.6,UNKNOWN,UNKNOWN,UNKNOWN,1993-09-16 04:00:00.000,novell,0,12032,7,0,0,0
CVE-1999-1138,"SCO UNIX System V/386 Release 3.2, and other SCO products, installs the home directories (1) /tmp for the dos user, and (2) /usr/tmp for the asg user, which allows other users to gain access to those accounts since /tmp and /usr/tmp are world-writable.",8.6,UNKNOWN,UNKNOWN,UNKNOWN,1993-09-17 04:00:00.000,sco,0,12031,27,0,0,0
CVE-1999-1318,"/usr/5bin/su in SunOS 4.1.3 and earlier uses a search path that includes the current working directory (.), which allows local users to gain privileges via Trojan horse programs.",8.6,UNKNOWN,UNKNOWN,UNKNOWN,1993-09-17 04:00:00.000,sun,0,12031,115,0,0,0
CVE-1999-0145,"Sendmail WIZ command enabled, allowing root access.",8.6,UNKNOWN,UNKNOWN,UNKNOWN,1993-09-30 04:00:00.000,eric_allman,0,12018,13,0,0,0
CVE-1999-1137,"The permissions for the /dev/audio device on Solaris 2.2 and earlier, and SunOS 4.1.x, allow any local user to read from the device, which could be used by an attacker to monitor conversations happening near a machine that has a microphone.",8.6,UNKNOWN,UNKNOWN,UNKNOWN,1993-10-01 04:00:00.000,sun,0,12017,115,0,0,0
CVE-1999-0334,"In Solaris 2.2 and 2.3, when fsck fails on startup, it allows a local user with physical access to obtain root access.",8.6,UNKNOWN,UNKNOWN,UNKNOWN,1993-12-16 05:00:00.000,sun,0,11941,115,0,0,0
CVE-1999-0181,"The wall daemon can be used for denial of service, social engineering attacks, or to execute remote commands.",8.6,UNKNOWN,UNKNOWN,UNKNOWN,1994-01-01 05:00:00.000,rpc.walld,0,11925,1,0,0,0
CVE-1999-1242,Vulnerability in subnetconfig in HP-UX 9.01 and 9.0 allows local users to gain privileges.,8.6,UNKNOWN,UNKNOWN,UNKNOWN,1994-02-07 05:00:00.000,hp,0,11888,67,0,0,0
CVE-1999-0211,Extra long export lists over 256 characters in some mount daemons allows NFS directories to be mounted by anyone.,8.6,UNKNOWN,UNKNOWN,UNKNOWN,1994-02-14 05:00:00.000,sun,0,11881,115,0,0,0
CVE-1999-0338,AIX Licensed Program Product performance tools allow local users to gain root access.,8.6,UNKNOWN,UNKNOWN,UNKNOWN,1994-02-24 05:00:00.000,ibm,0,11871,55,0,0,0
CVE-1999-0120,Sun/Solaris utmp file allows local users to gain root access if it is writable by users other than root.,8.6,UNKNOWN,UNKNOWN,UNKNOWN,1994-03-21 05:00:00.000,sun,0,11846,115,0,0,0
CVE-1999-1135,"Vulnerability in VUE 3.0 in HP 9.x allows local users to gain root privileges, as fixed by PHSS_4994 and PHSS_5438.",8.6,UNKNOWN,UNKNOWN,UNKNOWN,1994-04-20 04:00:00.000,hp,0,11816,67,0,0,0
CVE-1999-1146,Vulnerability in Glance and gpm programs in GlancePlus for HP-UX 9.x and earlier allows local users to access arbitrary files and gain privileges.,8.6,UNKNOWN,UNKNOWN,UNKNOWN,1994-05-04 04:00:00.000,hp,0,11802,67,0,0,0
CVE-1999-1388,passwd in SunOS 4.1.x allows local users to overwrite arbitrary files via a symlink attack and the -F command line argument.,8.6,UNKNOWN,UNKNOWN,UNKNOWN,1994-05-13 04:00:00.000,sun,0,11793,115,0,0,0
CVE-1999-1134,"Vulnerability in Vue 3.0 in HP 9.x allows local users to gain root privileges, as fixed by PHSS_4038, PHSS_4055, and PHSS_4066.",8.6,UNKNOWN,UNKNOWN,UNKNOWN,1994-05-18 04:00:00.000,hp,0,11788,67,0,0,0
CVE-1999-0113,Some implementations of rlogin allow root access if given a -froot parameter.,8.6,UNKNOWN,UNKNOWN,UNKNOWN,1994-05-23 04:00:00.000,ibm,0,11783,55,0,0,0
CVE-1999-0423,Vulnerability in hpterm on HP-UX 10.20 allows local users to gain additional privileges.,8.6,UNKNOWN,UNKNOWN,UNKNOWN,1994-06-01 04:00:00.000,hp,0,11774,67,0,0,0
CVE-1999-0337,AIX batch queue (bsh) allows local and remote users to gain additional privileges when network printing is enabled.,8.6,UNKNOWN,UNKNOWN,UNKNOWN,1994-06-03 04:00:00.000,ibm,0,11772,55,0,0,0
CVE-1999-0207,"Remote attacker can execute commands through Majordomo using the Reply-To field and a ""lists"" command.",8.6,UNKNOWN,UNKNOWN,UNKNOWN,1994-06-09 04:00:00.000,great_circle_associates,0,11766,3,0,0,0
CVE-1999-1239,"HP-UX 9.x does not properly enable the Xauthority mechanism in certain conditions, which could allow local users to access the X display even when they have not explicitly been authorized to do so.",8.6,UNKNOWN,UNKNOWN,UNKNOWN,1994-07-13 04:00:00.000,hp,0,11732,67,0,0,0
CVE-1999-1552,"dpsexec (DPS Server) when running under XDM in IBM AIX 3.2.5 and earlier does not properly check privileges, which allows local users to overwrite arbitrary files and gain privileges.",8.6,UNKNOWN,UNKNOWN,UNKNOWN,1994-07-20 04:00:00.000,ibm,0,11725,55,0,0,0
CVE-1999-1494,"colorview in Silicon Graphics IRIX 5.1, 5.2, and 6.0 allows local attackers to read arbitrary files via the -text argument.",8.6,UNKNOWN,UNKNOWN,UNKNOWN,1994-08-09 04:00:00.000,sgi,0,11705,69,0,0,0
CVE-1999-1219,"Vulnerability in sgihelp in the SGI help system and print manager in IRIX 5.2 and earlier allows local users to gain root privileges, possibly through the clogin command.",8.6,UNKNOWN,UNKNOWN,UNKNOWN,1994-08-11 04:00:00.000,sgi,0,11703,69,0,0,0
CVE-1999-1238,Vulnerability in CORE-DIAG fileset in HP message catalog in HP-UX 9.05 and earlier allows local users to gain privileges.,8.6,UNKNOWN,UNKNOWN,UNKNOWN,1994-09-21 04:00:00.000,hp,0,11662,67,0,0,0
CVE-1999-1022,"serial_ports administrative program in IRIX 4.x and 5.x trusts the user's PATH environmental variable to find and execute the ls program, which allows local users to gain root privileges via a Trojan horse ls program.",8.6,UNKNOWN,UNKNOWN,UNKNOWN,1994-10-02 04:00:00.000,sgi,0,11651,69,0,0,0
CVE-1999-1310,Rejected reason: DO NOT USE THIS CANDIDATE NUMBER.  ConsultIDs: CVE-1999-1022.  Reason: This candidate is a duplicate of CVE-1999-1022.  Notes: All CVE users should reference CVE-1999-1022 instead of this candidate.  All references and descriptions in this candidate have been removed to prevent accidental usage,8.6,UNKNOWN,UNKNOWN,UNKNOWN,1994-11-04 05:00:00.000,UNKNOWN,0,11618,151,0,0,0
CVE-1999-1248,Vulnerability in Support Watch (aka SupportWatch) in HP-UX 8.0 through 9.0 allows local users to gain privileges.,8.6,UNKNOWN,UNKNOWN,UNKNOWN,1994-11-30 05:00:00.000,hp,0,11592,67,0,0,0
CVE-1999-1302,Unspecified vulnerability in pt_chmod in SCO UNIX 4.2 and earlier allows local users to gain root access.,8.6,UNKNOWN,UNKNOWN,UNKNOWN,1994-11-30 05:00:00.000,sco,0,11592,27,0,0,0
CVE-1999-1303,Vulnerability in prwarn in SCO UNIX 4.2 and earlier allows local users to gain root access.,8.6,UNKNOWN,UNKNOWN,UNKNOWN,1994-11-30 05:00:00.000,sco,0,11592,27,0,0,0
CVE-1999-1304,Vulnerability in login in SCO UNIX 4.2 and earlier allows local users to gain root access.,8.6,UNKNOWN,UNKNOWN,UNKNOWN,1994-11-30 05:00:00.000,sco,0,11592,27,0,0,0
CVE-1999-1305,"Vulnerability in ""at"" program in SCO UNIX 4.2 and earlier allows local users to gain root access.",8.6,UNKNOWN,UNKNOWN,UNKNOWN,1994-11-30 05:00:00.000,sco,0,11592,27,0,0,0
CVE-2000-0508,rpc.lockd in Red Hat Linux 6.1 and 6.2 allows remote attackers to cause a denial of service via a malformed request.,8.6,UNKNOWN,UNKNOWN,UNKNOWN,1994-12-19 05:00:00.000,debian,0,11573,26,0,0,0
CVE-1999-0077,Predictable TCP sequence numbers allow spoofing.,8.6,UNKNOWN,UNKNOWN,UNKNOWN,1995-01-01 05:00:00.000,microsoft,0,11560,245,0,0,0
CVE-1999-0232,Buffer overflow in NCSA WebServer (version 1.5c) gives remote access.,8.6,UNKNOWN,UNKNOWN,UNKNOWN,1995-02-01 05:00:00.000,ncsa_httpd_project,0,11529,1,0,0,0
CVE-1999-0235,Buffer overflow in NCSA WebServer (1.4.1 and below) gives remote access.,8.6,UNKNOWN,UNKNOWN,UNKNOWN,1995-02-17 05:00:00.000,ncsa,0,11513,4,0,0,0
CVE-1999-0242,Remote attackers can access mail files via POP3 in some Linux systems that are using shadow passwords.,8.6,UNKNOWN,UNKNOWN,UNKNOWN,1995-03-01 05:00:00.000,slackware,0,11501,12,0,0,0
CVE-1999-1098,Vulnerability in BSD Telnet client with encryption and Kerberos 4 authentication allows remote attackers to decrypt the session via sniffing.,8.6,UNKNOWN,UNKNOWN,UNKNOWN,1995-03-03 05:00:00.000,bsd,0,11499,3,0,0,0
CVE-1999-1243,SGI Desktop Permissions Tool in IRIX 6.0.1 and earlier allows local users to modify permissions for arbitrary files and gain privileges.,8.6,UNKNOWN,UNKNOWN,UNKNOWN,1995-03-03 05:00:00.000,sgi,0,11499,69,0,0,0
CVE-1999-0151,"The SATAN session key may be disclosed if the user points the web browser to other sites, possibly allowing root access.",8.6,UNKNOWN,UNKNOWN,UNKNOWN,1995-04-03 04:00:00.000,satan,0,11468,1,0,0,0
CVE-1999-1080,"rmmount in SunOS 5.7 may mount file systems without the nosuid flag set, contrary to the documentation and its use in previous versions of SunOS, which could allow local users with physical access to gain root privileges by mounting a floppy or CD-ROM that contains a setuid program and running volcheck, when the file systems do not have the nosuid option specified in rmmount.conf.",8.6,UNKNOWN,UNKNOWN,UNKNOWN,1995-05-10 04:00:00.000,sun,0,11431,115,0,0,0
CVE-1999-0066,AnyForm CGI remote execution.,9.8,NETWORK,NONE,NONE,1995-07-31 04:00:00.000,john_s._roberts,0,11349,1,1,1,1
CVE-1999-0161,"In Cisco IOS 10.3, with the tacacs-ds or tacacs keyword, an extended IP access control list could bypass filtering.",8.6,UNKNOWN,UNKNOWN,UNKNOWN,1995-07-31 04:00:00.000,cisco,0,11349,41,0,0,0
CVE-1999-0172,FormMail CGI program allows remote execution of commands.,8.6,UNKNOWN,UNKNOWN,UNKNOWN,1995-08-02 04:00:00.000,matt_wright,0,11347,9,0,0,0
CVE-1999-0203,"In Sendmail, attackers can gain root privileges via SMTP by specifying an improper ""mail from"" address and an invalid ""rcpt to"" address that would cause the mail to bounce to a program.",8.6,UNKNOWN,UNKNOWN,UNKNOWN,1995-08-17 04:00:00.000,eric_allman,0,11332,13,0,0,0
CVE-1999-1580,"SunOS sendmail 5.59 through 5.65 uses popen to process a forwarding host argument, which allows local users to gain root privileges by modifying the IFS (Internal Field Separator) variable and passing crafted values to the -oR option.",8.6,UNKNOWN,UNKNOWN,UNKNOWN,1995-08-23 04:00:00.000,sendmail,0,11326,4,0,0,0
CVE-1999-0164,A race condition in the Solaris ps command allows an attacker to overwrite critical files.,8.6,UNKNOWN,UNKNOWN,UNKNOWN,1995-08-29 04:00:00.000,sun,0,11320,115,0,0,0
CVE-1999-0155,The ghostscript command with the -dSAFER option allows remote attackers to execute commands.,8.6,UNKNOWN,UNKNOWN,UNKNOWN,1995-08-31 04:00:00.000,aladdin_enterprises,0,11318,1,0,0,0
CVE-1999-0245,"Some configurations of NIS+ in Linux allowed attackers to log in as the user ""+"".",8.6,UNKNOWN,UNKNOWN,UNKNOWN,1995-09-07 04:00:00.000,linux,0,11311,24,0,0,0
CVE-1999-0218,Livingston portmaster machines could be rebooted via a series of commands.,8.6,UNKNOWN,UNKNOWN,UNKNOWN,1995-10-01 04:00:00.000,livingston_portmaster,0,11287,2,0,0,0
CVE-1999-0073,"Telnet allows a remote client to specify environment variables including LD_LIBRARY_PATH, allowing an attacker to bypass the normal system libraries and gain root access.",8.6,UNKNOWN,UNKNOWN,UNKNOWN,1995-10-13 04:00:00.000,sgi,0,11275,69,0,0,0
CVE-1999-0099,Buffer overflow in syslog utility allows local or remote attackers to gain root privileges.,8.6,UNKNOWN,UNKNOWN,UNKNOWN,1995-10-19 04:00:00.000,bsdi,0,11269,16,0,0,0
CVE-1999-0241,"Guessable magic cookies in X Windows allows remote attackers to execute commands, e.g. through xterm.",8.6,UNKNOWN,UNKNOWN,UNKNOWN,1995-11-01 05:00:00.000,xfree86_project,0,11256,3,0,0,0
CVE-1999-0080,"Certain configurations of wu-ftp FTP server 2.4 use a _PATH_EXECPATH setting to a directory with dangerous commands, such as /bin, which allows remote authenticated users to gain root access via the ""site exec"" command.",8.6,UNKNOWN,UNKNOWN,UNKNOWN,1995-11-30 05:00:00.000,washington_university,0,11227,7,0,0,0
CVE-1999-0123,Race condition in Linux mailx command allows local users to read user files.,8.6,UNKNOWN,UNKNOWN,UNKNOWN,1995-12-01 05:00:00.000,slackware,0,11226,12,0,0,0
CVE-1999-0316,Buffer overflow in Linux splitvt command gives root access to local users.,8.6,UNKNOWN,UNKNOWN,UNKNOWN,1995-12-01 05:00:00.000,sam_lantinga,0,11226,1,0,0,0
CVE-1999-0325,vhe_u_mnt program in HP-UX allows local users to create root files through symlinks.,8.6,UNKNOWN,UNKNOWN,UNKNOWN,1995-12-01 05:00:00.000,hp,0,11226,67,0,0,0
CVE-1999-0208,rpc.ypupdated (NIS) allows remote users to execute arbitrary commands.,8.6,UNKNOWN,UNKNOWN,UNKNOWN,1995-12-12 05:00:00.000,sgi,0,11215,69,0,0,0
CVE-1999-1186,"rxvt, when compiled with the PRINT_PIPE option in various Linux operating systems including Linux Slackware 3.0 and RedHat 2.1, allows local users to gain root privileges by specifying a malicious program using the -print-pipe command line parameter.",8.6,UNKNOWN,UNKNOWN,UNKNOWN,1996-01-02 05:00:00.000,rxvt,0,11194,1,0,0,0
CVE-1999-1319,Vulnerability in object server program in SGI IRIX 5.2 through 6.1 allows remote attackers to gain root privileges in certain configurations.,8.6,UNKNOWN,UNKNOWN,UNKNOWN,1996-01-03 05:00:00.000,sgi,0,11193,69,0,0,0
CVE-1999-1491,"abuse.console in Red Hat 2.1 uses relative pathnames to find and execute the undrv program, which allows local users to execute arbitrary commands via a path that points to a Trojan horse program.",8.6,UNKNOWN,UNKNOWN,UNKNOWN,1996-02-02 05:00:00.000,redhat,0,11163,24,0,0,0
CVE-1999-0103,"Echo and chargen, or other combinations of UDP services, can be used in tandem to flood the server, a.k.a. UDP bomb or UDP packet storm.",8.6,UNKNOWN,UNKNOWN,UNKNOWN,1996-02-08 05:00:00.000,UNKNOWN,0,11157,151,0,0,0
CVE-1999-0143,Kerberos 4 key servers allow a user to masquerade as another by breaking and generating session keys.,8.6,UNKNOWN,UNKNOWN,UNKNOWN,1996-02-21 05:00:00.000,mit,0,11144,3,0,0,0
CVE-1999-0233,IIS 1.0 allows users to execute arbitrary commands using .bat or .cmd files.,8.6,UNKNOWN,UNKNOWN,UNKNOWN,1996-02-25 05:00:00.000,microsoft,0,11140,245,0,0,0
CVE-1999-0142,The Java Applet Security Manager implementation in Netscape Navigator 2.0 and Java Developer's Kit 1.0 allows an applet to connect to arbitrary hosts.,8.6,UNKNOWN,UNKNOWN,UNKNOWN,1996-03-01 05:00:00.000,netscape,0,11135,27,0,0,0
CVE-1999-0067,phf CGI program allows remote command execution through shell metacharacters.,8.6,UNKNOWN,UNKNOWN,UNKNOWN,1996-03-20 05:00:00.000,apache,0,11116,18,0,0,0
CVE-1999-0141,Java Bytecode Verifier allows malicious applets to execute arbitrary commands as the user of the applet.,8.6,UNKNOWN,UNKNOWN,UNKNOWN,1996-03-29 05:00:00.000,netscape,0,11107,27,0,0,0
CVE-1999-0070,test-cgi program allows an attacker to list files on the server.,8.6,UNKNOWN,UNKNOWN,UNKNOWN,1996-04-01 05:00:00.000,apache,0,11104,18,0,0,0
CVE-1999-1103,dxconsole in DEC OSF/1 3.2C and earlier allows local users to read arbitrary files by specifying the file with the -file parameter.,8.6,UNKNOWN,UNKNOWN,UNKNOWN,1996-04-03 05:00:00.000,digital,0,11102,18,0,0,0
CVE-1999-0078,"pcnfsd (aka rpc.pcnfsd) allows local users to change file permissions, or execute arbitrary commands through arguments in the RPC call.",8.6,UNKNOWN,UNKNOWN,UNKNOWN,1996-04-18 04:00:00.000,ncr,0,11087,2,0,0,0
CVE-1999-0019,"Delete or create a file via rpc.statd, due to invalid information.",8.6,UNKNOWN,UNKNOWN,UNKNOWN,1996-04-24 04:00:00.000,data_general,0,11081,6,0,0,0
CVE-1999-1314,"Vulnerability in union file system in FreeBSD 2.2 and earlier, and possibly other operating systems, allows local users to cause a denial of service (system reload) via a series of certain mount_union commands.",8.6,UNKNOWN,UNKNOWN,UNKNOWN,1996-05-17 04:00:00.000,freebsd,0,11058,33,0,0,0
CVE-1999-1313,Manual page reader (man) in FreeBSD 2.2 and earlier allows local users to gain privileges via a sequence of commands.,8.6,UNKNOWN,UNKNOWN,UNKNOWN,1996-05-23 04:00:00.000,freebsd,0,11052,33,0,0,0
CVE-1999-0522,The permissions for a system-critical NIS+ table (e.g. passwd) are inappropriate.,8.6,UNKNOWN,UNKNOWN,UNKNOWN,1996-05-28 04:00:00.000,UNKNOWN,0,11047,151,0,0,0
CVE-1999-0509,"Perl, sh, csh, or other shell interpreters are installed in the cgi-bin directory on a WWW site, which allows remote attackers to execute arbitrary commands.",8.6,UNKNOWN,UNKNOWN,UNKNOWN,1996-05-29 04:00:00.000,UNKNOWN,0,11046,151,0,0,0
CVE-1999-1205,"nettune in HP-UX 10.01 and 10.00 is installed setuid root, which allows local users to cause a denial of service by modifying critical networking configuration information.",8.6,UNKNOWN,UNKNOWN,UNKNOWN,1996-06-07 04:00:00.000,hp,0,11037,67,0,0,0
CVE-1999-1253,"Vulnerability in a kernel error handling routine in SCO OpenServer 5.0.2 and earlier, and SCO Internet FastStart 1.0, allows local users to gain root privileges.",8.6,UNKNOWN,UNKNOWN,UNKNOWN,1996-06-07 04:00:00.000,sco,0,11037,27,0,0,0
CVE-1999-0138,"The suidperl and sperl program do not give up root privileges when changing UIDs back to the original users, allowing root access.",8.6,UNKNOWN,UNKNOWN,UNKNOWN,1996-06-26 04:00:00.000,apple,0,11018,32,0,0,0
CVE-1999-0175,The convert.bas program in the Novell web server allows a remote attackers to read any file on the system that is internally accessible by the web server.,8.6,UNKNOWN,UNKNOWN,UNKNOWN,1996-07-01 04:00:00.000,novell,0,11013,7,0,0,0
CVE-1999-0022,"Local user gains root privileges via buffer overflow in rdist, via expstr() function.",7.8,LOCAL,LOW,NONE,1996-07-03 04:00:00.000,sgi,0,11011,69,0,1,0
CVE-1999-0137,The dip program on many Linux systems allows local users to gain root access via a buffer overflow.,8.6,UNKNOWN,UNKNOWN,UNKNOWN,1996-07-09 04:00:00.000,fred_n._van_kempen,0,11005,1,0,0,0
CVE-1999-1301,"A design flaw in the Z-Modem protocol allows the remote sender of a file to execute arbitrary programs on the client, as implemented in rz in the rzsz module of FreeBSD before 2.1.5, and possibly other programs.",8.6,UNKNOWN,UNKNOWN,UNKNOWN,1996-07-16 04:00:00.000,freebsd,0,10998,33,0,0,0
CVE-1999-1572,"cpio on FreeBSD 2.1.0, Debian GNU/Linux 3.0, and possibly other operating systems, uses a 0 umask when creating files using the -O (archive) or -F options, which creates the files with mode 0666 and allows local users to read or overwrite those files.",8.6,UNKNOWN,UNKNOWN,UNKNOWN,1996-07-16 04:00:00.000,debian,0,10998,26,0,0,0
CVE-1999-0023,"Local user gains root privileges via buffer overflow in rdist, via lookup() function.",8.6,UNKNOWN,UNKNOWN,UNKNOWN,1996-07-24 04:00:00.000,inet,0,10990,1,0,0,0
CVE-1999-0135,admintool in Solaris allows a local user to write to arbitrary files and gain root access.,8.6,UNKNOWN,UNKNOWN,UNKNOWN,1996-07-25 04:00:00.000,sun,0,10989,115,0,0,0
CVE-1999-0136,Kodak Color Management System (KCMS) on Solaris allows a local user to write to arbitrary files and gain root access.,8.6,UNKNOWN,UNKNOWN,UNKNOWN,1996-07-31 04:00:00.000,sun,0,10983,115,0,0,0
CVE-1999-0335,Rejected reason: DO NOT USE THIS CANDIDATE NUMBER. ConsultIDs: CVE-1999-0032. Reason: This candidate is a duplicate of CVE-1999-0032. Notes: All CVE users should reference CVE-1999-0032 instead of this candidate. All references and descriptions in this candidate have been removed to prevent accidental usage,8.6,UNKNOWN,UNKNOWN,UNKNOWN,1996-08-01 04:00:00.000,UNKNOWN,0,10982,151,0,0,0
CVE-1999-1413,"Solaris 2.4 before kernel jumbo patch -35 allows set-gid programs to dump core even if the real user id is not in the set-gid group, which allows local users to overwrite or create files at higher privileges by causing a core dump, e.g. through dmesg.",8.6,UNKNOWN,UNKNOWN,UNKNOWN,1996-08-03 04:00:00.000,sun,0,10980,115,0,0,0
CVE-1999-0134,vold in Solaris 2.x allows local users to gain root access.,8.6,UNKNOWN,UNKNOWN,UNKNOWN,1996-08-06 04:00:00.000,sun,0,10977,115,0,0,0
CVE-1999-0133,fm_fls license server for Adobe Framemaker allows local users to overwrite arbitrary files and gain root access.,8.6,UNKNOWN,UNKNOWN,UNKNOWN,1996-08-14 04:00:00.000,adobe,0,10969,15,0,0,0
CVE-1999-0132,"Expreserve, as used in vi and ex, allows local users to overwrite arbitrary files and gain root access.",8.6,UNKNOWN,UNKNOWN,UNKNOWN,1996-08-15 04:00:00.000,hp,0,10968,67,0,0,0
CVE-1999-0085,Buffer overflow in rwhod on AIX and other operating systems allows remote attackers to execute arbitrary code via a UDP packet with a long hostname.,8.6,UNKNOWN,UNKNOWN,UNKNOWN,1996-08-21 04:00:00.000,freebsd,0,10962,33,0,0,0
CVE-1999-1187,Pine before version 3.94 allows local users to gain privileges via a symlink attack on a lockfile that is created when a user receives new mail.,8.6,UNKNOWN,UNKNOWN,UNKNOWN,1996-08-26 04:00:00.000,university_of_washington,0,10957,7,0,0,0
CVE-1999-1309,Sendmail before 8.6.7 allows local users to gain root access via a large value in the debug (-d) command line option.,8.6,UNKNOWN,UNKNOWN,UNKNOWN,1996-08-30 04:00:00.000,sendmail,0,10953,4,0,0,0
CVE-1999-0324,ppl program in HP-UX allows local users to create root files through symlinks.,8.6,UNKNOWN,UNKNOWN,UNKNOWN,1996-09-01 04:00:00.000,hp,0,10951,67,0,0,0
CVE-1999-1252,Vulnerability in a certain system call in SCO UnixWare 2.0.x and 2.1.0 allows local users to access arbitrary files and gain root privileges.,8.6,UNKNOWN,UNKNOWN,UNKNOWN,1996-09-04 04:00:00.000,sco,0,10948,27,0,0,0
CVE-1999-0131,Buffer overflow and denial of service in Sendmail 8.7.5 and earlier through GECOS field gives root access to local users.,8.6,UNKNOWN,UNKNOWN,UNKNOWN,1996-09-11 04:00:00.000,eric_allman,0,10941,13,0,0,0
CVE-1999-1383,"(1) bash before 1.14.7, and (2) tcsh 6.05 allow local users to gain privileges via directory names that contain shell metacharacters (` back-tick), which can cause the commands enclosed in the directory name to be executed when the shell expands filenames using the \w option in the PS1 variable.",8.6,UNKNOWN,UNKNOWN,UNKNOWN,1996-09-13 04:00:00.000,gnu,0,10939,11,0,0,0
CVE-1999-1295,"Transarc DCE Distributed File System (DFS) 1.1 for Solaris 2.4 and 2.5 does not properly initialize the grouplist for users who belong to a large number of groups, which could allow those users to gain access to resources that are protected by DFS.",8.6,UNKNOWN,UNKNOWN,UNKNOWN,1996-09-17 04:00:00.000,transarc,0,10935,1,0,0,0
CVE-1999-0116,"Denial of service when an attacker sends many SYN packets to create multiple connections without ever sending an ACK to complete the connection, aka SYN flood.",8.6,UNKNOWN,UNKNOWN,UNKNOWN,1996-09-19 04:00:00.000,ibm,0,10933,55,0,0,0
CVE-1999-0961,HPUX sysdiag allows local users to gain root privileges via a symlink attack during log file creation.,8.6,UNKNOWN,UNKNOWN,UNKNOWN,1996-09-21 04:00:00.000,hp,0,10931,67,0,0,0
CVE-1999-0206,MIME buffer overflow in Sendmail 8.8.0 and 8.8.1 gives root access.,8.6,UNKNOWN,UNKNOWN,UNKNOWN,1996-10-01 04:00:00.000,eric_allman,0,10921,13,0,0,0
CVE-1999-0246,HP Remote Watch allows a remote user to gain root access.,8.6,UNKNOWN,UNKNOWN,UNKNOWN,1996-10-01 04:00:00.000,hp,0,10921,67,0,0,0
CVE-1999-0308,HP-UX gwind program allows users to modify arbitrary files.,8.6,UNKNOWN,UNKNOWN,UNKNOWN,1996-10-01 04:00:00.000,hp,0,10921,67,0,0,0
CVE-1999-0319,Buffer overflow in xmcd 2.1 allows local users to gain access through a user resource setting.,8.6,UNKNOWN,UNKNOWN,UNKNOWN,1996-10-01 04:00:00.000,UNKNOWN,0,10921,151,0,0,0
CVE-1999-0234,Bash treats any character with a value of 255 as a command separator.,8.6,UNKNOWN,UNKNOWN,UNKNOWN,1996-10-08 04:00:00.000,yggdrasil,0,10914,1,0,0,0
CVE-1999-0075,PASV core dump in wu-ftpd daemon when attacker uses a QUOTE PASV command after specifying a username and password.,8.6,UNKNOWN,UNKNOWN,UNKNOWN,1996-10-16 04:00:00.000,washington_university,0,10906,7,0,0,0
CVE-1999-0032,"Buffer overflow in lpr, as used in BSD-based systems including Linux, allows local users to execute arbitrary code as root via a long -C (classification) command line option.",8.6,UNKNOWN,UNKNOWN,UNKNOWN,1996-10-25 04:00:00.000,sgi,0,10897,69,0,0,0
CVE-1999-0277,The WorkMan program can be used to overwrite any file to get root access.,8.6,UNKNOWN,UNKNOWN,UNKNOWN,1996-10-28 05:00:00.000,sun,0,10894,115,0,0,0
CVE-1999-1384,"Indigo Magic System Tour in the SGI system tour package (systour) for IRIX 5.x through 6.3 allows local users to gain root privileges via a Trojan horse .exitops program, which is called by the inst command that is executed by the RemoveSystemTour program.",8.6,UNKNOWN,UNKNOWN,UNKNOWN,1996-10-30 05:00:00.000,sgi,0,10892,69,0,0,0
CVE-1999-0311,fpkg2swpk in HP-UX allows local users to gain root access.,8.6,UNKNOWN,UNKNOWN,UNKNOWN,1996-11-01 05:00:00.000,hp,0,10890,67,0,0,0
CVE-1999-0336,Buffer overflow in mstm in HP-UX allows local users to gain root access.,8.6,UNKNOWN,UNKNOWN,UNKNOWN,1996-11-01 05:00:00.000,hp,0,10890,67,0,0,0
CVE-1999-1161,Vulnerability in ppl in HP-UX 10.x and earlier allows local users to gain root privileges by forcing ppl to core dump.,8.6,UNKNOWN,UNKNOWN,UNKNOWN,1996-11-03 05:00:00.000,hp,0,10888,67,0,0,0
CVE-1999-0130,Local users can start Sendmail in daemon mode and gain root privileges.,8.6,UNKNOWN,UNKNOWN,UNKNOWN,1996-11-16 05:00:00.000,caldera,0,10875,9,0,0,0
CVE-1999-1221,dxchpwd in Digital Unix (OSF/1) 3.x allows local users to modify arbitrary files via a symlink attack on the dxchpwd.log file.,8.6,UNKNOWN,UNKNOWN,UNKNOWN,1996-11-17 05:00:00.000,digital,0,10874,18,0,0,0
CVE-1999-1099,Kerberos 4 allows remote attackers to obtain sensitive information via a malformed UDP packet that generates an error string that inadvertently includes the realm name and the last user.,8.6,UNKNOWN,UNKNOWN,UNKNOWN,1996-11-22 05:00:00.000,kth,0,10869,1,0,0,0
CVE-1999-1240,Buffer overflow in cddbd CD database server allows remote attackers to execute arbitrary commands via a long log message.,8.6,UNKNOWN,UNKNOWN,UNKNOWN,1996-11-26 05:00:00.000,gracenote,0,10865,1,0,0,0
CVE-1999-0050,Buffer overflow in HP-UX newgrp program.,8.6,UNKNOWN,UNKNOWN,UNKNOWN,1996-12-01 05:00:00.000,hp,0,10860,67,0,0,0
CVE-1999-0044,fsdump command in IRIX allows local users to obtain root access by modifying sensitive files.,8.6,UNKNOWN,UNKNOWN,UNKNOWN,1996-12-03 05:00:00.000,sgi,0,10858,69,0,0,0
CVE-1999-0129,Sendmail allows local users to write to a file and gain group permissions via a .forward or :include: file.,8.6,UNKNOWN,UNKNOWN,UNKNOWN,1996-12-03 05:00:00.000,eric_allman,0,10858,13,0,0,0
CVE-1999-0043,"Command execution via shell metachars in INN daemon (innd) 1.5 using ""newgroup"" and ""rmgroup"" control messages, and others.",9.8,NETWORK,NONE,NONE,1996-12-04 05:00:00.000,isc,0,10857,14,1,1,1
CVE-1999-1401,Vulnerability in Desktop searchbook program in IRIX 5.0.x through 6.2 sets insecure permissions for certain user files (iconbook and searchbook).,8.6,UNKNOWN,UNKNOWN,UNKNOWN,1996-12-05 05:00:00.000,sgi,0,10856,69,0,0,0
CVE-1999-0045,List of arbitrary files on Web host via nph-test-cgi script.,8.6,UNKNOWN,UNKNOWN,UNKNOWN,1996-12-10 05:00:00.000,apache,0,10851,18,0,0,0
CVE-1999-0096,Sendmail decode alias can be used to overwrite sensitive files.,8.6,UNKNOWN,UNKNOWN,UNKNOWN,1996-12-10 05:00:00.000,bsdi,0,10851,16,0,0,0
CVE-1999-0101,"Buffer overflow in AIX and Solaris ""gethostbyname"" library call allows root access through corrupt DNS host names.",8.6,UNKNOWN,UNKNOWN,UNKNOWN,1996-12-10 05:00:00.000,ibm,0,10851,55,0,0,0
CVE-1999-0297,Buffer overflow in Vixie Cron library up to version 3.0 allows local users to obtain root access via a long environmental variable.,8.6,UNKNOWN,UNKNOWN,UNKNOWN,1996-12-12 05:00:00.000,paul_vixie,0,10849,3,0,0,0
CVE-1999-1089,Buffer overflow in chfn command in HP-UX 9.X through 10.20 allows local users to gain privileges via a long command line argument.,8.6,UNKNOWN,UNKNOWN,UNKNOWN,1996-12-13 05:00:00.000,hp,0,10848,67,0,0,0
CVE-1999-0128,"Oversized ICMP ping packets can result in a denial of service, aka Ping o' Death.",8.6,UNKNOWN,UNKNOWN,UNKNOWN,1996-12-18 05:00:00.000,digital,0,10843,18,0,0,0
CVE-1999-0127,swinstall and swmodify commands in SD-UX package in HP-UX systems allow local users to create or overwrite arbitrary files to gain root access.,8.6,UNKNOWN,UNKNOWN,UNKNOWN,1996-12-19 05:00:00.000,hp,0,10842,67,0,0,0
CVE-1999-1385,Buffer overflow in ppp program in FreeBSD 2.1 and earlier allows local users to gain privileges via a long HOME environment variable.,8.6,UNKNOWN,UNKNOWN,UNKNOWN,1996-12-19 05:00:00.000,freebsd,0,10842,33,0,0,0
CVE-1999-1026,aspppd on Solaris 2.5 x86 allows local users to modify arbitrary files and gain root privileges via a symlink attack on the /tmp/.asppp.fifo file.,8.6,UNKNOWN,UNKNOWN,UNKNOWN,1996-12-20 05:00:00.000,sun,0,10841,115,0,0,0
CVE-1999-0260,The jj CGI program allows command execution via shell metacharacters.,8.6,UNKNOWN,UNKNOWN,UNKNOWN,1996-12-24 05:00:00.000,renaud_deraison,0,10837,2,0,0,0
CVE-1999-1251,Vulnerability in direct audio user space code on HP-UX 10.20 and 10.10 allows local users to cause a denial of service.,8.6,UNKNOWN,UNKNOWN,UNKNOWN,1996-12-24 05:00:00.000,hp,0,10837,67,0,0,0
CVE-1999-0100,"Remote access in AIX innd 1.5.1, using control messages.",8.6,UNKNOWN,UNKNOWN,UNKNOWN,1997-01-01 05:00:00.000,isc,0,10829,14,0,0,0
CVE-1999-0163,"In older versions of Sendmail, an attacker could use a pipe character to execute root commands.",8.6,UNKNOWN,UNKNOWN,UNKNOWN,1997-01-01 05:00:00.000,eric_allman,0,10829,13,0,0,0
CVE-1999-0166,"NFS allows users to use a ""cd .."" command to access other directories besides the exported file system.",8.6,UNKNOWN,UNKNOWN,UNKNOWN,1997-01-01 05:00:00.000,sun,0,10829,115,0,0,0
CVE-1999-0170,"Remote attackers can mount an NFS file system in Ultrix or OSF, even if it is denied on the access list.",8.6,UNKNOWN,UNKNOWN,UNKNOWN,1997-01-01 05:00:00.000,digital,0,10829,18,0,0,0
CVE-1999-0171,Denial of service in syslog by sending it a large number of superfluous messages.,8.6,UNKNOWN,UNKNOWN,UNKNOWN,1997-01-01 05:00:00.000,linux,0,10829,24,0,0,0
CVE-1999-0173,FormMail CGI program can be used by web servers other than the host server that the program resides on.,8.6,UNKNOWN,UNKNOWN,UNKNOWN,1997-01-01 05:00:00.000,matt_wright,0,10829,9,0,0,0
CVE-1999-0178,Buffer overflow in the win-c-sample program (win-c-sample.exe) in the WebSite web server 1.1e allows remote attackers to execute arbitrary code via a long query string.,8.6,UNKNOWN,UNKNOWN,UNKNOWN,1997-01-01 05:00:00.000,oreilly,0,10829,3,0,0,0
CVE-1999-0179,"Windows NT crashes or locks up when a Samba client executes a ""cd .."" command on a file share.",8.6,UNKNOWN,UNKNOWN,UNKNOWN,1997-01-01 05:00:00.000,microsoft,0,10829,245,0,0,0
CVE-1999-0180,in.rshd allows users to login with a NULL username and execute commands.,8.6,UNKNOWN,UNKNOWN,UNKNOWN,1997-01-01 05:00:00.000,UNKNOWN,0,10829,151,0,0,0
CVE-1999-0201,"A quote cwd command on FTP servers can reveal the full path of the home directory of the ""ftp"" user.",8.6,UNKNOWN,UNKNOWN,UNKNOWN,1997-01-01 05:00:00.000,ftp,0,10829,3,0,0,0
CVE-1999-0202,"The GNU tar command, when used in FTP sessions, may allow an attacker to execute arbitrary commands.",8.6,UNKNOWN,UNKNOWN,UNKNOWN,1997-01-01 05:00:00.000,university_of_washington,0,10829,7,0,0,0
CVE-1999-0204,"Sendmail 8.6.9 allows remote attackers to execute root commands, using ident.",8.6,UNKNOWN,UNKNOWN,UNKNOWN,1997-01-01 05:00:00.000,eric_allman,0,10829,13,0,0,0
CVE-1999-0217,Malicious option settings in UDP packets could force a reboot in SunOS 4.1.3 systems.,8.6,UNKNOWN,UNKNOWN,UNKNOWN,1997-01-01 05:00:00.000,sun,0,10829,115,0,0,0
CVE-1999-0236,ScriptAlias directory in NCSA and Apache httpd allowed attackers to read CGI programs.,7.5,NETWORK,NONE,NONE,1997-01-01 05:00:00.000,apache,0,10829,18,1,1,1
CVE-1999-0249,Windows NT RSHSVC program allows remote users to execute arbitrary commands.,8.6,UNKNOWN,UNKNOWN,UNKNOWN,1997-01-01 05:00:00.000,microsoft,0,10829,245,0,0,0
CVE-1999-0251,Denial of service in talk program allows remote attackers to disrupt a user's display.,8.6,UNKNOWN,UNKNOWN,UNKNOWN,1997-01-01 05:00:00.000,talkd,0,10829,1,0,0,0
CVE-1999-0252,Buffer overflow in listserv allows arbitrary command execution.,8.6,UNKNOWN,UNKNOWN,UNKNOWN,1997-01-01 05:00:00.000,lsoft,0,10829,1,0,0,0
CVE-1999-0253,IIS 3.0 with the iis-fix hotfix installed allows remote intruders to read source code for ASP programs by using a %2e instead of a . (dot) in the URL.,8.6,UNKNOWN,UNKNOWN,UNKNOWN,1997-01-01 05:00:00.000,microsoft,0,10829,245,0,0,0
CVE-1999-0265,ICMP redirect messages may crash or lock up a host.,8.6,UNKNOWN,UNKNOWN,UNKNOWN,1997-01-01 05:00:00.000,microware,0,10829,1,0,0,0
CVE-1999-0274,Denial of service in Windows NT DNS servers through malicious packet which contains a response to a query that wasn't made.,8.6,UNKNOWN,UNKNOWN,UNKNOWN,1997-01-01 05:00:00.000,microsoft,0,10829,245,0,0,0
CVE-1999-0345,Jolt ICMP attack causes a denial of service in Windows 95 and Windows NT systems.,8.6,UNKNOWN,UNKNOWN,UNKNOWN,1997-01-01 05:00:00.000,freebsd,0,10829,33,0,0,0
CVE-1999-0496,"A Windows NT 4.0 user can gain administrative rights by forcing NtOpenProcessToken to succeed regardless of the user's permissions, aka GetAdmin.",8.6,UNKNOWN,UNKNOWN,UNKNOWN,1997-01-01 05:00:00.000,microsoft,0,10829,245,0,0,0
CVE-1999-0499,NETBIOS share information may be published through SNMP registry keys in NT.,8.6,UNKNOWN,UNKNOWN,UNKNOWN,1997-01-01 05:00:00.000,microsoft,0,10829,245,0,0,0
CVE-1999-0503,A Windows NT local user or administrator account has a guessable password.,8.6,UNKNOWN,UNKNOWN,UNKNOWN,1997-01-01 05:00:00.000,microsoft,0,10829,245,0,0,0
CVE-1999-0504,"A Windows NT local user or administrator account has a default, null, blank, or missing password.",8.6,UNKNOWN,UNKNOWN,UNKNOWN,1997-01-01 05:00:00.000,microsoft,0,10829,245,0,0,0
CVE-1999-0510,A router or firewall allows source routed packets from arbitrary hosts.,8.6,UNKNOWN,UNKNOWN,UNKNOWN,1997-01-01 05:00:00.000,UNKNOWN,0,10829,151,0,0,0
CVE-1999-0511,IP forwarding is enabled on a machine which is not a router or firewall.,9.1,NETWORK,NONE,NONE,1997-01-01 05:00:00.000,microsoft,0,10829,245,1,1,1
CVE-1999-0517,"An SNMP community name is the default (e.g. public), null, or missing.",5.9,LOCAL,NONE,NONE,1997-01-01 05:00:00.000,hp,0,10829,67,1,1,0
CVE-1999-0518,A NETBIOS/SMB share password is guessable.,8.6,UNKNOWN,UNKNOWN,UNKNOWN,1997-01-01 05:00:00.000,microsoft,0,10829,245,0,0,0
CVE-1999-0519,"A NETBIOS/SMB share password is the default, null, or missing.",8.6,UNKNOWN,UNKNOWN,UNKNOWN,1997-01-01 05:00:00.000,microsoft,0,10829,245,0,0,0
CVE-1999-0521,An NIS domain name is easily guessable.,8.6,UNKNOWN,UNKNOWN,UNKNOWN,1997-01-01 05:00:00.000,UNKNOWN,0,10829,151,0,0,0
CVE-1999-0525,IP traceroute is allowed from arbitrary hosts.,8.6,UNKNOWN,UNKNOWN,UNKNOWN,1997-01-01 05:00:00.000,UNKNOWN,0,10829,151,0,0,0
CVE-1999-0534,"A Windows NT user has inappropriate rights or privileges, e.g. Act as System, Add Workstation, Backup, Change System Time, Create Pagefile, Create Permanent Object, Create Token Name, Debug, Generate Security Audit, Increase Priority, Increase Quota, Load Driver, Lock Memory, Profile Single Process, Remote Shutdown, Replace Process Token, Restore, System Environment, Take Ownership, or Unsolicited Input.",8.6,UNKNOWN,UNKNOWN,UNKNOWN,1997-01-01 05:00:00.000,microsoft,0,10829,245,0,0,0
CVE-1999-0535,"A Windows NT account policy for passwords has inappropriate, security-critical settings, e.g. for password length, password age, or uniqueness.",8.6,UNKNOWN,UNKNOWN,UNKNOWN,1997-01-01 05:00:00.000,microsoft,0,10829,245,0,0,0
CVE-1999-0550,A router's routing tables can be obtained from arbitrary hosts.,8.6,UNKNOWN,UNKNOWN,UNKNOWN,1997-01-01 05:00:00.000,UNKNOWN,0,10829,151,0,0,0
CVE-1999-0562,The registry in Windows NT can be accessed remotely by users who are not administrators.,8.6,UNKNOWN,UNKNOWN,UNKNOWN,1997-01-01 05:00:00.000,microsoft,0,10829,245,0,0,0
CVE-1999-0572,".reg files are associated with the Windows NT registry editor (regedit), making the registry susceptible to Trojan Horse attacks.",8.6,UNKNOWN,UNKNOWN,UNKNOWN,1997-01-01 05:00:00.000,microsoft,0,10829,245,0,0,0
CVE-1999-0575,"A Windows NT system's user audit policy does not log an event success or failure, e.g. for Logon and Logoff, File and Object Access, Use of User Rights, User and Group Management, Security Policy Changes, Restart, Shutdown, and System, and Process Tracking.",8.6,UNKNOWN,UNKNOWN,UNKNOWN,1997-01-01 05:00:00.000,microsoft,0,10829,245,0,0,0
CVE-1999-0576,A Windows NT system's file audit policy does not log an event success or failure for security-critical files or directories.,8.6,UNKNOWN,UNKNOWN,UNKNOWN,1997-01-01 05:00:00.000,microsoft,0,10829,245,0,0,0
CVE-1999-0582,"A Windows NT account policy has inappropriate, security-critical settings for lockout, e.g. lockout duration, lockout after bad logon attempts, etc.",8.6,UNKNOWN,UNKNOWN,UNKNOWN,1997-01-01 05:00:00.000,microsoft,0,10829,245,0,0,0
CVE-1999-0626,A version of rusers is running that exposes valid user information to any entity on the network.,8.6,UNKNOWN,UNKNOWN,UNKNOWN,1997-01-01 05:00:00.000,sun,0,10829,115,0,0,0
CVE-1999-1120,"netprint in SGI IRIX 6.4 and earlier trusts the PATH environmental variable for finding and executing the disable program, which allows local users to gain privileges.",8.6,UNKNOWN,UNKNOWN,UNKNOWN,1997-01-04 05:00:00.000,sgi,0,10826,69,0,0,0
CVE-1999-0051,"Arbitrary file creation and program execution using FLEXlm LicenseManager, from versions 4.0 to 5.0, in IRIX.",8.6,UNKNOWN,UNKNOWN,UNKNOWN,1997-01-06 05:00:00.000,globetrotter,0,10824,2,0,0,0
CVE-1999-1249,"movemail in HP-UX 10.20 has insecure permissions, which allows local users to gain privileges.",8.6,UNKNOWN,UNKNOWN,UNKNOWN,1997-01-06 05:00:00.000,hp,0,10824,67,0,0,0
CVE-1999-1145,Vulnerability in Glance programs in GlancePlus for HP-UX 10.20 and earlier allows local users to access arbitrary files and gain privileges.,8.6,UNKNOWN,UNKNOWN,UNKNOWN,1997-01-07 05:00:00.000,hp,0,10823,67,0,0,0
CVE-1999-1311,Vulnerability in dtlogin and dtsession in HP-UX 10.20 and 10.10 allows local users to bypass authentication and gain privileges.,8.6,UNKNOWN,UNKNOWN,UNKNOWN,1997-01-07 05:00:00.000,hp,0,10823,67,0,0,0
CVE-1999-0049,Csetup under IRIX allows arbitrary file creation or overwriting.,8.6,UNKNOWN,UNKNOWN,UNKNOWN,1997-01-08 05:00:00.000,sgi,0,10822,69,0,0,0
CVE-1999-1088,Vulnerability in chsh command in HP-UX 9.X through 10.20 allows local users to gain privileges.,8.6,UNKNOWN,UNKNOWN,UNKNOWN,1997-01-09 05:00:00.000,hp,0,10821,67,0,0,0
CVE-1999-0081,wu-ftp allows files to be overwritten via the rnfr command.,8.6,UNKNOWN,UNKNOWN,UNKNOWN,1997-01-11 05:00:00.000,washington_university,0,10819,7,0,0,0
CVE-1999-0048,"Talkd, when given corrupt DNS information, can be used to execute arbitrary commands with root privileges.",8.6,UNKNOWN,UNKNOWN,UNKNOWN,1997-01-27 05:00:00.000,debian,0,10803,26,0,0,0
CVE-1999-0966,Buffer overflow in Solaris getopt in libc allows local users to gain root privileges via a long argv[0].,8.6,UNKNOWN,UNKNOWN,UNKNOWN,1997-01-27 05:00:00.000,sun,0,10803,115,0,0,0
CVE-1999-0047,MIME conversion buffer overflow in sendmail versions 8.8.3 and 8.8.4.,8.6,UNKNOWN,UNKNOWN,UNKNOWN,1997-01-28 05:00:00.000,eric_allman,0,10802,13,0,0,0
CVE-1999-1144,"Certain files in MPower in HP-UX 10.x are installed with insecure permissions, which allows local users to gain privileges.",8.6,UNKNOWN,UNKNOWN,UNKNOWN,1997-01-30 05:00:00.000,hp,0,10800,67,0,0,0
CVE-1999-0174,The view-source CGI program allows remote attackers to read arbitrary files via a .. (dot dot) attack.,8.6,UNKNOWN,UNKNOWN,UNKNOWN,1997-02-01 05:00:00.000,netscape,0,10798,27,0,0,0
CVE-1999-0309,HP-UX vgdisplay program gives root access to local users.,8.6,UNKNOWN,UNKNOWN,UNKNOWN,1997-02-01 05:00:00.000,hp,0,10798,67,0,0,0
CVE-1999-0369,The Sun sdtcm_convert calendar utility for OpenWindows has a buffer overflow which can gain root access.,8.6,UNKNOWN,UNKNOWN,UNKNOWN,1997-02-01 05:00:00.000,sun,0,10798,115,0,0,0
CVE-1999-0959,IRIX startmidi program allows local users to modify arbitrary files via a symlink attack.,8.6,UNKNOWN,UNKNOWN,UNKNOWN,1997-02-01 05:00:00.000,sgi,0,10798,69,0,0,0
CVE-1999-1160,Vulnerability in ftpd/kftpd in HP-UX 10.x and 9.x allows local and possibly remote users to gain root privileges.,8.6,UNKNOWN,UNKNOWN,UNKNOWN,1997-02-02 05:00:00.000,hp,0,10797,67,0,0,0
CVE-1999-1299,"rcp on various Linux systems including Red Hat 4.0 allows a ""nobody"" user or other user with UID of 65535 to overwrite arbitrary files, since 65535 is interpreted as -1 by chown and other system calls, which causes the calls to fail to modify the ownership of the file.",8.6,UNKNOWN,UNKNOWN,UNKNOWN,1997-02-03 05:00:00.000,redhat,0,10796,24,0,0,0
CVE-1999-0298,ypbind with -ypset and -ypsetme options activated in Linux Slackware and SunOS allows local and remote attackers to overwrite files via a .. (dot dot) attack.,8.6,UNKNOWN,UNKNOWN,UNKNOWN,1997-02-05 05:00:00.000,slackware,0,10794,12,0,0,0
CVE-1999-0046,Buffer overflow of rlogin program using TERM environmental variable.,8.6,UNKNOWN,UNKNOWN,UNKNOWN,1997-02-06 05:00:00.000,bsdi,0,10793,16,0,0,0
CVE-1999-0228,Denial of service in RPCSS.EXE program (RPC Locator) in Windows NT.,8.6,UNKNOWN,UNKNOWN,UNKNOWN,1997-02-07 05:00:00.000,microsoft,0,10792,245,0,0,0
CVE-1999-0109,Buffer overflow in ffbconfig in Solaris 2.5.1.,8.6,UNKNOWN,UNKNOWN,UNKNOWN,1997-02-10 05:00:00.000,sun,0,10789,115,0,0,0
CVE-1999-0041,Buffer overflow in NLS (Natural Language Service).,8.6,UNKNOWN,UNKNOWN,UNKNOWN,1997-02-13 05:00:00.000,gnu,0,10786,11,0,0,0
CVE-1999-0868,ucbmail allows remote attackers to execute commands via shell metacharacters that are passed to it from INN.,8.6,UNKNOWN,UNKNOWN,UNKNOWN,1997-02-20 05:00:00.000,isc,0,10779,14,0,0,0
CVE-1999-0105,finger allows recursive searches by using a long string of @ symbols.,8.6,UNKNOWN,UNKNOWN,UNKNOWN,1997-03-01 05:00:00.000,UNKNOWN,0,10770,151,0,0,0
CVE-1999-0106,Finger redirection allows finger bombs.,8.6,UNKNOWN,UNKNOWN,UNKNOWN,1997-03-01 05:00:00.000,UNKNOWN,0,10770,151,0,0,0
CVE-1999-0165,NFS cache poisoning.,8.6,UNKNOWN,UNKNOWN,UNKNOWN,1997-03-01 05:00:00.000,sun,0,10770,115,0,0,0
CVE-1999-0318,Buffer overflow in xmcd 2.0p12 allows local users to gain access through an environmental variable.,8.6,UNKNOWN,UNKNOWN,UNKNOWN,1997-03-01 05:00:00.000,hp,0,10770,67,0,0,0
CVE-1999-0612,A version of finger is running that exposes valid user information to any entity on the network.,8.6,UNKNOWN,UNKNOWN,UNKNOWN,1997-03-01 05:00:00.000,gnu,0,10770,11,0,0,0
CVE-1999-1128,"Internet Explorer 3.01 on Windows 95 allows remote malicious web sites to execute arbitrary commands via a .isp file, which is automatically downloaded and executed without prompting the user.",8.6,UNKNOWN,UNKNOWN,UNKNOWN,1997-03-01 05:00:00.000,microsoft,0,10770,245,0,0,0
CVE-1999-1489,Buffer overflow in TestChip function in XFree86 SuperProbe in Slackware Linux 3.1 allows local users to gain root privileges via a long -nopr argument.,8.6,UNKNOWN,UNKNOWN,UNKNOWN,1997-03-04 05:00:00.000,slackware,0,10767,12,0,0,0
CVE-1999-0299,Buffer overflow in FreeBSD lpd through long DNS hostnames.,8.6,UNKNOWN,UNKNOWN,UNKNOWN,1997-03-05 05:00:00.000,freebsd,0,10766,33,0,0,0
CVE-1999-1408,"Vulnerability in AIX 4.1.4 and HP-UX 10.01 and 9.05 allows local users to cause a denial of service (crash) by using a socket to connect to a port on the localhost, calling shutdown to clear the socket, then using the same socket to connect to a different port on localhost.",8.6,UNKNOWN,UNKNOWN,UNKNOWN,1997-03-05 05:00:00.000,hp,0,10766,67,0,0,0
CVE-1999-1525,Macromedia Shockwave before 6.0 allows a malicious webmaster to read a user's mail box and possibly access internal web servers via the GetNextText command on a Shockwave movie.,8.6,UNKNOWN,UNKNOWN,UNKNOWN,1997-03-14 05:00:00.000,macromedia,0,10757,4,0,0,0
CVE-1999-0280,Remote command execution in Microsoft Internet Explorer using .lnk and .url files.,8.6,UNKNOWN,UNKNOWN,UNKNOWN,1997-04-01 05:00:00.000,microsoft,0,10739,245,0,0,0
CVE-1999-0292,Denial of service through Winpopup using large user names.,8.6,UNKNOWN,UNKNOWN,UNKNOWN,1997-04-01 05:00:00.000,microsoft,0,10739,245,0,0,0
CVE-1999-0315,Buffer overflow in Solaris fdformat command gives root access to local users.,8.6,UNKNOWN,UNKNOWN,UNKNOWN,1997-04-01 05:00:00.000,sun,0,10739,115,0,0,0
CVE-1999-1387,"Windows NT 4.0 SP2 allows remote attackers to cause a denial of service (crash), possibly via malformed inputs or packets, such as those generated by a Linux smbmount command that was compiled on the Linux 2.0.29 kernel but executed on Linux 2.0.25.",8.6,UNKNOWN,UNKNOWN,UNKNOWN,1997-04-02 05:00:00.000,microsoft,0,10738,245,0,0,0
CVE-1999-0042,Buffer overflow in University of Washington's implementation of IMAP and POP servers.,8.6,UNKNOWN,UNKNOWN,UNKNOWN,1997-04-07 04:00:00.000,university_of_washington,0,10733,7,0,0,0
CVE-1999-1298,"Sysinstall in FreeBSD 2.2.1 and earlier, when configuring anonymous FTP, creates the ftp user without a password and with /bin/date as the shell, which could allow attackers to gain access to certain system resources.",8.6,UNKNOWN,UNKNOWN,UNKNOWN,1997-04-07 04:00:00.000,freebsd,0,10733,33,0,0,0
CVE-1999-0058,"Buffer overflow in PHP cgi program, php.cgi allows shell access.",8.6,UNKNOWN,UNKNOWN,UNKNOWN,1997-04-17 04:00:00.000,php,0,10723,5,0,0,0
CVE-1999-0149,The wrap CGI program in IRIX allows remote attackers to view arbitrary directory listings via a .. (dot dot) attack.,8.6,UNKNOWN,UNKNOWN,UNKNOWN,1997-04-19 04:00:00.000,sgi,0,10721,69,0,0,0
CVE-1999-0038,Buffer overflow in xlock program allows local users to execute commands as root.,8.4,LOCAL,NONE,NONE,1997-04-26 04:00:00.000,data_general,0,10714,6,1,1,0
CVE-1999-1296,"Buffer overflow in Kerberos IV compatibility libraries as used in Kerberos V allows local users to gain root privileges via a long line in a kerberos configuration file, which can be specified via the KRB_CONF environmental variable.",8.6,UNKNOWN,UNKNOWN,UNKNOWN,1997-04-29 04:00:00.000,mit,0,10711,3,0,0,0
CVE-1999-0040,Buffer overflow in Xt library of X Windowing System allows local users to execute commands with root privileges.,8.6,UNKNOWN,UNKNOWN,UNKNOWN,1997-05-01 04:00:00.000,sgi,0,10709,69,0,0,0
CVE-1999-0112,Buffer overflow in AIX dtterm program for the CDE.,8.6,UNKNOWN,UNKNOWN,UNKNOWN,1997-05-01 04:00:00.000,cde,0,10709,7,0,0,0
CVE-1999-1116,Vulnerability in runpriv in Indigo Magic System Administration subsystem of SGI IRIX 6.3 and 6.4 allows local users to gain root privileges.,8.6,UNKNOWN,UNKNOWN,UNKNOWN,1997-05-03 04:00:00.000,sgi,0,10707,69,0,0,0
CVE-1999-1380,"Symantec Norton Utilities 2.0 for Windows 95 marks the TUNEOCX.OCX ActiveX control as safe for scripting, which allows remote attackers to execute arbitrary commands via the run option through malicious web pages that are accessed by browsers such as Internet Explorer 3.0.",8.6,UNKNOWN,UNKNOWN,UNKNOWN,1997-05-04 04:00:00.000,symantec,0,10706,5,0,0,0
CVE-1999-1267,"KDE file manager (kfm) uses a TCP server for certain file operations, which allows remote attackers to modify arbitrary files by sending a copy command to the server.",8.6,UNKNOWN,UNKNOWN,UNKNOWN,1997-05-05 04:00:00.000,kde,0,10705,10,0,0,0
CVE-1999-0039,webdist CGI program (webdist.cgi) in SGI IRIX allows remote attackers to execute arbitrary commands via shell metacharacters in the distloc parameter.,7.3,NETWORK,NONE,NONE,1997-05-06 04:00:00.000,sgi,0,10704,69,1,1,1
CVE-1999-1067,"SGI MachineInfo CGI program, installed by default on some web servers, prints potentially sensitive system status information, which could be used by remote attackers for information gathering activities.",8.6,UNKNOWN,UNKNOWN,UNKNOWN,1997-05-07 04:00:00.000,sgi,0,10703,69,0,0,0
CVE-1999-1398,"Vulnerability in xfsdump in SGI IRIX may allow local users to obtain root privileges via the bck.log log file, possibly via a symlink attack.",8.6,UNKNOWN,UNKNOWN,UNKNOWN,1997-05-07 04:00:00.000,sgi,0,10703,69,0,0,0
CVE-1999-1461,"inpview in InPerson on IRIX 5.3 through IRIX 6.5.10 trusts the PATH environmental variable to find and execute the ttsession program, which allows local users to obtain root access by modifying the PATH to point to a Trojan horse ttsession program.",8.6,UNKNOWN,UNKNOWN,UNKNOWN,1997-05-07 04:00:00.000,sgi,0,10703,69,0,0,0
CVE-1999-1286,addnetpr in SGI IRIX 6.2 and earlier allows local users to modify arbitrary files and possibly gain root access via a symlink attack on a temporary file.,8.6,UNKNOWN,UNKNOWN,UNKNOWN,1997-05-09 04:00:00.000,sgi,0,10701,69,0,0,0
CVE-1999-1410,addnetpr in IRIX 5.3 and 6.2 allows local users to overwrite arbitrary files and possibly gain root privileges via a symlink attack on the printers temporary file.,8.6,UNKNOWN,UNKNOWN,UNKNOWN,1997-05-09 04:00:00.000,sgi,0,10701,69,0,0,0
CVE-1999-1158,"Buffer overflow in (1) pluggable authentication module (PAM) on Solaris 2.5.1 and 2.5 and (2) unix_scheme in Solaris 2.4 and 2.3 allows local users to gain root privileges via programs that use these modules such as passwd, yppasswd, and nispasswd.",8.6,UNKNOWN,UNKNOWN,UNKNOWN,1997-05-13 04:00:00.000,sun,0,10697,115,0,0,0
CVE-1999-1184,Buffer overflow in Elm 2.4 and earlier allows local users to gain privileges via a long TERM environmental variable.,8.6,UNKNOWN,UNKNOWN,UNKNOWN,1997-05-13 04:00:00.000,elm_development_group,0,10697,2,0,0,0
CVE-1999-0962,Buffer overflow in HPUX passwd command allows local users to gain root privileges via a command line option.,8.6,UNKNOWN,UNKNOWN,UNKNOWN,1997-05-14 04:00:00.000,hp,0,10696,67,0,0,0
CVE-1999-1141,Ascom Timeplex router allows remote attackers to obtain sensitive information or conduct unauthorized activities by entering debug mode through a sequence of CTRL-D characters.,8.6,UNKNOWN,UNKNOWN,UNKNOWN,1997-05-15 04:00:00.000,ascom,0,10695,1,0,0,0
CVE-1999-1232,Untrusted search path vulnerability in day5datacopier in SGI IRIX 6.2 allows local users to execute arbitrary commands via a modified PATH environment variable that points to a malicious cp program.,8.6,UNKNOWN,UNKNOWN,UNKNOWN,1997-05-16 04:00:00.000,sgi,0,10694,69,0,0,0
CVE-1999-1402,"The access permissions for a UNIX domain socket are ignored in Solaris 2.x and SunOS 4.x, and other BSD-based operating systems before 4.4, which could allow local users to connect to the socket and possibly disrupt or control the operations of the program using that socket.",8.6,UNKNOWN,UNKNOWN,UNKNOWN,1997-05-17 04:00:00.000,freebsd,0,10693,33,0,0,0
CVE-1999-1191,Buffer overflow in chkey in Solaris 2.5.1 and earlier allows local users to gain root privileges via a long command line argument.,8.6,UNKNOWN,UNKNOWN,UNKNOWN,1997-05-19 04:00:00.000,sun,0,10691,115,0,0,0
CVE-1999-1449,SunOS 4.1.4 on a Sparc 20 machine allows local users to cause a denial of service (kernel panic) by reading from the /dev/tcx0 TCX device.,8.6,UNKNOWN,UNKNOWN,UNKNOWN,1997-05-19 04:00:00.000,sun,0,10691,115,0,0,0
CVE-1999-0037,"Arbitrary command execution via metamail package using message headers, when user processes attacker's message using metamail.",8.6,UNKNOWN,UNKNOWN,UNKNOWN,1997-05-21 04:00:00.000,freebsd,0,10689,33,0,0,0
CVE-1999-0259,cfingerd lists all users on a system via search.**@target.,8.6,UNKNOWN,UNKNOWN,UNKNOWN,1997-05-23 04:00:00.000,infodrom,0,10687,3,0,0,0
CVE-1999-0036,IRIX login program with a nonzero LOCKOUT parameter allows creation or damage to files.,8.4,LOCAL,NONE,NONE,1997-05-26 04:00:00.000,sgi,0,10684,69,1,1,0
CVE-1999-0064,Buffer overflow in AIX lquerylv program gives root access to local users.,8.6,UNKNOWN,UNKNOWN,UNKNOWN,1997-05-26 04:00:00.000,ibm,0,10684,55,0,0,0
CVE-1999-1143,Vulnerability in runtime linker program rld in SGI IRIX 6.x and earlier allows local users to gain privileges via setuid and setgid programs.,8.6,UNKNOWN,UNKNOWN,UNKNOWN,1997-05-28 04:00:00.000,sgi,0,10682,69,0,0,0
CVE-1999-0034,"Buffer overflow in suidperl (sperl), Perl 4.x and 5.x.",8.6,UNKNOWN,UNKNOWN,UNKNOWN,1997-05-29 04:00:00.000,larry_wall,0,10681,1,0,0,0
CVE-1999-0035,"Race condition in signal handling routine in ftpd, allowing read/write arbitrary files.",5.4,NETWORK,LOW,NONE,1997-05-29 04:00:00.000,gnu,0,10681,11,0,1,1
CVE-1999-0144,Denial of service in Qmail by specifying a large number of recipients with the RCPT command.,8.6,UNKNOWN,UNKNOWN,UNKNOWN,1997-06-01 04:00:00.000,qmail_project,0,10678,1,0,0,0
CVE-1999-0227,Access violation in LSASS.EXE (LSA/LSARPC) program in Windows NT allows a denial of service.,8.6,UNKNOWN,UNKNOWN,UNKNOWN,1997-06-01 04:00:00.000,microsoft,0,10678,245,0,0,0
CVE-1999-0281,Denial of service in IIS using long URLs.,8.6,UNKNOWN,UNKNOWN,UNKNOWN,1997-06-01 04:00:00.000,microsoft,0,10678,245,0,0,0
CVE-1999-0799,Buffer overflow in bootpd 2.4.3 and earlier via a long boot file location.,8.6,UNKNOWN,UNKNOWN,UNKNOWN,1997-06-01 04:00:00.000,cmu,0,10678,1,0,0,0
CVE-1999-0189,"Solaris rpcbind listens on a high numbered UDP port, which may not be filtered since the standard port number is 111.",8.6,UNKNOWN,UNKNOWN,UNKNOWN,1997-06-04 04:00:00.000,sun,0,10675,115,0,0,0
CVE-1999-0275,Denial of service in Windows NT DNS servers by flooding port 53 with too many characters.,8.6,UNKNOWN,UNKNOWN,UNKNOWN,1997-06-10 04:00:00.000,microsoft,0,10669,245,0,0,0
CVE-1999-0083,getcwd() file descriptor leak in FTP.,8.6,UNKNOWN,UNKNOWN,UNKNOWN,1997-06-11 04:00:00.000,sgi,0,10668,69,0,0,0
CVE-1999-0033,Command execution in Sun systems via buffer overflow in the at program.,8.6,UNKNOWN,UNKNOWN,UNKNOWN,1997-06-12 04:00:00.000,ncr,0,10667,2,0,0,0
CVE-1999-1266,"rsh daemon (rshd) generates different error messages when a valid username is provided versus an invalid name, which allows remote attackers to determine valid users on the system.",8.6,UNKNOWN,UNKNOWN,UNKNOWN,1997-06-13 04:00:00.000,metamail_corporation,0,10666,2,0,0,0
CVE-1999-0957,MajorCool mj_key_cache program allows local users to modify files via a symlink attack.,8.6,UNKNOWN,UNKNOWN,UNKNOWN,1997-06-18 04:00:00.000,great_circle_associates,0,10661,3,0,0,0
CVE-1999-1483,Buffer overflow in zgv in svgalib 1.2.10 and earlier allows local users to execute arbitrary code via a long HOME environment variable.,8.6,UNKNOWN,UNKNOWN,UNKNOWN,1997-06-19 04:00:00.000,svgalib,0,10660,2,0,0,0
CVE-1999-1192,Buffer overflow in eeprom in Solaris 2.5.1 and earlier allows local users to gain root privileges via a long command line argument.,8.6,UNKNOWN,UNKNOWN,UNKNOWN,1997-06-24 04:00:00.000,sun,0,10655,115,0,0,0
CVE-1999-1423,"ping in Solaris 2.3 through 2.6 allows local users to cause a denial of service (crash) via a ping request to a multicast address through the loopback interface, e.g. via ping -i.",8.6,UNKNOWN,UNKNOWN,UNKNOWN,1997-06-26 04:00:00.000,sun,0,10653,115,0,0,0
CVE-1999-0074,"Listening TCP ports are sequentially allocated, allowing spoofing attacks.",8.6,UNKNOWN,UNKNOWN,UNKNOWN,1997-07-01 04:00:00.000,freebsd,0,10648,33,0,0,0
CVE-1999-0076,Buffer overflow in wu-ftp from PASV command causes a core dump.,8.6,UNKNOWN,UNKNOWN,UNKNOWN,1997-07-01 04:00:00.000,washington_university,0,10648,7,0,0,0
CVE-1999-0111,RIP v1 is susceptible to spoofing.,8.6,UNKNOWN,UNKNOWN,UNKNOWN,1997-07-01 04:00:00.000,ibm,0,10648,55,0,0,0
CVE-1999-0147,The aglimpse CGI program of the Glimpse package allows remote execution of arbitrary commands.,8.6,UNKNOWN,UNKNOWN,UNKNOWN,1997-07-01 04:00:00.000,university_of_arizona,0,10648,1,0,0,0
CVE-1999-0150,The Perl fingerd program allows arbitrary command execution from remote users.,8.6,UNKNOWN,UNKNOWN,UNKNOWN,1997-07-01 04:00:00.000,gnu,0,10648,11,0,0,0
CVE-1999-0153,"Windows 95/NT out of band (OOB) data denial of service through NETBIOS port, aka WinNuke.",8.6,UNKNOWN,UNKNOWN,UNKNOWN,1997-07-01 04:00:00.000,microsoft,0,10648,245,0,0,0
CVE-1999-0156,wu-ftpd FTP daemon allows any user and password combination.,8.6,UNKNOWN,UNKNOWN,UNKNOWN,1997-07-01 04:00:00.000,washington_university,0,10648,7,0,0,0
CVE-1999-0169,NFS allows attackers to read and write any file on the system by specifying a false UID.,8.6,UNKNOWN,UNKNOWN,UNKNOWN,1997-07-01 04:00:00.000,sun,0,10648,115,0,0,0
CVE-1999-0184,"When compiled with the -DALLOW_UPDATES option, bind allows dynamic updates to the DNS server, allowing for malicious modification of DNS records.",8.6,UNKNOWN,UNKNOWN,UNKNOWN,1997-07-01 04:00:00.000,isc,0,10648,14,0,0,0
CVE-1999-0195,Denial of service in RPC portmapper allows attackers to register or unregister RPC services or spoof RPC services using a spoofed source IP address such as 127.0.0.1.,8.6,UNKNOWN,UNKNOWN,UNKNOWN,1997-07-01 04:00:00.000,sgi,0,10648,69,0,0,0
CVE-1999-0219,Buffer overflow in FTP Serv-U 2.5 allows remote authenticated users to cause a denial of service (crash) via a long (1) CWD or (2) LS (list) command.,8.6,UNKNOWN,UNKNOWN,UNKNOWN,1997-07-01 04:00:00.000,cat_soft,0,10648,1,0,0,0
CVE-1999-0250,Denial of service in Qmail through long SMTP commands.,8.6,UNKNOWN,UNKNOWN,UNKNOWN,1997-07-01 04:00:00.000,dan_bernstein,0,10648,1,0,0,0
CVE-1999-0526,"An X server's access control is disabled (e.g. through an ""xhost +"" command) and allows anyone to connect to the server.",8.6,UNKNOWN,UNKNOWN,UNKNOWN,1997-07-01 04:00:00.000,x.org,0,10648,2,0,0,0
CVE-1999-0532,A DNS server allows zone transfers.,8.6,UNKNOWN,UNKNOWN,UNKNOWN,1997-07-01 04:00:00.000,UNKNOWN,0,10648,151,0,0,0
CVE-1999-0533,A DNS server allows inverse queries.,8.6,UNKNOWN,UNKNOWN,UNKNOWN,1997-07-01 04:00:00.000,UNKNOWN,0,10648,151,0,0,0
CVE-1999-0541,A password for accessing a WWW URL is guessable.,8.6,UNKNOWN,UNKNOWN,UNKNOWN,1997-07-01 04:00:00.000,UNKNOWN,0,10648,151,0,0,0
CVE-1999-0628,"The rwho/rwhod service is running, which exposes machine status and user information.",8.6,UNKNOWN,UNKNOWN,UNKNOWN,1997-07-01 04:00:00.000,freebsd,0,10648,33,0,0,0
CVE-1999-1326,"wu-ftpd 2.4 FTP server does not properly drop privileges when an ABOR (abort file transfer) command is executed during a file transfer, which causes a signal to be handled incorrectly and allows local and possibly remote attackers to read arbitrary files.",8.6,UNKNOWN,UNKNOWN,UNKNOWN,1997-07-04 04:00:00.000,washington_university,0,10645,7,0,0,0
CVE-1999-0031,"JavaScript in Internet Explorer 3.x and 4.x, and Netscape 2.x, 3.x and 4.x, allows remote attackers to monitor a user's web activities, aka the Bell Labs vulnerability.",8.6,UNKNOWN,UNKNOWN,UNKNOWN,1997-07-08 04:00:00.000,microsoft,0,10641,245,0,0,0
CVE-1999-0196,websendmail in Webgais 1.0 allows a remote user to access arbitrary files and execute arbitrary code via the receiver parameter ($VAR_receiver variable).,8.6,UNKNOWN,UNKNOWN,UNKNOWN,1997-07-08 04:00:00.000,webgais_development_team,0,10641,2,0,0,0
CVE-1999-0176,The Webgais program allows a remote user to execute arbitrary commands.,8.6,UNKNOWN,UNKNOWN,UNKNOWN,1997-07-10 04:00:00.000,webgais_development_team,0,10639,2,0,0,0
CVE-1999-1463,"Windows NT 4.0 before SP3 allows remote attackers to bypass firewall restrictions or cause a denial of service (crash) by sending improperly fragmented IP packets without the first fragment, which the TCP/IP stack incorrectly reassembles into a valid session.",8.6,UNKNOWN,UNKNOWN,UNKNOWN,1997-07-10 04:00:00.000,microsoft,0,10639,245,0,0,0
CVE-1999-0059,IRIX fam service allows an attacker to obtain a list of all files on the server.,7.3,NETWORK,NONE,NONE,1997-07-14 04:00:00.000,sgi,0,10635,69,1,1,1
CVE-1999-0146,"The campas CGI program provided with some NCSA web servers allows an attacker to execute arbitrary commands via encoded carriage return characters in the query string, as demonstrated by reading the password file.",8.6,UNKNOWN,UNKNOWN,UNKNOWN,1997-07-15 04:00:00.000,ncsa,0,10634,4,0,0,0
CVE-1999-0025,root privileges via buffer overflow in df command on SGI IRIX systems.,8.6,UNKNOWN,UNKNOWN,UNKNOWN,1997-07-16 04:00:00.000,sgi,0,10633,69,0,0,0
CVE-1999-0026,root privileges via buffer overflow in pset command on SGI IRIX systems.,8.6,UNKNOWN,UNKNOWN,UNKNOWN,1997-07-16 04:00:00.000,sgi,0,10633,69,0,0,0
CVE-1999-0027,root privileges via buffer overflow in eject command on SGI IRIX systems.,8.6,UNKNOWN,UNKNOWN,UNKNOWN,1997-07-16 04:00:00.000,sgi,0,10633,69,0,0,0
CVE-1999-0028,root privileges via buffer overflow in login/scheme command on SGI IRIX systems.,8.6,UNKNOWN,UNKNOWN,UNKNOWN,1997-07-16 04:00:00.000,sgi,0,10633,69,0,0,0
CVE-1999-0029,root privileges via buffer overflow in ordist command on SGI IRIX systems.,8.4,LOCAL,NONE,NONE,1997-07-16 04:00:00.000,sgi,0,10633,69,1,1,0
CVE-1999-0030,root privileges via buffer overflow in xlock command on SGI IRIX systems.,8.6,UNKNOWN,UNKNOWN,UNKNOWN,1997-07-16 04:00:00.000,sgi,0,10633,69,0,0,0
CVE-1999-1182,Buffer overflow in run-time linkers (1) ld.so or (2) ld-linux.so for Linux systems allows local users to gain privileges by calling a setuid program with a long program name (argv[0]) and forcing ld.so/ld-linux.so to report an error.,8.6,UNKNOWN,UNKNOWN,UNKNOWN,1997-07-17 04:00:00.000,delix,0,10632,1,0,0,0
CVE-1999-0122,Buffer overflow in AIX lchangelv gives root access.,8.6,UNKNOWN,UNKNOWN,UNKNOWN,1997-07-21 04:00:00.000,ibm,0,10628,55,0,0,0
CVE-1999-0247,Buffer overflow in nnrpd program in INN up to version 1.6 allows remote users to execute arbitrary commands.,8.6,UNKNOWN,UNKNOWN,UNKNOWN,1997-07-21 04:00:00.000,isc,0,10628,14,0,0,0
CVE-1999-1208,Buffer overflow in ping in AIX 4.2 and earlier allows local users to gain root privileges via a long command line argument.,8.6,UNKNOWN,UNKNOWN,UNKNOWN,1997-07-21 04:00:00.000,ibm,0,10628,55,0,0,0
CVE-1999-0971,Buffer overflow in Exim allows local users to gain root privileges via a long :include: option in a .forward file.,8.6,UNKNOWN,UNKNOWN,UNKNOWN,1997-07-22 04:00:00.000,university_of_cambridge,0,10627,1,0,0,0
CVE-1999-1068,"Oracle Webserver 2.1, when serving PL/SQL stored procedures, allows remote attackers to cause a denial of service via a long HTTP GET request.",8.6,UNKNOWN,UNKNOWN,UNKNOWN,1997-07-23 04:00:00.000,oracle,0,10626,15,0,0,0
CVE-1999-1217,"The PATH in Windows NT includes the current working directory (.), which could allow local users to gain privileges by placing Trojan horse programs with the same name as commonly used system programs into certain directories.",8.6,UNKNOWN,UNKNOWN,UNKNOWN,1997-07-25 04:00:00.000,microsoft,0,10624,245,0,0,0
CVE-1999-1419,Buffer overflow in nss_nisplus.so.1 library in NIS+ in Solaris 2.3 and 2.4 allows local users to gain root privileges.,8.6,UNKNOWN,UNKNOWN,UNKNOWN,1997-07-30 04:00:00.000,sun,0,10619,115,0,0,0
CVE-1999-1308,"Certain programs in HP-UX 10.20 do not properly handle large user IDs (UID) or group IDs (GID) over 60000, which could allow local users to gain privileges.",8.6,UNKNOWN,UNKNOWN,UNKNOWN,1997-07-31 04:00:00.000,hp,0,10618,67,0,0,0
CVE-1999-0238,php.cgi allows attackers to read any file on the system.,8.6,UNKNOWN,UNKNOWN,UNKNOWN,1997-08-01 04:00:00.000,php,0,10617,5,0,0,0
CVE-1999-0301,Buffer overflow in SunOS/Solaris ps command.,8.6,UNKNOWN,UNKNOWN,UNKNOWN,1997-08-01 04:00:00.000,sun,0,10617,115,0,0,0
CVE-1999-0524,ICMP information such as (1) netmask and (2) timestamp is allowed from arbitrary hosts.,4.0,LOCAL,NONE,NONE,1997-08-01 04:00:00.000,apple,0,10617,32,1,1,0
CVE-1999-0566,"An attacker can write to syslog files from any location, causing a denial of service by filling up the logs, and hiding activities.",8.6,UNKNOWN,UNKNOWN,UNKNOWN,1997-08-01 04:00:00.000,ibm,0,10617,55,0,0,0
CVE-1999-1262,"Java in Netscape 4.5 does not properly restrict applets from connecting to other hosts besides the one from which the applet was loaded, which violates the Java security model and could allow remote attackers to conduct unauthorized activities.",8.6,UNKNOWN,UNKNOWN,UNKNOWN,1997-08-01 04:00:00.000,netscape,0,10617,27,0,0,0
CVE-1999-1446,"Internet Explorer 3 records a history of all URL's that are visited by a user in DAT files located in the Temporary Internet Files and History folders, which are not cleared when the user selects the ""Clear History"" option, and are not visible when the user browses the folders because of tailored displays.",8.6,UNKNOWN,UNKNOWN,UNKNOWN,1997-08-05 04:00:00.000,microsoft,0,10613,245,0,0,0
CVE-1999-0152,The DG/UX finger daemon allows remote command execution through shell metacharacters.,8.6,UNKNOWN,UNKNOWN,UNKNOWN,1997-08-11 04:00:00.000,data_general,0,10607,6,0,0,0
CVE-1999-0024,"DNS cache poisoning via BIND, by predictable query IDs.",8.6,UNKNOWN,UNKNOWN,UNKNOWN,1997-08-13 04:00:00.000,isc,0,10605,14,0,0,0
CVE-1999-1250,"Vulnerability in CGI program in the Lasso application by Blue World, as used on WebSTAR and other servers, allows remote attackers to read arbitrary files.",8.6,UNKNOWN,UNKNOWN,UNKNOWN,1997-08-19 04:00:00.000,blue_world_communications,0,10599,1,0,0,0
CVE-1999-1399,spaceball program in SpaceWare 7.3 v1.0 in IRIX 6.2 allows local users to gain root privileges by setting the HOSTNAME environmental variable to contain the commands to be executed.,8.6,UNKNOWN,UNKNOWN,UNKNOWN,1997-08-20 04:00:00.000,sgi,0,10598,69,0,0,0
CVE-1999-1220,"Majordomo 1.94.3 and earlier allows remote attackers to execute arbitrary commands when the advertise or noadvertise directive is used in a configuration file, via shell metacharacters in the Reply-To header.",8.6,UNKNOWN,UNKNOWN,UNKNOWN,1997-08-24 04:00:00.000,great_circle_associates,0,10594,3,0,0,0
CVE-1999-1225,"rpc.mountd on Linux, Ultrix, and possibly other operating systems, allows remote attackers to determine the existence of a file on the server by attempting to mount that file, which generates different error messages depending on whether the file exists or not.",8.6,UNKNOWN,UNKNOWN,UNKNOWN,1997-08-24 04:00:00.000,digital,0,10594,18,0,0,0
CVE-1999-0071,Apache httpd cookie buffer overflow for versions 1.1.1 and earlier.,8.6,UNKNOWN,UNKNOWN,UNKNOWN,1997-09-01 04:00:00.000,apache,0,10586,18,0,0,0
CVE-1999-0115,AIX bugfiler program allows local users to gain root access.,8.6,UNKNOWN,UNKNOWN,UNKNOWN,1997-09-01 04:00:00.000,ibm,0,10586,55,0,0,0
CVE-1999-0148,The handler CGI program in IRIX allows arbitrary command execution.,8.6,UNKNOWN,UNKNOWN,UNKNOWN,1997-09-01 04:00:00.000,sgi,0,10586,69,0,0,0
CVE-1999-0177,The uploader program in the WebSite web server allows a remote attacker to execute arbitrary programs.,8.6,UNKNOWN,UNKNOWN,UNKNOWN,1997-09-01 04:00:00.000,oreilly,0,10586,3,0,0,0
CVE-1999-0183,Linux implementations of TFTP would allow access to files outside the restricted directory.,8.6,UNKNOWN,UNKNOWN,UNKNOWN,1997-09-01 04:00:00.000,tftp,0,10586,1,0,0,0
CVE-1999-0191,IIS newdsn.exe CGI script allows remote users to overwrite files.,8.6,UNKNOWN,UNKNOWN,UNKNOWN,1997-09-01 04:00:00.000,microsoft,0,10586,245,0,0,0
CVE-1999-0237,Remote execution of arbitrary commands through Guestbook CGI program.,8.6,UNKNOWN,UNKNOWN,UNKNOWN,1997-09-01 04:00:00.000,webcom,0,10586,3,0,0,0
CVE-1999-1133,"HP-UX 9.x and 10.x running X windows may allow local attackers to gain privileges via (1) vuefile, (2) vuepad, (3) dtfile, or (4) dtpad, which do not authenticate users.",8.6,UNKNOWN,UNKNOWN,UNKNOWN,1997-09-01 04:00:00.000,hp,0,10586,67,0,0,0
CVE-1999-1139,Character-Terminal User Environment (CUE) in HP-UX 11.0 and earlier allows local users to overwrite arbitrary files and gain root privileges via a symlink attack on the IOERROR.mytty file.,8.6,UNKNOWN,UNKNOWN,UNKNOWN,1997-09-01 04:00:00.000,hp,0,10586,67,0,0,0
CVE-1999-1275,"Lotus cc:Mail release 8 stores the postoffice password in plaintext in a hidden file which has insecure permissions, which allows local users to gain privileges.",8.6,UNKNOWN,UNKNOWN,UNKNOWN,1997-09-08 04:00:00.000,ibm,0,10579,55,0,0,0
CVE-1999-0079,"Remote attackers can cause a denial of service in FTP by issuing multiple PASV commands, causing the server to run out of available ports.",8.6,UNKNOWN,UNKNOWN,UNKNOWN,1997-09-12 04:00:00.000,bisonware,0,10575,3,0,0,0
CVE-1999-1214,"The asynchronous I/O facility in 4.4 BSD kernel does not check user credentials when setting the recipient of I/O notification, which allows local users to cause a denial of service by using certain ioctl and fcntl calls to cause the signal to be sent to an arbitrary process ID.",8.6,UNKNOWN,UNKNOWN,UNKNOWN,1997-09-15 04:00:00.000,sgi,0,10572,69,0,0,0
CVE-1999-0667,The ARP protocol allows any host to spoof ARP replies and poison the ARP cache to conduct IP address spoofing or a denial of service.,8.6,UNKNOWN,UNKNOWN,UNKNOWN,1997-09-19 04:00:00.000,arp_protocol,0,10568,1,0,0,0
CVE-1999-0956,The NeXT NetInfo _writers property allows local users to gain root privileges or conduct a denial of service.,8.6,UNKNOWN,UNKNOWN,UNKNOWN,1997-09-19 04:00:00.000,next,0,10568,6,0,0,0
CVE-1999-0965,Race condition in xterm allows local users to modify arbitrary files via the logging option.,8.6,UNKNOWN,UNKNOWN,UNKNOWN,1997-09-19 04:00:00.000,x.org,0,10568,2,0,0,0
CVE-1999-1125,"Oracle Webserver 2.1 and earlier runs setuid root, but the configuration file is owned by the oracle account, which allows any local or remote attacker who obtains access to the oracle account to gain privileges or modify arbitrary files by modifying the configuration file.",8.6,UNKNOWN,UNKNOWN,UNKNOWN,1997-09-19 04:00:00.000,oracle,0,10568,15,0,0,0
CVE-1999-0267,Buffer overflow in NCSA HTTP daemon v1.3 allows remote command execution.,8.6,UNKNOWN,UNKNOWN,UNKNOWN,1997-09-23 04:00:00.000,ncsa,0,10564,4,0,0,0
CVE-1999-0282,"Rejected reason: DO NOT USE THIS CANDIDATE NUMBER.  ConsultIDs: CVE-1999-1584, CVE-1999-1586.  Reason: This candidate combined references from one issue with the description from another issue.  Notes: Users should consult CVE-1999-1584 and CVE-1999-1586 to obtain the appropriate name.  All references and descriptions in this candidate have been removed to prevent accidental usage",8.6,UNKNOWN,UNKNOWN,UNKNOWN,1997-09-23 04:00:00.000,UNKNOWN,0,10564,151,0,0,0
CVE-1999-0955,Race condition in wu-ftpd and BSDI ftpd allows remote attackers to gain root access via the SITE EXEC command.,8.6,UNKNOWN,UNKNOWN,UNKNOWN,1997-09-23 04:00:00.000,washington_university,0,10564,7,0,0,0
CVE-1999-0182,Samba has a buffer overflow which allows a remote attacker to obtain root access by specifying a long password.,8.6,UNKNOWN,UNKNOWN,UNKNOWN,1997-09-30 04:00:00.000,samba,0,10557,4,0,0,0
CVE-1999-0090,Buffer overflow in AIX rcp command allows local users to obtain root access.,8.6,UNKNOWN,UNKNOWN,UNKNOWN,1997-10-01 04:00:00.000,ibm,0,10556,55,0,0,0
CVE-1999-0160,Some classic Cisco IOS devices have a vulnerability in the PPP CHAP authentication to establish unauthorized PPP connections.,8.6,UNKNOWN,UNKNOWN,UNKNOWN,1997-10-01 04:00:00.000,cisco,0,10556,41,0,0,0
CVE-1999-0185,"In SunOS or Solaris, a remote user could connect from an FTP server's data port to an rlogin server on a host that trusts the FTP server, allowing remote command execution.",8.6,UNKNOWN,UNKNOWN,UNKNOWN,1997-10-01 04:00:00.000,sun,0,10556,115,0,0,0
CVE-1999-0272,Denial of service in Slmail v2.5 through the POP3 port.,8.6,UNKNOWN,UNKNOWN,UNKNOWN,1997-10-01 04:00:00.000,slmail,0,10556,1,0,0,0
CVE-1999-0294,All records in a WINS database can be deleted through SNMP for a denial of service.,8.6,UNKNOWN,UNKNOWN,UNKNOWN,1997-10-01 04:00:00.000,microsoft,0,10556,245,0,0,0
CVE-1999-0295,"Solaris sysdef command allows local users to read kernel memory, potentially leading to root privileges.",8.6,UNKNOWN,UNKNOWN,UNKNOWN,1997-10-01 04:00:00.000,sun,0,10556,115,0,0,0
CVE-1999-0300,nis_cachemgr for Solaris NIS+ allows attackers to add malicious NIS+ servers.,8.6,UNKNOWN,UNKNOWN,UNKNOWN,1997-10-01 04:00:00.000,sun,0,10556,115,0,0,0
CVE-1999-0326,Vulnerability in HP-UX mediainit program.,8.6,UNKNOWN,UNKNOWN,UNKNOWN,1997-10-01 04:00:00.000,hp,0,10556,67,0,0,0
CVE-1999-1213,Vulnerability in telnet service in HP-UX 10.30 allows attackers to cause a denial of service.,8.6,UNKNOWN,UNKNOWN,UNKNOWN,1997-10-01 04:00:00.000,hp,0,10556,67,0,0,0
CVE-1999-0061,"File creation and deletion, and remote execution, in the BSD line printer daemon (lpd).",8.6,UNKNOWN,UNKNOWN,UNKNOWN,1997-10-02 04:00:00.000,bsdi,0,10555,16,0,0,0
CVE-1999-1061,"HP Laserjet printers with JetDirect cards, when configured with TCP/IP, can be configured without a password, which allows remote attackers to connect to the printer and change its IP address or disable logging.",8.6,UNKNOWN,UNKNOWN,UNKNOWN,1997-10-04 04:00:00.000,hp,0,10553,67,0,0,0
CVE-1999-1062,"HP Laserjet printers with JetDirect cards, when configured with TCP/IP, allow remote attackers to bypass print filters by directly sending PostScript documents to TCP ports 9099 and 9100.",8.6,UNKNOWN,UNKNOWN,UNKNOWN,1997-10-04 04:00:00.000,hp,0,10553,67,0,0,0
CVE-1999-1095,"sort creates temporary files and follows symbolic links, which allows local users to modify arbitrary files that are writable by the user running sort, as observed in updatedb and other programs that use sort.",8.6,UNKNOWN,UNKNOWN,UNKNOWN,1997-10-06 04:00:00.000,redhat,0,10551,24,0,0,0
CVE-1999-1224,"IMAP 4.1 BETA, and possibly other versions, does not properly handle the SIGABRT (abort) signal, which allows local users to crash the server (imapd) via certain sequences of commands, which causes a core dump that may contain sensitive password information.",8.6,UNKNOWN,UNKNOWN,UNKNOWN,1997-10-08 04:00:00.000,university_of_washington,0,10549,7,0,0,0
CVE-1999-0346,CGI PHP mlog script allows an attacker to read any file on the target server.,8.6,UNKNOWN,UNKNOWN,UNKNOWN,1997-10-16 04:00:00.000,php,0,10541,5,0,0,0
CVE-1999-0192,Buffer overflow in telnet daemon tgetent routing allows remote attackers to gain root access via the TERMCAP environmental variable.,8.6,UNKNOWN,UNKNOWN,UNKNOWN,1997-10-18 04:00:00.000,redhat,0,10539,24,0,0,0
CVE-1999-0068,CGI PHP mylog script allows an attacker to read any file on the target server.,8.6,UNKNOWN,UNKNOWN,UNKNOWN,1997-10-19 04:00:00.000,php,0,10538,5,0,0,0
CVE-1999-0072,Buffer overflow in AIX xdat gives root access to local users.,8.6,UNKNOWN,UNKNOWN,UNKNOWN,1997-10-22 04:00:00.000,ibm,0,10535,55,0,0,0
CVE-1999-1131,"Buffer overflow in OSF Distributed Computing Environment (DCE) security demon (secd) in IRIX 6.4 and earlier allows attackers to cause a denial of service via a long principal, group, or organization.",8.6,UNKNOWN,UNKNOWN,UNKNOWN,1997-10-24 04:00:00.000,sgi,0,10533,69,0,0,0
CVE-1999-1261,"Buffer overflow in Rainbow Six Multiplayer allows remote attackers to cause a denial of service, and possibly execute arbitrary commands, via a long nickname (nick) command.",8.6,UNKNOWN,UNKNOWN,UNKNOWN,1997-10-24 04:00:00.000,metamail_corporation,0,10533,2,0,0,0
CVE-1999-0089,Buffer overflow in AIX libDtSvc library can allow local users to gain root access.,8.6,UNKNOWN,UNKNOWN,UNKNOWN,1997-10-28 05:00:00.000,ibm,0,10529,55,0,0,0
CVE-1999-0091,Buffer overflow in AIX writesrv command allows local users to obtain root access.,8.6,UNKNOWN,UNKNOWN,UNKNOWN,1997-10-28 05:00:00.000,ibm,0,10529,55,0,0,0
CVE-1999-0092,Various vulnerabilities in the AIX portmir command allows local users to obtain root access.,8.6,UNKNOWN,UNKNOWN,UNKNOWN,1997-10-29 05:00:00.000,ibm,0,10528,55,0,0,0
CVE-1999-0093,AIX nslookup command allows local users to obtain root access by not dropping privileges correctly.,8.6,UNKNOWN,UNKNOWN,UNKNOWN,1997-10-29 05:00:00.000,ibm,0,10528,55,0,0,0
CVE-1999-0094,AIX piodmgrsu command allows local users to gain additional group privileges.,8.6,UNKNOWN,UNKNOWN,UNKNOWN,1997-10-29 05:00:00.000,ibm,0,10528,55,0,0,0
CVE-1999-0097,The AIX FTP client can be forced to execute commands from a malicious server through shell metacharacters (e.g. a pipe character).,8.6,UNKNOWN,UNKNOWN,UNKNOWN,1997-10-29 05:00:00.000,hp,0,10528,67,0,0,0
CVE-1999-0322,The open() function in FreeBSD allows local attackers to write to arbitrary files.,8.6,UNKNOWN,UNKNOWN,UNKNOWN,1997-10-29 05:00:00.000,freebsd,0,10528,33,0,0,0
CVE-1999-0216,Denial of service of inetd on Linux through SYN and RST packets.,8.6,UNKNOWN,UNKNOWN,UNKNOWN,1997-11-01 05:00:00.000,gnu,0,10525,11,0,0,0
CVE-1999-0327,SGI syserr program allows local users to corrupt files.,8.6,UNKNOWN,UNKNOWN,UNKNOWN,1997-11-01 05:00:00.000,sgi,0,10525,69,0,0,0
CVE-1999-0328,SGI permissions program allows local users to gain root privileges.,8.6,UNKNOWN,UNKNOWN,UNKNOWN,1997-11-01 05:00:00.000,sgi,0,10525,69,0,0,0
CVE-1999-0967,"Buffer overflow in the HTML library used by Internet Explorer, Outlook Express, and Windows Explorer via the res: local resource protocol.",8.6,UNKNOWN,UNKNOWN,UNKNOWN,1997-11-01 05:00:00.000,microsoft,0,10525,245,0,0,0
CVE-1999-0306,buffer overflow in HP xlock program.,8.6,UNKNOWN,UNKNOWN,UNKNOWN,1997-11-04 05:00:00.000,hp,0,10522,67,0,0,0
CVE-1999-0021,Arbitrary command execution via buffer overflow in Count.cgi (wwwcount) cgi-bin program.,8.6,UNKNOWN,UNKNOWN,UNKNOWN,1997-11-05 05:00:00.000,muhammad_a._muquit,0,10521,1,0,0,0
CVE-1999-1069,Directory traversal vulnerability in carbo.dll in iCat Carbo Server 3.0.0 allows remote attackers to read arbitrary files via a .. (dot dot) in the icatcommand parameter.,8.6,UNKNOWN,UNKNOWN,UNKNOWN,1997-11-08 05:00:00.000,icat,0,10518,1,0,0,0
CVE-1999-1424,"Solaris Solstice AdminSuite (AdminSuite) 2.1 uses unsafe permissions when adding new users to the NIS+ password table, which allows local users to gain root access by modifying their password table entries.",8.6,UNKNOWN,UNKNOWN,UNKNOWN,1997-11-10 05:00:00.000,sun,0,10516,115,0,0,0
CVE-1999-1425,"Solaris Solstice AdminSuite (AdminSuite) 2.1 incorrectly sets write permissions on source files for NIS maps, which could allow local users to gain privileges by modifying /etc/passwd.",8.6,UNKNOWN,UNKNOWN,UNKNOWN,1997-11-10 05:00:00.000,sun,0,10516,115,0,0,0
CVE-1999-1426,"Solaris Solstice AdminSuite (AdminSuite) 2.1 follows symbolic links when updating an NIS database, which allows local users to overwrite arbitrary files.",8.6,UNKNOWN,UNKNOWN,UNKNOWN,1997-11-10 05:00:00.000,sun,0,10516,115,0,0,0
CVE-1999-1427,"Solaris Solstice AdminSuite (AdminSuite) 2.1 and 2.2 create lock files insecurely, which allows local users to gain root privileges.",8.6,UNKNOWN,UNKNOWN,UNKNOWN,1997-11-10 05:00:00.000,sun,0,10516,115,0,0,0
CVE-1999-1428,"Solaris Solstice AdminSuite (AdminSuite) 2.1 and 2.2 allows local users to gain privileges via the save option in the Database Manager, which is running with setgid bin privileges.",8.6,UNKNOWN,UNKNOWN,UNKNOWN,1997-11-10 05:00:00.000,sun,0,10516,115,0,0,0
CVE-1999-1210,"xterm in Digital UNIX 4.0B *with* patch kit 5 allows local users to overwrite arbitrary files via a symlink attack on a core dump file, which is created when xterm is called with a DISPLAY environmental variable set to a display that xterm cannot access.",8.6,UNKNOWN,UNKNOWN,UNKNOWN,1997-11-12 05:00:00.000,digital,0,10514,18,0,0,0
CVE-1999-1209,Vulnerability in scoterm in SCO OpenServer 5.0 and SCO Open Desktop/Open Server 3.0 allows local users to gain root privileges.,8.6,UNKNOWN,UNKNOWN,UNKNOWN,1997-11-20 05:00:00.000,sco,0,10506,27,0,0,0
CVE-1999-0210,Automount daemon automountd allows local or remote users to gain privileges via shell metacharacters.,8.6,UNKNOWN,UNKNOWN,UNKNOWN,1997-11-26 05:00:00.000,sun,0,10500,115,0,0,0
CVE-1999-1257,"Xyplex terminal server 6.0.1S1, and possibly other versions, allows remote attackers to bypass the password prompt by entering (1) a CTRL-Z character, or (2) a ? (question mark).",8.6,UNKNOWN,UNKNOWN,UNKNOWN,1997-11-26 05:00:00.000,xyplex,0,10500,1,0,0,0
CVE-1999-0016,Land IP denial of service.,8.6,UNKNOWN,UNKNOWN,UNKNOWN,1997-12-01 05:00:00.000,cisco,0,10495,41,0,0,0
CVE-1999-0193,"Denial of service in Ascend and 3com routers, which can be rebooted by sending a zero length TCP option.",8.6,UNKNOWN,UNKNOWN,UNKNOWN,1997-12-01 05:00:00.000,ascend,0,10495,2,0,0,0
CVE-1999-0244,Livingston RADIUS code has a buffer overflow which can allow remote execution of commands as root.,8.6,UNKNOWN,UNKNOWN,UNKNOWN,1997-12-01 05:00:00.000,livingston,0,10495,1,0,0,0
CVE-1999-0340,Buffer overflow in Linux Slackware crond program allows local users to gain root access.,8.6,UNKNOWN,UNKNOWN,UNKNOWN,1997-12-01 05:00:00.000,slackware,0,10495,12,0,0,0
CVE-1999-0018,Buffer overflow in statd allows root privileges.,8.6,UNKNOWN,UNKNOWN,UNKNOWN,1997-12-05 05:00:00.000,sgi,0,10491,69,0,0,0
CVE-1999-0017,"FTP servers can allow an attacker to connect to arbitrary ports on machines other than the FTP client, aka FTP bounce.",8.6,UNKNOWN,UNKNOWN,UNKNOWN,1997-12-10 05:00:00.000,gnu,0,10486,11,0,0,0
CVE-1999-1140,Buffer overflow in CrackLib 2.5 may allow local users to gain root privileges via a long GECOS field.,8.6,UNKNOWN,UNKNOWN,UNKNOWN,1997-12-14 05:00:00.000,alec_muffet,0,10482,1,0,0,0
CVE-1999-0230,Buffer overflow in Cisco 7xx routers through the telnet service.,8.6,UNKNOWN,UNKNOWN,UNKNOWN,1997-12-15 05:00:00.000,cisco,0,10481,41,0,0,0
CVE-1999-0004,"MIME buffer overflow in email clients, e.g. Solaris mailtool and Outlook.",8.6,UNKNOWN,UNKNOWN,UNKNOWN,1997-12-16 05:00:00.000,hp,0,10480,67,0,0,0
CVE-1999-0015,Teardrop IP denial of service.,8.6,UNKNOWN,UNKNOWN,UNKNOWN,1997-12-16 05:00:00.000,hp,0,10480,67,0,0,0
CVE-1999-0104,"A later variation on the Teardrop IP denial of service attack, a.k.a. Teardrop-2.",8.6,UNKNOWN,UNKNOWN,UNKNOWN,1997-12-16 05:00:00.000,caldera,0,10480,9,0,0,0
CVE-1999-1581,Memory leak in Simple Network Management Protocol (SNMP) agent (snmp.exe) for Windows NT 4.0 before Service Pack 4 allows remote attackers to cause a denial of service (memory consumption) via a large number of SNMP packets with Object Identifiers (OIDs) that cannot be decoded.,8.6,UNKNOWN,UNKNOWN,UNKNOWN,1997-12-23 05:00:00.000,microsoft,0,10473,245,0,0,0
CVE-1999-1230,"Quake 2 server allows remote attackers to cause a denial of service via a spoofed UDP packet with a source address of 127.0.0.1, which causes the server to attempt to connect to itself.",8.6,UNKNOWN,UNKNOWN,UNKNOWN,1997-12-24 05:00:00.000,id_software,0,10472,4,0,0,0
CVE-1999-1274,iPass RoamServer 3.1 creates temporary files with world-writable permissions.,8.6,UNKNOWN,UNKNOWN,UNKNOWN,1997-12-29 05:00:00.000,ipass,0,10467,1,0,0,0
CVE-1999-0107,Buffer overflow in Apache 1.2.5 and earlier allows a remote attacker to cause a denial of service with a large number of GET requests containing a large number of / characters.,8.6,UNKNOWN,UNKNOWN,UNKNOWN,1997-12-30 05:00:00.000,apache,0,10466,18,0,0,0
CVE-1999-0114,"Local users can execute commands as other users, and read other users' files, through the filter command in the Elm elm-2.4 mail package using a symlink attack.",8.6,UNKNOWN,UNKNOWN,UNKNOWN,1998-01-01 05:00:00.000,elm_development_group,0,10464,2,0,0,0
CVE-1999-0239,"Netscape FastTrack Web server lists files when a lowercase ""get"" command is used instead of an uppercase GET.",7.5,NETWORK,NONE,NONE,1998-01-01 05:00:00.000,netscape,0,10464,27,1,1,1
CVE-1999-0273,Denial of service through Solaris 2.5.1 telnet by sending ^D characters.,8.6,UNKNOWN,UNKNOWN,UNKNOWN,1998-01-01 05:00:00.000,sun,0,10464,115,0,0,0
CVE-1999-0279,Excite for Web Servers (EWS) allows remote command execution via shell metacharacters.,8.6,UNKNOWN,UNKNOWN,UNKNOWN,1998-01-01 05:00:00.000,excite,0,10464,4,0,0,0
CVE-1999-0284,"Denial of service to NT mail servers including Ipswitch, Mdaemon, and Exchange through a buffer overflow in the SMTP HELO command.",8.6,UNKNOWN,UNKNOWN,UNKNOWN,1998-01-01 05:00:00.000,ibm,0,10464,55,0,0,0
CVE-1999-0293,AAA authentication on Cisco systems allows attackers to execute commands without authorization.,8.6,UNKNOWN,UNKNOWN,UNKNOWN,1998-01-01 05:00:00.000,cisco,0,10464,41,0,0,0
CVE-1999-0331,Buffer overflow in Internet Explorer 4.0(1).,8.6,UNKNOWN,UNKNOWN,UNKNOWN,1998-01-01 05:00:00.000,microsoft,0,10464,245,0,0,0
CVE-1999-0341,"Buffer overflow in the Linux mail program ""deliver"" allows local users to gain root access.",8.6,UNKNOWN,UNKNOWN,UNKNOWN,1998-01-01 05:00:00.000,debian,0,10464,26,0,0,0
CVE-1999-1439,"gcc 2.7.2 allows local users to overwrite arbitrary files via a symlink attack on temporary .i, .s, or .o files.",8.6,UNKNOWN,UNKNOWN,UNKNOWN,1998-01-02 05:00:00.000,gcc,0,10463,1,0,0,0
CVE-1999-0513,"ICMP messages to broadcast addresses are allowed, allowing for a Smurf attack that can cause a denial of service.",8.6,UNKNOWN,UNKNOWN,UNKNOWN,1998-01-05 05:00:00.000,digital,0,10460,18,0,0,0
CVE-1999-1429,"DIT TransferPro installs devices with world-readable and world-writable permissions, which could allow local users to damage disks through the ff device driver.",8.6,UNKNOWN,UNKNOWN,UNKNOWN,1998-01-05 05:00:00.000,dit,0,10460,1,0,0,0
CVE-1999-0086,AIX routed allows remote users to modify sensitive files.,8.6,UNKNOWN,UNKNOWN,UNKNOWN,1998-01-08 05:00:00.000,ibm,0,10457,55,0,0,0
CVE-1999-1176,Buffer overflow in cidentd ident daemon allows local users to gain root privileges via a long line in the .authlie script.,8.6,UNKNOWN,UNKNOWN,UNKNOWN,1998-01-10 05:00:00.000,aaron_ledbetter,0,10455,1,0,0,0
CVE-1999-0958,sudo 1.5.x allows local users to execute arbitrary commands via a .. (dot dot) attack.,8.6,UNKNOWN,UNKNOWN,UNKNOWN,1998-01-12 05:00:00.000,todd_miller,0,10453,2,0,0,0
CVE-1999-0271,Progressive Networks Real Video server (pnserver) can be crashed remotely.,8.6,UNKNOWN,UNKNOWN,UNKNOWN,1998-01-15 05:00:00.000,UNKNOWN,0,10450,151,0,0,0
CVE-1999-1045,"pnserver in RealServer 5.0 and earlier allows remote attackers to cause a denial of service by sending a short, malformed request.",8.6,UNKNOWN,UNKNOWN,UNKNOWN,1998-01-15 05:00:00.000,realnetworks,0,10450,5,0,0,0
CVE-1999-0014,Unauthorized privileged access or denial of service via dtappgather program in CDE.,8.6,UNKNOWN,UNKNOWN,UNKNOWN,1998-01-21 05:00:00.000,cde,0,10444,7,0,0,0
CVE-1999-1487,Vulnerability in digest in AIX 4.3 allows printq users to gain root privileges by creating and/or modifing any file on the system.,8.6,UNKNOWN,UNKNOWN,UNKNOWN,1998-01-21 05:00:00.000,ibm,0,10444,55,0,0,0
CVE-1999-0013,"Stolen credentials from SSH clients via ssh-agent program, allowing other local users to access remote accounts belonging to the ssh-agent user.",8.4,LOCAL,NONE,NONE,1998-01-22 05:00:00.000,ssh,0,10443,9,1,1,0
CVE-1999-0125,Buffer overflow in SGI IRIX mailx program.,8.6,UNKNOWN,UNKNOWN,UNKNOWN,1998-01-25 05:00:00.000,sgi,0,10440,69,0,0,0
CVE-1999-0264,htmlscript CGI program allows remote read access to files.,8.6,UNKNOWN,UNKNOWN,UNKNOWN,1998-01-27 05:00:00.000,miva,0,10438,1,0,0,0
CVE-1999-0087,Denial of service in AIX telnet can freeze a system and prevent users from accessing the server.,8.6,UNKNOWN,UNKNOWN,UNKNOWN,1998-02-01 05:00:00.000,ibm,0,10433,55,0,0,0
CVE-1999-0256,Buffer overflow in War FTP allows remote execution of commands.,8.6,UNKNOWN,UNKNOWN,UNKNOWN,1998-02-01 05:00:00.000,jgaa,0,10433,2,0,0,0
CVE-1999-0296,Solaris volrmmount program allows attackers to read any file.,8.6,UNKNOWN,UNKNOWN,UNKNOWN,1998-02-01 05:00:00.000,sun,0,10433,115,0,0,0
CVE-1999-0304,mmap function in BSD allows local attackers in the kmem group to modify memory through devices.,8.6,UNKNOWN,UNKNOWN,UNKNOWN,1998-02-01 05:00:00.000,bsdi,0,10433,16,0,0,0
CVE-1999-0305,"The system configuration control (sysctl) facility in BSD based operating systems OpenBSD 2.2 and earlier, and FreeBSD 2.2.5 and earlier, does not properly restrict source routed packets even when the (1) dosourceroute or (2) forwarding variables are set, which allows remote attackers to spoof TCP connections.",8.6,UNKNOWN,UNKNOWN,UNKNOWN,1998-02-01 05:00:00.000,bsdi,0,10433,16,0,0,0
CVE-1999-0486,"Denial of service in AOL Instant Messenger when a remote attacker sends a malicious hyperlink to the receiving client, potentially causing a system crash.",8.6,UNKNOWN,UNKNOWN,UNKNOWN,1998-02-01 05:00:00.000,aol,0,10433,1,0,0,0
CVE-1999-1445,"Vulnerability in imapd and ipop3d in Slackware 3.4 and 3.3 with shadowing enabled, and possibly other operating systems, allows remote attackers to cause a core dump via a short sequence of USER and PASS commands that do not provide valid usernames or passwords.",8.6,UNKNOWN,UNKNOWN,UNKNOWN,1998-02-02 05:00:00.000,slackware,0,10432,12,0,0,0
CVE-1999-0012,Some web servers under Microsoft Windows allow remote attackers to bypass access restrictions for files with long file names.,7.0,NETWORK,NONE,NONE,1998-02-06 05:00:00.000,microsoft,0,10428,245,1,1,1
CVE-1999-1269,Screen savers in KDE beta 3 allows local users to overwrite arbitrary files via a symlink attack on the .kss.pid file.,8.6,UNKNOWN,UNKNOWN,UNKNOWN,1998-02-06 05:00:00.000,kde,0,10428,10,0,0,0
CVE-1999-0258,Bonk variation of teardrop IP fragmentation denial of service.,8.6,UNKNOWN,UNKNOWN,UNKNOWN,1998-02-13 05:00:00.000,microsoft,0,10421,245,0,0,0
CVE-1999-0225,Windows NT 4.0 allows remote attackers to cause a denial of service via a malformed SMB logon request in which the actual data size does not match the specified size.,8.6,UNKNOWN,UNKNOWN,UNKNOWN,1998-02-14 05:00:00.000,microsoft,0,10420,245,0,0,0
CVE-1999-1207,"Buffer overflow in web-admin tool in NetXRay 2.6 allows remote attackers to cause a denial of service, and possibly execute arbitrary commands, via a long HTTP request.",8.6,UNKNOWN,UNKNOWN,UNKNOWN,1998-02-18 05:00:00.000,network_general,0,10416,1,0,0,0
CVE-1999-0323,FreeBSD mmap function allows users to modify append-only or immutable files.,8.6,UNKNOWN,UNKNOWN,UNKNOWN,1998-02-20 05:00:00.000,bsdi,0,10414,16,0,0,0
CVE-1999-1273,Squid Internet Object Cache 1.1.20 allows users to bypass access control lists (ACLs) by encoding the URL with hexadecimal escape sequences.,8.6,UNKNOWN,UNKNOWN,UNKNOWN,1998-02-20 05:00:00.000,national_science_foundation,0,10414,1,0,0,0
CVE-1999-0290,The WinGate telnet proxy allows remote attackers to cause a denial of service via a large number of connections to localhost.,8.6,UNKNOWN,UNKNOWN,UNKNOWN,1998-02-21 05:00:00.000,qbik,0,10413,3,0,0,0
CVE-1999-1229,"Quake 2 server 3.13 on Linux does not properly check file permissions for the config.cfg configuration file, which allows local users to read arbitrary files via a symlink from config.cfg to the target file.",8.6,UNKNOWN,UNKNOWN,UNKNOWN,1998-02-25 05:00:00.000,id_software,0,10409,4,0,0,0
CVE-1999-1486,"sadc in IBM AIX 4.1 through 4.3, when called from programs such as timex that are setgid adm, allows local users to overwrite arbitrary files via a symlink attack.",8.6,UNKNOWN,UNKNOWN,UNKNOWN,1998-02-25 05:00:00.000,ibm,0,10409,55,0,0,0
CVE-1999-0266,The info2www CGI script allows remote file access or remote command execution.,8.6,UNKNOWN,UNKNOWN,UNKNOWN,1998-03-01 05:00:00.000,roar_smith,0,10405,1,0,0,0
CVE-1999-0320,SunOS rpc.cmsd allows attackers to obtain root access by overwriting arbitrary files.,8.6,UNKNOWN,UNKNOWN,UNKNOWN,1998-03-01 05:00:00.000,sun,0,10405,115,0,0,0
CVE-1999-0330,Linux bdash game has a buffer overflow that allows local users to gain root access.,8.6,UNKNOWN,UNKNOWN,UNKNOWN,1998-03-01 05:00:00.000,linux,0,10405,24,0,0,0
CVE-1999-0502,"A Unix account has a default, null, blank, or missing password.",8.6,UNKNOWN,UNKNOWN,UNKNOWN,1998-03-01 05:00:00.000,hp,0,10405,67,0,0,0
CVE-1999-0514,"UDP messages to broadcast addresses are allowed, allowing for a Fraggle attack that can cause a denial of service by flooding the target.",8.6,UNKNOWN,UNKNOWN,UNKNOWN,1998-03-01 05:00:00.000,UNKNOWN,0,10405,151,0,0,0
CVE-1999-0795,"The NIS+ rpc.nisd server allows remote attackers to execute certain RPC calls without authentication to obtain system information, disable logging, or modify caches.",8.6,UNKNOWN,UNKNOWN,UNKNOWN,1998-03-01 05:00:00.000,sun,0,10405,115,0,0,0
CVE-1999-1272,Buffer overflows in CDROM Confidence Test program (cdrom) allow local users to gain root privileges.,8.6,UNKNOWN,UNKNOWN,UNKNOWN,1998-03-01 05:00:00.000,sgi,0,10405,69,0,0,0
CVE-1999-1407,ifdhcpc-done script for configuring DHCP on Red Hat Linux 5 allows local users to append text to arbitrary files via a symlink attack on the dhcplog file.,8.6,UNKNOWN,UNKNOWN,UNKNOWN,1998-03-09 05:00:00.000,redhat,0,10397,24,0,0,0
CVE-1999-1118,ndd in Solaris 2.6 allows local users to cause a denial of service by modifying certain TCP/IP parameters.,8.6,UNKNOWN,UNKNOWN,UNKNOWN,1998-03-11 05:00:00.000,sun,0,10395,115,0,0,0
CVE-1999-0060,"Attackers can cause a denial of service in Ascend MAX and Pipeline routers with a malformed packet to the discard port, which is used by the Java Configurator tool.",8.6,UNKNOWN,UNKNOWN,UNKNOWN,1998-03-16 05:00:00.000,lucent,0,10390,2,0,0,0
CVE-1999-1075,"inetd in AIX 4.1.5 dynamically assigns a port N when starting ttdbserver (ToolTalk server), but also inadvertently listens on port N-1 without passing control to ttdbserver, which allows remote attackers to cause a denial of service via a large number of connections to port N-1, which are not properly closed by inetd.",8.6,UNKNOWN,UNKNOWN,UNKNOWN,1998-03-18 05:00:00.000,ibm,0,10388,55,0,0,0
CVE-1999-0960,IRIX cdplayer allows local users to create directories in arbitrary locations via a command line option.,8.6,UNKNOWN,UNKNOWN,UNKNOWN,1998-03-20 05:00:00.000,sgi,0,10386,69,0,0,0
CVE-1999-0003,Execute commands as root via buffer overflow in Tooltalk database server (rpc.ttdbserverd).,8.6,UNKNOWN,UNKNOWN,UNKNOWN,1998-04-01 05:00:00.000,tritreal,0,10374,1,0,0,0
CVE-1999-0098,Buffer overflow in SMTP HELO command in Sendmail allows a remote attacker to hide activities.,8.6,UNKNOWN,UNKNOWN,UNKNOWN,1998-04-01 05:00:00.000,apple,0,10374,32,0,0,0
CVE-1999-0257,Nestea variation of teardrop IP fragmentation denial of service.,8.6,UNKNOWN,UNKNOWN,UNKNOWN,1998-04-01 05:00:00.000,linux,0,10374,24,0,0,0
CVE-1999-0507,"An account on a router, firewall, or other network device has a guessable password.",8.6,UNKNOWN,UNKNOWN,UNKNOWN,1998-04-01 05:00:00.000,UNKNOWN,0,10374,151,0,0,0
CVE-1999-0537,"A configuration in a web browser such as Internet Explorer or Netscape Navigator allows execution of active content such as ActiveX, Java, Javascript, etc.",8.6,UNKNOWN,UNKNOWN,UNKNOWN,1998-04-01 05:00:00.000,microsoft,0,10374,245,0,0,0
CVE-1999-0551,HP OpenMail can be misconfigured to allow users to run arbitrary commands using malicious print requests.,8.6,UNKNOWN,UNKNOWN,UNKNOWN,1998-04-01 05:00:00.000,hp,0,10374,67,0,0,0
CVE-1999-1183,"System Manager sysmgr GUI in SGI IRIX 6.4 and 6.3 allows remote attackers to execute commands by providing a trojan horse (1) runtask or (2) runexec descriptor file, which is used to execute a System Manager Task when the user's Mailcap entry supports the x-sgi-task or x-sgi-exec type.",8.6,UNKNOWN,UNKNOWN,UNKNOWN,1998-04-02 05:00:00.000,sgi,0,10373,69,0,0,0
CVE-1999-0270,"Directory traversal vulnerability in pfdispaly.cgi program (sometimes referred to as ""pfdisplay"") for SGI's Performer API Search Tool (performer_tools) allows remote attackers to read arbitrary files.",8.6,UNKNOWN,UNKNOWN,UNKNOWN,1998-04-03 05:00:00.000,sgi,0,10372,69,0,0,0
CVE-1999-1498,Slackware Linux 3.4 pkgtool allows local attacker to read and write to arbitrary files via a symlink attack on the reply file.,8.6,UNKNOWN,UNKNOWN,UNKNOWN,1998-04-06 04:00:00.000,slackware,0,10369,12,0,0,0
CVE-1999-1505,Buffer overflow in QuakeWorld 2.10 allows remote attackers to cause a denial of service (crash) and possibly execute arbitrary commands via a long initial connect packet.,8.6,UNKNOWN,UNKNOWN,UNKNOWN,1998-04-07 04:00:00.000,id_software,0,10368,4,0,0,0
CVE-1999-0009,Inverse query buffer overflow in BIND 4.9 and BIND 8 Releases.,8.6,UNKNOWN,UNKNOWN,UNKNOWN,1998-04-08 04:00:00.000,data_general,0,10367,6,0,0,0
CVE-1999-0010,Denial of Service vulnerability in BIND 8 Releases via maliciously formatted DNS messages.,8.6,UNKNOWN,UNKNOWN,UNKNOWN,1998-04-08 04:00:00.000,data_general,0,10367,6,0,0,0
CVE-1999-0011,Denial of Service vulnerabilities in BIND 4.9 and BIND 8 Releases via CNAME record and zone transfer.,5.4,ADJACENT_NETWORK,NONE,NONE,1998-04-08 04:00:00.000,data_general,0,10367,6,1,1,0
CVE-1999-0190,Solaris rpcbind can be exploited to overwrite arbitrary files and gain root access.,8.6,UNKNOWN,UNKNOWN,UNKNOWN,1998-04-08 04:00:00.000,sun,0,10367,115,0,0,0
CVE-1999-1015,Buffer overflow in Apple AppleShare Mail Server 5.0.3 on MacOS 8.1 and earlier allows a remote attacker to cause a denial of service (crash) via a long HELO command.,8.6,UNKNOWN,UNKNOWN,UNKNOWN,1998-04-08 04:00:00.000,apple,0,10367,32,0,0,0
CVE-1999-1040,Vulnerabilities in (1) ipxchk and (2) ipxlink in NetWare Client 1.0 on IRIX 6.3 and 6.4 allows local users to gain root access via a modified IFS environmental variable.,8.6,UNKNOWN,UNKNOWN,UNKNOWN,1998-04-08 04:00:00.000,sgi,0,10367,69,0,0,0
CVE-1999-1114,"Buffer overflow in Korn Shell (ksh) suid_exec program on IRIX 6.x and earlier, and possibly other operating systems, allows local users to gain root privileges.",8.6,UNKNOWN,UNKNOWN,UNKNOWN,1998-04-08 04:00:00.000,sgi,0,10367,69,0,0,0
CVE-1999-1501,"(1) ipxchk and (2) ipxlink in SGI OS2 IRIX 6.3 does not properly clear the IFS environmental variable before executing system calls, which allows local users to execute arbitrary commands.",8.6,UNKNOWN,UNKNOWN,UNKNOWN,1998-04-08 04:00:00.000,sgi,0,10367,69,0,0,0
CVE-1999-1502,"Buffer overflows in Quake 1.9 client allows remote malicious servers to execute arbitrary commands via long (1) precache paths, (2) server name, (3) server address, or (4) argument to the map console command.",8.6,UNKNOWN,UNKNOWN,UNKNOWN,1998-04-08 04:00:00.000,id_software,0,10367,4,0,0,0
CVE-1999-1503,Network Flight Recorder (NFR) 1.5 and 1.6 allows remote attackers to cause a denial of service in nfrd (crash) via a TCP packet with a null header and data field.,8.6,UNKNOWN,UNKNOWN,UNKNOWN,1998-04-08 04:00:00.000,nfr,0,10367,1,0,0,0
CVE-1999-1504,Stalker Internet Mail Server 1.6 allows a remote attacker to cause a denial of service (crash) via a long HELO command.,8.6,UNKNOWN,UNKNOWN,UNKNOWN,1998-04-08 04:00:00.000,stalker,0,10367,2,0,0,0
CVE-1999-1499,"named in ISC BIND 4.9 and 8.1 allows local users to destroy files via a symlink attack on (1) named_dump.db when root kills the process with a SIGINT, or (2) named.stats when SIGIOT is used.",8.6,UNKNOWN,UNKNOWN,UNKNOWN,1998-04-10 04:00:00.000,isc,0,10365,14,0,0,0
CVE-1999-1113,Buffer overflow in Eudora Internet Mail Server (EIMS) 2.01 and earlier on MacOS systems allows remote attackers to cause a denial of service via a long USER command to port 106.,8.6,UNKNOWN,UNKNOWN,UNKNOWN,1998-04-14 04:00:00.000,eudora,0,10361,1,0,0,0
CVE-1999-1390,suidexec in suidmanager 0.18 on Debian 2.0 allows local users to gain root privileges by specifying a malicious program on the command line.,8.6,UNKNOWN,UNKNOWN,UNKNOWN,1998-04-28 04:00:00.000,debian,0,10347,26,0,0,0
CVE-1999-0069,Solaris ufsrestore buffer overflow.,8.4,LOCAL,NONE,NONE,1998-04-29 04:00:00.000,sun,0,10346,115,1,1,0
CVE-1999-0212,Solaris rpc.mountd generates error messages that allow a remote attacker to determine what files are on the server.,8.6,UNKNOWN,UNKNOWN,UNKNOWN,1998-04-29 04:00:00.000,sun,0,10346,115,0,0,0
CVE-1999-1106,Buffer overflow in kppp in KDE allows local users to gain root access via a long -c (account_name) command line argument.,8.6,UNKNOWN,UNKNOWN,UNKNOWN,1998-04-29 04:00:00.000,kde,0,10346,10,0,0,0
CVE-1999-0108,The printers program in IRIX has a buffer overflow that gives root access to local users.,8.6,UNKNOWN,UNKNOWN,UNKNOWN,1998-05-01 04:00:00.000,sgi,0,10344,69,0,0,0
CVE-1999-0796,FreeBSD T/TCP Extensions for Transactions can be subjected to spoofing attacks.,8.6,UNKNOWN,UNKNOWN,UNKNOWN,1998-05-01 04:00:00.000,freebsd,0,10344,33,0,0,0
CVE-1999-0126,SGI IRIX buffer overflow in xterm and Xaw allows root access.,8.6,UNKNOWN,UNKNOWN,UNKNOWN,1998-05-03 04:00:00.000,xfree86_project,0,10342,3,0,0,0
CVE-1999-1027,"Solaris 2.6 HW3/98 installs admintool with world-writable permissions, which allows local users to gain privileges by replacing it with a Trojan horse program.",8.6,UNKNOWN,UNKNOWN,UNKNOWN,1998-05-07 04:00:00.000,sun,0,10338,115,0,0,0
CVE-1999-1044,Vulnerability in Advanced File System Utility (advfs) in Digital UNIX 4.0 through 4.0d allows local users to gain privileges.,8.6,UNKNOWN,UNKNOWN,UNKNOWN,1998-05-07 04:00:00.000,digital,0,10338,18,0,0,0
CVE-1999-1361,"Windows NT 3.51 and 4.0 running WINS (Windows Internet Name Service) allows remote attackers to cause a denial of service (resource exhaustion) via a flood of malformed packets, which causes the server to slow down and fill the event logs with error messages.",8.6,UNKNOWN,UNKNOWN,UNKNOWN,1998-05-09 04:00:00.000,microsoft,0,10336,245,0,0,0
CVE-1999-0816,The Motorola CableRouter allows any remote user to connect to and configure the router on port 1024.,8.6,UNKNOWN,UNKNOWN,UNKNOWN,1998-05-10 04:00:00.000,motorola,0,10335,2,0,0,0
CVE-1999-0919,A memory leak in a Motorola CableRouter allows remote attackers to conduct a denial of service via a large number of telnet connections.,8.6,UNKNOWN,UNKNOWN,UNKNOWN,1998-05-10 04:00:00.000,motorola,0,10335,2,0,0,0
CVE-1999-1204,"Check Point Firewall-1 does not properly handle certain restricted keywords (e.g., Mail, auth, time) in user-defined objects, which could produce a rule with a default ""ANY"" address and result in access to more systems than intended by the administrator.",8.6,UNKNOWN,UNKNOWN,UNKNOWN,1998-05-11 04:00:00.000,checkpoint,0,10334,5,0,0,0
CVE-1999-1389,"US Robotics/3Com Total Control Chassis with Frame Relay between 3.6.22 and 3.7.24 does not properly enforce access filters when the ""set host prompt"" setting is made for a port, which allows attackers to bypass restrictions by providing the hostname twice at the ""host: "" prompt.",8.6,UNKNOWN,UNKNOWN,UNKNOWN,1998-05-11 04:00:00.000,3com,0,10334,3,0,0,0
CVE-1999-0055,Buffer overflows in Sun libnsl allow root access.,8.6,UNKNOWN,UNKNOWN,UNKNOWN,1998-05-14 04:00:00.000,ibm,0,10331,55,0,0,0
CVE-1999-1179,"Vulnerability in man.sh CGI script, included in May 1998 issue of SysAdmin Magazine, allows remote attackers to execute arbitrary commands.",8.6,UNKNOWN,UNKNOWN,UNKNOWN,1998-05-15 04:00:00.000,sysadmin_magazine,0,10330,1,0,0,0
CVE-1999-1096,Buffer overflow in kscreensaver in KDE klock allows local users to gain root privileges via a long HOME environmental variable.,8.6,UNKNOWN,UNKNOWN,UNKNOWN,1998-05-16 04:00:00.000,kde,0,10329,10,0,0,0
CVE-1999-0303,Buffer overflow in BNU UUCP daemon (uucpd) through long hostnames.,8.6,UNKNOWN,UNKNOWN,UNKNOWN,1998-05-21 04:00:00.000,digital,0,10324,18,0,0,0
CVE-1999-1039,Vulnerability in (1) diskalign and (2) diskperf in IRIX 6.4 patches 2291 and 2848 allow a local user to create root-owned files leading to a root compromise.,8.6,UNKNOWN,UNKNOWN,UNKNOWN,1998-05-27 04:00:00.000,sgi,0,10318,69,0,0,0
CVE-1999-1492,"Vulnerability in (1) diskperf and (2) diskalign in IRIX 6.4 allows local attacker to create arbitrary root owned files, leading to root privileges.",8.6,UNKNOWN,UNKNOWN,UNKNOWN,1998-05-27 04:00:00.000,sgi,0,10318,69,0,0,0
CVE-1999-1490,xosview 1.5.1 in Red Hat 5.1 allows local users to gain root access via a long HOME environmental variable.,8.6,UNKNOWN,UNKNOWN,UNKNOWN,1998-05-28 04:00:00.000,redhat,0,10317,24,0,0,0
CVE-1999-0278,"In IIS, remote attackers can obtain source code for ASP files by appending ""::$DATA"" to the URL.",8.6,UNKNOWN,UNKNOWN,UNKNOWN,1998-06-01 04:00:00.000,microsoft,0,10313,245,0,0,0
CVE-1999-0329,SGI mediad program allows local users to gain root access.,8.6,UNKNOWN,UNKNOWN,UNKNOWN,1998-06-01 04:00:00.000,sgi,0,10313,69,0,0,0
CVE-1999-0501,A Unix account has a guessable password.,8.6,UNKNOWN,UNKNOWN,UNKNOWN,1998-06-01 04:00:00.000,UNKNOWN,0,10313,151,0,0,0
CVE-1999-0508,"An account on a router, firewall, or other network device has a default, null, blank, or missing password.",8.6,UNKNOWN,UNKNOWN,UNKNOWN,1998-06-01 04:00:00.000,UNKNOWN,0,10313,151,0,0,0
CVE-1999-1443,"Micah Software Full Armor Network Configurator and Zero Administration allow local users with physical access to bypass the desktop protection by (1) using <CTRL><ALT><DEL> and kill the process using the task manager, (2) booting the system from a separate disk, or (3) interrupting certain processes that execute while the system is booting.",8.6,UNKNOWN,UNKNOWN,UNKNOWN,1998-06-02 04:00:00.000,micah_software,0,10312,1,0,0,0
CVE-1999-1151,"Compaq/Microcom 6000 Access Integrator does not cause a session timeout after prompting for a username or password, which allows remote attackers to cause a denial of service by connecting to the integrator without providing a username or password.",8.6,UNKNOWN,UNKNOWN,UNKNOWN,1998-06-03 04:00:00.000,compaq_microcom,0,10311,1,0,0,0
CVE-1999-1152,"Compaq/Microcom 6000 Access Integrator does not disconnect a client after a certain number of failed login attempts, which allows remote attackers to guess usernames or passwords via a brute force attack.",7.5,NETWORK,NONE,NONE,1998-06-03 04:00:00.000,compaq,0,10311,4,1,1,1
CVE-1999-0008,"Buffer overflow in NIS+, in Sun's rpc.nisd program.",8.6,UNKNOWN,UNKNOWN,UNKNOWN,1998-06-08 04:00:00.000,hp,0,10306,67,0,0,0
CVE-1999-0054,Sun's ftpd daemon can be subjected to a denial of service.,8.6,UNKNOWN,UNKNOWN,UNKNOWN,1998-06-10 04:00:00.000,sun,0,10304,115,0,0,0
CVE-1999-1178,Sambar Server 4.1 beta allows remote attackers to obtain sensitive information about the server via an HTTP request for the dumpenv.pl script.,8.6,UNKNOWN,UNKNOWN,UNKNOWN,1998-06-10 04:00:00.000,sambar,0,10304,2,0,0,0
CVE-1999-1271,"Macromedia Dreamweaver uses weak encryption to store FTP passwords, which could allow local users to easily decrypt the passwords of other users.",8.6,UNKNOWN,UNKNOWN,UNKNOWN,1998-06-11 04:00:00.000,macromedia,0,10303,4,0,0,0
CVE-1999-1480,(1) acledit and (2) aclput in AIX 4.3 allow local users to create or modify files via a symlink attack.,8.6,UNKNOWN,UNKNOWN,UNKNOWN,1998-06-11 04:00:00.000,ibm,0,10303,55,0,0,0
CVE-1999-1555,"Cheyenne InocuLAN Anti-Virus Server in Inoculan 4.0 before Service Pack 2 creates an update directory with ""EVERYONE FULL CONTROL"" permissions, which allows local users to cause Inoculan's antivirus update feature to install a Trojan horse dll.",8.6,UNKNOWN,UNKNOWN,UNKNOWN,1998-06-11 04:00:00.000,cheyenne,0,10303,1,0,0,0
CVE-1999-1085,"SSH 1.2.25, 1.2.23, and other versions, when used in in CBC (Cipher Block Chaining) or CFB (Cipher Feedback 64 bits) modes, allows remote attackers to insert arbitrary data into an existing stream between an SSH client and server by using a known plaintext attack and computing a valid CRC-32 checksum for the packet, aka the ""SSH insertion attack.""",8.6,UNKNOWN,UNKNOWN,UNKNOWN,1998-06-12 04:00:00.000,ssh,0,10302,9,0,0,0
CVE-1999-0783,FreeBSD allows local users to conduct a denial of service by creating a hard link from a device special file to a file on an NFS file system.,5.5,LOCAL,LOW,NONE,1998-06-16 04:00:00.000,freebsd,0,10298,33,0,1,0
CVE-1999-1442,"Bug in AMD K6 processor on Linux 2.0.x and 2.1.x kernels allows local users to cause a denial of service (crash) via a particular sequence of instructions, possibly related to accessing addresses outside of segments.",8.6,UNKNOWN,UNKNOWN,UNKNOWN,1998-06-22 04:00:00.000,linux,0,10292,24,0,0,0
CVE-1999-1479,The textcounter.pl by Matt Wright allows remote attackers to execute arbitrary commands via shell metacharacters.,8.6,UNKNOWN,UNKNOWN,UNKNOWN,1998-06-24 04:00:00.000,matt_wright,0,10290,9,0,0,0
CVE-1999-0007,Information from SSL-encrypted sessions via PKCS #1.,8.6,UNKNOWN,UNKNOWN,UNKNOWN,1998-06-26 04:00:00.000,c2net,0,10288,1,0,0,0
CVE-1999-1036,"COPS 1.04 allows local users to overwrite or create arbitrary files via a symlink attack on temporary files in (1) res_diff, (2) ca.src, and (3) mail.chk.",8.6,UNKNOWN,UNKNOWN,UNKNOWN,1998-06-26 04:00:00.000,cops,0,10288,1,0,0,0
CVE-1999-1037,rex.satan in SATAN 1.1.1 allows local users to overwrite arbitrary files via a symlink attack on the /tmp/rex.$$ file.,8.6,UNKNOWN,UNKNOWN,UNKNOWN,1998-06-26 04:00:00.000,coast,0,10288,1,0,0,0
CVE-1999-1038,"Tiger 2.2.3 allows local users to overwrite arbitrary files via a symlink attack on various temporary files in Tiger's default working directory, as defined by the WORKDIR variable.",8.6,UNKNOWN,UNKNOWN,UNKNOWN,1998-06-26 04:00:00.000,tamu,0,10288,2,0,0,0
CVE-1999-0797,"NIS finger allows an attacker to conduct a denial of service via a large number of finger requests, resulting in a large number of NIS queries.",8.6,UNKNOWN,UNKNOWN,UNKNOWN,1998-06-29 04:00:00.000,sun,0,10285,115,0,0,0
CVE-1999-1556,"Microsoft SQL Server 6.5 uses weak encryption for the password for the SQLExecutiveCmdExec account and stores it in an accessible portion of the registry, which could allow local users to gain privileges by reading and decrypting the CmdExecAccount value.",8.6,UNKNOWN,UNKNOWN,UNKNOWN,1998-06-29 04:00:00.000,microsoft,0,10285,245,0,0,0
CVE-1999-1150,"Livingston Portmaster routers running ComOS use the same initial sequence number (ISN) for TCP connections, which allows remote attackers to conduct spoofing and hijack TCP sessions.",8.6,UNKNOWN,UNKNOWN,UNKNOWN,1998-06-30 04:00:00.000,livingston_portmaster,0,10284,2,0,0,0
CVE-1999-1441,"Linux 2.0.34 does not properly prevent users from sending SIGIO signals to arbitrary processes, which allows local users to cause a denial of service by sending SIGIO to processes that do not catch it.",8.6,UNKNOWN,UNKNOWN,UNKNOWN,1998-06-30 04:00:00.000,linux,0,10284,24,0,0,0
CVE-1999-0313,disk_bandwidth on SGI IRIX 6.4 S2MP for Origin/Onyx2 allows local users to gain root access using relative pathnames.,8.6,UNKNOWN,UNKNOWN,UNKNOWN,1998-07-01 04:00:00.000,sgi,0,10283,69,0,0,0
CVE-1999-0314,ioconfig on SGI IRIX 6.4 S2MP for Origin/Onyx2 allows local users to gain root access using relative pathnames.,8.6,UNKNOWN,UNKNOWN,UNKNOWN,1998-07-01 04:00:00.000,sgi,0,10283,69,0,0,0
CVE-1999-0494,Denial of service in WinGate proxy through a buffer overflow in POP3.,8.6,UNKNOWN,UNKNOWN,UNKNOWN,1998-07-01 04:00:00.000,wingate,0,10283,1,0,0,0
CVE-1999-1202,StarTech (1) POP3 proxy server and (2) telnet server allows remote attackers to cause a denial of service via a long USER command.,8.6,UNKNOWN,UNKNOWN,UNKNOWN,1998-07-03 04:00:00.000,startech,0,10281,1,0,0,0
CVE-1999-1409,"The at program in IRIX 6.2 and NetBSD 1.3.2 and earlier allows local users to read portions of arbitrary files by submitting the file to at with the -f argument, which generates error messages that at sends to the user via e-mail.",8.6,UNKNOWN,UNKNOWN,UNKNOWN,1998-07-03 04:00:00.000,sgi,0,10281,69,0,0,0
CVE-1999-1574,"Buffer overflow in the lex routines of nslookup for AIX 4.3 may allow attackers to cause a core dump and possibly execute arbitrary code via ""long input strings.""",8.6,UNKNOWN,UNKNOWN,UNKNOWN,1998-07-06 04:00:00.000,ibm,0,10278,55,0,0,0
CVE-1999-1437,ePerl 2.2.12 allows remote attackers to read arbitrary files and possibly execute certain commands by specifying a full pathname of the target file as an argument to bar.phtml.,8.6,UNKNOWN,UNKNOWN,UNKNOWN,1998-07-07 04:00:00.000,ralf_s._engelschall,0,10277,1,0,0,0
CVE-1999-1436,"Ray Chan WWW Authorization Gateway 0.1 CGI program allows remote attackers to execute arbitrary commands via shell metacharacters in the ""user"" parameter.",8.6,UNKNOWN,UNKNOWN,UNKNOWN,1998-07-08 04:00:00.000,ray_chan,0,10276,1,0,0,0
CVE-1999-0102,Buffer overflow in SLmail 3.x allows attackers to execute commands using a large FROM line.,8.6,UNKNOWN,UNKNOWN,UNKNOWN,1998-07-09 04:00:00.000,seattle_lab_software,0,10275,4,0,0,0
CVE-1999-1435,Buffer overflow in libsocks5 library of Socks 5 (socks5) 1.0r5 allows local users to gain privileges via long environmental variables.,8.6,UNKNOWN,UNKNOWN,UNKNOWN,1998-07-10 04:00:00.000,nec,0,10274,1,0,0,0
CVE-1999-1270,"KMail in KDE 1.0 provides a PGP passphrase as a command line argument to other programs, which could allow local users to obtain the passphrase and compromise the PGP keys of other users by viewing the arguments via programs that list process information, such as ps.",8.6,UNKNOWN,UNKNOWN,UNKNOWN,1998-07-11 04:00:00.000,kde,0,10273,10,0,0,0
CVE-1999-1434,"login in Slackware Linux 3.2 through 3.5 does not properly check for an error when the /etc/group file is missing, which prevents it from dropping privileges, causing it to assign root privileges to any local user who logs on to the server.",8.6,UNKNOWN,UNKNOWN,UNKNOWN,1998-07-13 04:00:00.000,slackware,0,10271,12,0,0,0
CVE-1999-0006,Buffer overflow in POP servers based on BSD/Qualcomm's qpopper allows remote attackers to gain root access using a long PASS command.,9.8,NETWORK,NONE,NONE,1998-07-14 04:00:00.000,qualcomm,0,10270,6,1,1,1
CVE-1999-0213,libnsl in Solaris allowed an attacker to perform a denial of service of rpcbind.,8.6,UNKNOWN,UNKNOWN,UNKNOWN,1998-07-15 04:00:00.000,sun,0,10269,115,0,0,0
CVE-1999-1297,cmdtool in OpenWindows 3.0 and XView 3.0 in SunOS 4.1.4 and earlier allows attackers with physical access to the system to display unechoed characters (such as those from password prompts) via the L2/AGAIN key.,8.6,UNKNOWN,UNKNOWN,UNKNOWN,1998-07-15 04:00:00.000,sun,0,10269,115,0,0,0
CVE-1999-1433,HP JetAdmin D.01.09 on Solaris allows local users to change the permissions of arbitrary files via a symlink attack on the /tmp/jetadmin.log file.,8.6,UNKNOWN,UNKNOWN,UNKNOWN,1998-07-15 04:00:00.000,hp,0,10269,67,0,0,0
CVE-1999-1582,"By design, the ""established"" command on the Cisco PIX firewall allows connections from one host to arbitrary ports of a target host if an alternative conduit has already been allowed, which can cause administrators to configure less restrictive access controls than intended if they do not understand this functionality.",8.6,UNKNOWN,UNKNOWN,UNKNOWN,1998-07-15 04:00:00.000,cisco,0,10269,41,0,0,0
CVE-1999-0263,Solaris SUNWadmap can be exploited to obtain root access.,8.6,UNKNOWN,UNKNOWN,UNKNOWN,1998-07-16 04:00:00.000,sun,0,10268,115,0,0,0
CVE-1999-1149,Buffer overflow in CSM Proxy 4.1 allows remote attackers to cause a denial of service (crash) via a long string to the FTP port.,8.6,UNKNOWN,UNKNOWN,UNKNOWN,1998-07-16 04:00:00.000,computer_software_manufaktur,0,10268,3,0,0,0
CVE-1999-1432,"Power management (Powermanagement) on Solaris 2.4 through 2.6 does not start the xlock process until after the sys-suspend has completed, which allows an attacker with physical access to input characters to the last active application from the keyboard for a short period after the system is restoring, which could lead to increased privileges.",8.6,UNKNOWN,UNKNOWN,UNKNOWN,1998-07-16 04:00:00.000,sun,0,10268,115,0,0,0
CVE-1999-1558,Vulnerability in loginout in Digital OpenVMS 7.1 and earlier allows unauthorized access when external authentication is enabled.,8.6,UNKNOWN,UNKNOWN,UNKNOWN,1998-07-16 04:00:00.000,digital,0,10268,18,0,0,0
CVE-1999-0005,Arbitrary command execution via IMAP buffer overflow in authenticate command.,8.6,UNKNOWN,UNKNOWN,UNKNOWN,1998-07-20 04:00:00.000,netscape,0,10264,27,0,0,0
CVE-1999-1200,"Vintra SMTP MailServer allows remote attackers to cause a denial of service via a malformed ""EXPN *@"" command.",8.6,UNKNOWN,UNKNOWN,UNKNOWN,1998-07-20 04:00:00.000,vintra_systems,0,10264,1,0,0,0
CVE-1999-1420,"NBase switches NH2012, NH2012R, NH2015, and NH2048 have a back door password that cannot be disabled, which allows remote attackers to modify the switch's configuration.",8.6,UNKNOWN,UNKNOWN,UNKNOWN,1998-07-20 04:00:00.000,n-base,0,10264,2,0,0,0
CVE-1999-1421,"NBase switches NH208 and NH215 run a TFTP server which allows remote attackers to send software updates to modify the switch or cause a denial of service (crash) by guessing the target filenames, which have default names.",8.6,UNKNOWN,UNKNOWN,UNKNOWN,1998-07-20 04:00:00.000,n-base,0,10264,2,0,0,0
CVE-1999-1070,Buffer overflow in ping CGI program in Xylogics Annex terminal service allows remote attackers to cause a denial of service via a long query parameter.,8.6,UNKNOWN,UNKNOWN,UNKNOWN,1998-07-25 04:00:00.000,xylogics,0,10259,1,0,0,0
CVE-1999-0941,Mutt mail client allows a remote attacker to execute commands via shell metacharacters.,8.6,UNKNOWN,UNKNOWN,UNKNOWN,1998-07-28 04:00:00.000,mutt,0,10256,2,0,0,0
CVE-1999-1447,Internet Explorer 4.0 allows remote attackers to cause a denial of service (crash) via HTML code that contains a long CLASSID parameter in an OBJECT tag.,8.6,UNKNOWN,UNKNOWN,UNKNOWN,1998-07-28 04:00:00.000,microsoft,0,10256,245,0,0,0
CVE-1999-1406,"dumpreg in Red Hat Linux 5.1 opens /dev/mem with O_RDWR access, which allows local users to cause a denial of service (crash) by redirecting fd 1 (stdout) to the kernel.",8.6,UNKNOWN,UNKNOWN,UNKNOWN,1998-07-29 04:00:00.000,redhat,0,10255,24,0,0,0
CVE-1999-1448,"Eudora and Eudora Light before 3.05 allows remote attackers to cause a crash and corrupt the user's mailbox via an e-mail message with certain dates, such as (1) dates before 1970, which cause a Divide By Zero error, or (2) dates that are 100 years after the current date, which causes a segmentation fault.",8.6,UNKNOWN,UNKNOWN,UNKNOWN,1998-07-29 04:00:00.000,qualcomm,0,10255,6,0,0,0
CVE-1999-1136,"Vulnerability in Predictive on HP-UX 11.0 and earlier, and MPE/iX 5.5 and earlier, allows attackers to compromise data transfer for Predictive messages (using e-mail or modem) between customer and Response Center Predictive systems.",8.6,UNKNOWN,UNKNOWN,UNKNOWN,1998-07-30 04:00:00.000,hp,0,10254,67,0,0,0
CVE-1999-0269,Netscape Enterprise servers may list files through the PageServices query.,8.6,UNKNOWN,UNKNOWN,UNKNOWN,1998-08-01 04:00:00.000,netscape,0,10252,27,0,0,0
CVE-1999-0288,"The WINS server in Microsoft Windows NT 4.0 before SP4 allows remote attackers to cause a denial of service (process termination) via invalid UDP frames to port 137 (NETBIOS Name Service), as demonstrated via a flood of random packets.",8.6,UNKNOWN,UNKNOWN,UNKNOWN,1998-08-01 04:00:00.000,microsoft,0,10252,245,0,0,0
CVE-1999-0333,"HP OpenView Omniback allows remote execution of commands as root via spoofing, and local users can gain root access via a symlink attack.",8.6,UNKNOWN,UNKNOWN,UNKNOWN,1998-08-01 04:00:00.000,hp,0,10252,67,0,0,0
CVE-1999-0339,"Buffer overflow in the libauth library in Solaris allows local users to gain additional privileges, possibly root access.",8.6,UNKNOWN,UNKNOWN,UNKNOWN,1998-08-01 04:00:00.000,sun,0,10252,115,0,0,0
CVE-1999-0344,NT users can gain debug-level access on a system process using the Sechole exploit.,8.6,UNKNOWN,UNKNOWN,UNKNOWN,1998-08-01 04:00:00.000,microsoft,0,10252,245,0,0,0
CVE-1999-0516,An SNMP community name is guessable.,8.6,UNKNOWN,UNKNOWN,UNKNOWN,1998-08-01 04:00:00.000,UNKNOWN,0,10252,151,0,0,0
CVE-1999-0062,The chpass command in OpenBSD allows a local user to gain root access through file descriptor leakage.,8.6,UNKNOWN,UNKNOWN,UNKNOWN,1998-08-03 04:00:00.000,openbsd,0,10250,9,0,0,0
CVE-1999-0262,Hylafax faxsurvey CGI script on Linux allows remote attackers to execute arbitrary commands via shell metacharacters in the query string.,8.6,UNKNOWN,UNKNOWN,UNKNOWN,1998-08-04 04:00:00.000,renaud_deraison,0,10249,2,0,0,0
CVE-1999-1199,"Apache WWW server 1.3.1 and earlier allows remote attackers to cause a denial of service (resource exhaustion) via a large number of MIME headers with the same name, aka the ""sioux"" vulnerability.",8.6,UNKNOWN,UNKNOWN,UNKNOWN,1998-08-07 04:00:00.000,apache,0,10246,18,0,0,0
CVE-1999-0159,"Attackers can crash a Cisco IOS router or device, provided they can get to an interactive prompt (such as a login).  This applies to some IOS 9.x, 10.x, and 11.x releases.",3.5,NETWORK,LOW,REQUIRED,1998-08-12 04:00:00.000,cisco,0,10241,41,0,0,1
CVE-1999-1283,Opera 3.2.1 allows remote attackers to cause a denial of service (application crash) via a URL that contains an extra / in the http:// tag.,8.6,UNKNOWN,UNKNOWN,UNKNOWN,1998-08-14 04:00:00.000,opera_software,0,10239,1,0,0,0
CVE-1999-0157,Cisco PIX firewall and CBAC IP fragmentation attack results in a denial of service.,8.6,UNKNOWN,UNKNOWN,UNKNOWN,1998-08-18 04:00:00.000,cisco,0,10235,41,0,0,0
CVE-1999-1416,AnswerBook2 (AB2) web server dwhttpd 3.1a4 allows remote attackers to cause a denial of service (resource exhaustion) via an HTTP POST request with a large content-length.,8.6,UNKNOWN,UNKNOWN,UNKNOWN,1998-08-23 04:00:00.000,inso,0,10230,2,0,0,0
CVE-1999-1417,"Format string vulnerability in AnswerBook2 (AB2) web server dwhttpd 3.1a4 allows remote attackers to cause a denial of service and possibly execute arbitrary commands via encoded % characters in an HTTP request, which is improperly logged.",8.6,UNKNOWN,UNKNOWN,UNKNOWN,1998-08-23 04:00:00.000,inso,0,10230,2,0,0,0
CVE-1999-1041,Buffer overflow in mscreen on SCO OpenServer 5.0 and SCO UNIX 3.2v4 allows a local user to gain root access via (1) a long TERM environmental variable and (2) a long entry in the .mscreenrc file.,8.6,UNKNOWN,UNKNOWN,UNKNOWN,1998-08-27 04:00:00.000,sco,0,10226,27,0,0,0
CVE-1999-0065,Multiple buffer overflows in how dtmail handles attachments allows a remote attacker to execute commands.,8.6,UNKNOWN,UNKNOWN,UNKNOWN,1998-08-31 04:00:00.000,sun,0,10222,115,0,0,0
CVE-1999-0158,Cisco PIX firewall manager (PFM) on Windows NT allows attackers to connect to port 8080 on the PFM server and retrieve any file whose name and location is known.,8.6,UNKNOWN,UNKNOWN,UNKNOWN,1998-08-31 04:00:00.000,cisco,0,10222,41,0,0,0
CVE-1999-0162,"The ""established"" keyword in some Cisco IOS software allowed an attacker to bypass filtering.",8.6,UNKNOWN,UNKNOWN,UNKNOWN,1998-09-01 04:00:00.000,cisco,0,10221,41,0,0,0
CVE-1999-0302,SunOS/Solaris FTP clients can be forced to execute arbitrary commands from a malicious FTP server.,8.6,UNKNOWN,UNKNOWN,UNKNOWN,1998-09-01 04:00:00.000,sun,0,10221,115,0,0,0
CVE-1999-0310,SSH 1.2.25 on HP-UX allows access to new user accounts.,8.6,UNKNOWN,UNKNOWN,UNKNOWN,1998-09-01 04:00:00.000,ssh,0,10221,9,0,0,0
CVE-1999-0792,ROUTERmate has a default SNMP community name which allows remote attackers to modify its configuration.,8.6,UNKNOWN,UNKNOWN,UNKNOWN,1998-09-01 04:00:00.000,osicom,0,10221,1,0,0,0
CVE-1999-1292,Buffer overflow in web administration feature of Kolban Webcam32 4.8.3 and earlier allows remote attackers to execute arbitrary commands via a long URL.,8.6,UNKNOWN,UNKNOWN,UNKNOWN,1998-09-01 04:00:00.000,kolban,0,10221,1,0,0,0
CVE-1999-0779,Denial of service in HP-UX SharedX recserv program.,8.6,UNKNOWN,UNKNOWN,UNKNOWN,1998-09-03 04:00:00.000,hp,0,10219,67,0,0,0
CVE-1999-0930,wwwboard allows a remote attacker to delete message board articles via a malformed argument.,8.6,UNKNOWN,UNKNOWN,UNKNOWN,1998-09-03 04:00:00.000,matt_wright,0,10219,9,0,0,0
CVE-1999-0871,"Internet Explorer 4.0 and 4.01 allow a remote attacker to read files via IE's cross frame security, aka the ""Cross Frame Navigate"" vulnerability.",8.6,UNKNOWN,UNKNOWN,UNKNOWN,1998-09-04 04:00:00.000,microsoft,0,10218,245,0,0,0
CVE-1999-1048,"Buffer overflow in bash 2.0.0, 1.4.17, and other versions allows local attackers to gain privileges by creating an extremely large directory name, which is inserted into the password prompt via the \w option in the PS1 environmental variable when another user changes into that directory.",8.6,UNKNOWN,UNKNOWN,UNKNOWN,1998-09-05 04:00:00.000,debian,0,10217,26,0,0,0
CVE-1999-0056,Buffer overflow in Sun's ping program can give root access to local users.,8.6,UNKNOWN,UNKNOWN,UNKNOWN,1998-09-09 04:00:00.000,sun,0,10213,115,0,0,0
CVE-1999-0897,iChat ROOMS Webserver allows remote attackers to read arbitrary files via a .. (dot dot) attack.,8.6,UNKNOWN,UNKNOWN,UNKNOWN,1998-09-09 04:00:00.000,apple,0,10213,32,0,0,0
CVE-1999-1020,"The installation of Novell Netware NDS 5.99 provides an unauthenticated client with Read access for the tree, which allows remote attackers to access sensitive information such as users, groups, and readable objects via CX.EXE and NLIST.EXE.",8.6,UNKNOWN,UNKNOWN,UNKNOWN,1998-09-18 04:00:00.000,novell,0,10204,7,0,0,0
CVE-1999-1265,"SMTP server in SLmail 3.1 and earlier allows remote attackers to cause a denial of service via malformed commands whose arguments begin with a ""("" (parenthesis) character, such as (1) SEND, (2) VRFY, (3) EXPN, (4) MAIL FROM, (5) RCPT TO.",8.6,UNKNOWN,UNKNOWN,UNKNOWN,1998-09-22 04:00:00.000,seatle_lab_software,0,10200,1,0,0,0
CVE-1999-1054,"The default configuration of FLEXlm license manager 6.0d, and possibly other versions, allows remote attackers to shut down the server via the lmdown command.",8.6,UNKNOWN,UNKNOWN,UNKNOWN,1998-09-25 04:00:00.000,globetrotter,0,10197,2,0,0,0
CVE-1999-1228,"Various modems that do not implement a guard time, or are configured with a guard time of 0, can allow remote attackers to execute arbitrary modem commands such as ATH, ATH0, etc., via a ""+++"" sequence that appears in ICMP packets, the subject of an e-mail message, IRC commands, and others.",8.6,UNKNOWN,UNKNOWN,UNKNOWN,1998-09-27 04:00:00.000,logicode,0,10195,1,0,0,0
CVE-1999-0969,"The Windows NT RPC service allows remote attackers to conduct a denial of service using spoofed malformed RPC packets which generate an error message that is sent to the spoofed host, potentially setting up a loop, aka Snork.",8.6,UNKNOWN,UNKNOWN,UNKNOWN,1998-09-29 04:00:00.000,microsoft,0,10193,245,0,0,0
CVE-1999-1181,Vulnerability in On-Line Customer Registration software for IRIX 6.2 through 6.4 allows local users to gain root privileges.,8.6,UNKNOWN,UNKNOWN,UNKNOWN,1998-09-29 04:00:00.000,sgi,0,10193,69,0,0,0
CVE-1999-0186,"In Solaris, an SNMP subagent has a default community string that allows remote attackers to execute arbitrary commands as root, or modify system parameters.",8.6,UNKNOWN,UNKNOWN,UNKNOWN,1998-10-01 04:00:00.000,sun,0,10191,115,0,0,0
CVE-1999-0505,A Windows NT domain user or administrator account has a guessable password.,8.6,UNKNOWN,UNKNOWN,UNKNOWN,1998-10-01 04:00:00.000,microsoft,0,10191,245,0,0,0
CVE-1999-0506,"A Windows NT domain user or administrator account has a default, null, blank, or missing password.",8.6,UNKNOWN,UNKNOWN,UNKNOWN,1998-10-01 04:00:00.000,microsoft,0,10191,245,0,0,0
CVE-1999-0546,The Windows NT guest account is enabled.,8.6,UNKNOWN,UNKNOWN,UNKNOWN,1998-10-01 04:00:00.000,microsoft,0,10191,245,0,0,0
CVE-1999-0870,"Internet Explorer 4.01 allows remote attackers to read arbitrary files by pasting a file name into the file upload control, aka untrusted scripted paste.",8.6,UNKNOWN,UNKNOWN,UNKNOWN,1998-10-01 04:00:00.000,microsoft,0,10191,245,0,0,0
CVE-1999-0343,A malicious Palace server can force a client to execute arbitrary programs.,8.6,UNKNOWN,UNKNOWN,UNKNOWN,1998-10-02 04:00:00.000,palace,0,10190,1,0,0,0
CVE-1999-1403,"IBM/Tivoli OPC Tracker Agent version 2 release 1 creates files, directories, and IPC message queues with insecure permissions (world-readable and world-writable), which could allow local users to disrupt operations and possibly gain privileges by modifying or deleting files.",8.6,UNKNOWN,UNKNOWN,UNKNOWN,1998-10-02 04:00:00.000,ibm,0,10190,55,0,0,0
CVE-1999-1404,"IBM/Tivoli OPC Tracker Agent version 2 release 1 allows remote attackers to cause a denial of service (resource exhaustion) via malformed data to the localtracker client port (5011), which prevents the connection from being closed properly.",8.6,UNKNOWN,UNKNOWN,UNKNOWN,1998-10-02 04:00:00.000,ibm,0,10190,55,0,0,0
CVE-1999-1291,"TCP/IP implementation in Microsoft Windows 95, Windows NT 4.0, and possibly others, allows remote attackers to reset connections by forcing a reset (RST) via a PSH ACK or other means, obtaining the target's last sequence number from the resulting packet, then spoofing a reset to the target.",8.6,UNKNOWN,UNKNOWN,UNKNOWN,1998-10-05 04:00:00.000,microsoft,0,10187,245,0,0,0
CVE-1999-1185,Buffer overflow in SCO mscreen allows local users to gain root privileges via a long terminal entry (TERM) in the .mscreenrc file.,8.6,UNKNOWN,UNKNOWN,UNKNOWN,1998-10-06 04:00:00.000,sco,0,10186,27,0,0,0
CVE-1999-1381,Buffer overflow in dbadmin CGI program 1.0.1 on Linux allows remote attackers to execute arbitrary commands.,8.6,UNKNOWN,UNKNOWN,UNKNOWN,1998-10-08 04:00:00.000,dbadmin,0,10184,1,0,0,0
CVE-1999-0002,"Buffer overflow in NFS mountd gives root access to remote attackers, mostly in Linux systems.",8.6,UNKNOWN,UNKNOWN,UNKNOWN,1998-10-12 04:00:00.000,bsdi,0,10180,16,0,0,0
CVE-1999-0053,TCP RST denial of service in FreeBSD.,8.6,UNKNOWN,UNKNOWN,UNKNOWN,1998-10-13 04:00:00.000,freebsd,0,10179,33,0,0,0
CVE-1999-0088,IRIX and AIX automountd services (autofsd) allow remote users to execute root commands.,8.6,UNKNOWN,UNKNOWN,UNKNOWN,1998-10-26 05:00:00.000,ibm,0,10166,55,0,0,0
CVE-1999-0215,Routed allows attackers to append data to files.,8.6,UNKNOWN,UNKNOWN,UNKNOWN,1998-10-26 05:00:00.000,sgi,0,10166,69,0,0,0
CVE-1999-0118,AIX infod allows local users to gain root access through an X display.,8.6,UNKNOWN,UNKNOWN,UNKNOWN,1998-11-01 05:00:00.000,ibm,0,10160,55,0,0,0
CVE-1999-0254,A hidden SNMP community string in HP OpenView allows remote attackers to modify MIB tables and obtain sensitive information.,8.6,UNKNOWN,UNKNOWN,UNKNOWN,1998-11-02 05:00:00.000,sun,0,10159,115,0,0,0
CVE-1999-1459,BMC PATROL Agent before 3.2.07 allows local users to gain root privileges via a symlink attack on a temporary file.,8.6,UNKNOWN,UNKNOWN,UNKNOWN,1998-11-02 05:00:00.000,bmc,0,10159,5,0,0,0
CVE-1999-0052,IP fragmentation denial of service in FreeBSD allows a remote attacker to cause a crash.,7.5,NETWORK,NONE,NONE,1998-11-04 05:00:00.000,bsdi,0,10157,16,1,1,1
CVE-1999-1284,"NukeNabber allows remote attackers to cause a denial of service by connecting to the NukeNabber port (1080) without sending any data, which causes the CPU usage to rise to 100% from the report.exe program that is executed upon the connection.",8.6,UNKNOWN,UNKNOWN,UNKNOWN,1998-11-05 05:00:00.000,puppets_place,0,10156,1,0,0,0
CVE-1999-1321,Buffer overflow in ssh 1.2.26 client with Kerberos V enabled could allow remote attackers to cause a denial of service or execute arbitrary commands via a long DNS hostname that is not properly handled during TGT ticket passing.,8.6,UNKNOWN,UNKNOWN,UNKNOWN,1998-11-05 05:00:00.000,mit,0,10156,3,0,0,0
CVE-1999-1153,HAMcards Postcard CGI script 1.0 allows remote attackers to execute arbitrary commands via shell metacharacters in the recipient email address.,8.6,UNKNOWN,UNKNOWN,UNKNOWN,1998-11-09 05:00:00.000,hamcards_postcard_cgi,0,10152,1,0,0,0
CVE-1999-1154,LakeWeb Filemail CGI script allows remote attackers to execute arbitrary commands via shell metacharacters in the recipient email address.,8.6,UNKNOWN,UNKNOWN,UNKNOWN,1998-11-09 05:00:00.000,lakeweb,0,10152,2,0,0,0
CVE-1999-1155,LakeWeb Mail List CGI script allows remote attackers to execute arbitrary commands via shell metacharacters in the recipient email address.,8.6,UNKNOWN,UNKNOWN,UNKNOWN,1998-11-09 05:00:00.000,lakeweb,0,10152,2,0,0,0
CVE-1999-1289,"ICQ 98 beta on Windows NT leaks the internal IP address of a client in the TCP data segment of an ICQ packet instead of the public address (e.g. through NAT), which provides remote attackers with potentially sensitive information about the client or the internal network configuration.",8.6,UNKNOWN,UNKNOWN,UNKNOWN,1998-11-11 05:00:00.000,mirabilis,0,10150,4,0,0,0
CVE-1999-1025,"CDE screen lock program (screenlock) on Solaris 2.6 does not properly lock an unprivileged user's console session when the host is an NIS+ client, which allows others with physical access to login with any string.",8.6,UNKNOWN,UNKNOWN,UNKNOWN,1998-11-12 05:00:00.000,sun,0,10149,115,0,0,0
CVE-1999-1322,"The installation of 1ArcServe Backup and Inoculan AV client modules for Exchange create a log file, exchverify.log, which contains usernames and passwords in plaintext.",8.6,UNKNOWN,UNKNOWN,UNKNOWN,1998-11-12 05:00:00.000,broadcom,0,10149,4,0,0,0
CVE-1999-0057,Vacation program allows command execution by remote users through a sendmail command.,8.6,UNKNOWN,UNKNOWN,UNKNOWN,1998-11-16 05:00:00.000,eric_allman,0,10145,13,0,0,0
CVE-1999-0780,KDE klock allows local users to kill arbitrary processes by specifying an arbitrary PID in the .kss.pid file.,8.6,UNKNOWN,UNKNOWN,UNKNOWN,1998-11-18 05:00:00.000,freebsd,0,10143,33,0,0,0
CVE-1999-0781,KDE allows local users to execute arbitrary commands by setting the KDEDIR environmental variable to modify the search path that KDE uses to locate its executables.,8.6,UNKNOWN,UNKNOWN,UNKNOWN,1998-11-18 05:00:00.000,freebsd,0,10143,33,0,0,0
CVE-1999-0782,KDE kppp allows local users to create a directory in an arbitrary location via the HOME environmental variable.,8.6,UNKNOWN,UNKNOWN,UNKNOWN,1998-11-18 05:00:00.000,freebsd,0,10143,33,0,0,0
CVE-1999-1107,Buffer overflow in kppp in KDE allows local users to gain root access via a long PATH environmental variable.,8.6,UNKNOWN,UNKNOWN,UNKNOWN,1998-11-18 05:00:00.000,kde,0,10143,10,0,0,0
CVE-1999-1108,Rejected reason: DO NOT USE THIS CANDIDATE NUMBER.  ConsultIDs: CVE-1999-1107.  Reason: This candidate is a duplicate of CVE-1999-1107.  Notes: All CVE users should reference CVE-1999-1107 instead of this candidate.  All references and descriptions in this candidate have been removed to prevent accidental usage,8.6,UNKNOWN,UNKNOWN,UNKNOWN,1998-11-18 05:00:00.000,UNKNOWN,0,10143,151,0,0,0
CVE-1999-1288,"Samba 1.9.18 inadvertently includes a prototype application, wsmbconf, which is installed with incorrect permissions including the setgid bit, which allows local users to read and write files and possibly gain privileges via bugs in the program.",8.6,UNKNOWN,UNKNOWN,UNKNOWN,1998-11-19 05:00:00.000,samba,0,10142,4,0,0,0
CVE-1999-1411,"The installation of the fsp package 2.71-10 in Debian GNU/Linux 2.0 adds the anonymous FTP user without notifying the administrator, which could automatically enable anonymous FTP on some servers such as wu-ftp.",8.6,UNKNOWN,UNKNOWN,UNKNOWN,1998-11-26 05:00:00.000,debian,0,10135,26,0,0,0
CVE-1999-1071,"Excite for Web Servers (EWS) 1.1 installs the Architext.conf authentication file with world-writeable permissions, which allows local users to gain access to Excite accounts by modifying the file.",8.6,UNKNOWN,UNKNOWN,UNKNOWN,1998-11-30 05:00:00.000,excite,0,10131,4,0,0,0
CVE-1999-1072,Excite for Web Servers (EWS) 1.1 allows local users to gain privileges by obtaining the encrypted password from the world-readable Architext.conf authentication file and replaying the encrypted password in an HTTP request to AT-generated.cgi or AT-admin.cgi.,8.6,UNKNOWN,UNKNOWN,UNKNOWN,1998-11-30 05:00:00.000,excite,0,10131,4,0,0,0
CVE-1999-1073,"Excite for Web Servers (EWS) 1.1 records the first two characters of a plaintext password in the beginning of the encrypted password, which makes it easier for an attacker to guess passwords via a brute force or dictionary attack.",8.6,UNKNOWN,UNKNOWN,UNKNOWN,1998-11-30 05:00:00.000,excite,0,10131,4,0,0,0
CVE-1999-0321,Buffer overflow in Solaris kcms_configure command allows local users to gain root access.,8.6,UNKNOWN,UNKNOWN,UNKNOWN,1998-12-01 05:00:00.000,sun,0,10130,115,0,0,0
CVE-1999-0332,Buffer overflow in NetMeeting allows denial of service and remote command execution.,8.6,UNKNOWN,UNKNOWN,UNKNOWN,1998-12-01 05:00:00.000,microsoft,0,10130,245,0,0,0
CVE-1999-0342,Linux PAM modules allow local users to gain root access using temporary files.,8.6,UNKNOWN,UNKNOWN,UNKNOWN,1998-12-01 05:00:00.000,pam,0,10130,1,0,0,0
CVE-1999-0385,The LDAP bind function in Exchange 5.5 has a buffer overflow that allows a remote attacker to conduct a denial of service or execute commands.,8.6,UNKNOWN,UNKNOWN,UNKNOWN,1998-12-01 05:00:00.000,microsoft,0,10130,245,0,0,0
CVE-1999-0463,Remote attackers can perform a denial of service using IRIX fcagent.,8.6,UNKNOWN,UNKNOWN,UNKNOWN,1998-12-01 05:00:00.000,l0pht,0,10130,2,0,0,0
CVE-1999-0478,Denial of service in HP-UX sendmail 8.8.6 related to accepting connections.,8.6,UNKNOWN,UNKNOWN,UNKNOWN,1998-12-01 05:00:00.000,sendmail,0,10130,4,0,0,0
CVE-1999-0869,"Internet Explorer 3.x to 4.01 allows a remote attacker to insert malicious content into a frame of another web site, aka frame spoofing.",8.6,UNKNOWN,UNKNOWN,UNKNOWN,1998-12-01 05:00:00.000,microsoft,0,10130,245,0,0,0
CVE-1999-0836,UnixWare uidadmin allows local users to modify arbitrary files via a symlink attack.,8.6,UNKNOWN,UNKNOWN,UNKNOWN,1998-12-02 05:00:00.000,sco,0,10129,27,0,0,0
CVE-1999-0936,BNBSurvey survey.cgi program allows remote attackers to execute commands via shell metacharacters.,8.6,UNKNOWN,UNKNOWN,UNKNOWN,1998-12-03 05:00:00.000,UNKNOWN,0,10128,151,0,0,0
CVE-1999-0937,BNBForm allows remote attackers to read arbitrary files via the automessage hidden form variable.,8.6,UNKNOWN,UNKNOWN,UNKNOWN,1998-12-03 05:00:00.000,UNKNOWN,0,10128,151,0,0,0
CVE-1999-1280,"Hummingbird Exceed 6.0.1.0 inadvertently includes a DLL that was meant for development and testing, which logs user names and passwords in cleartext in the test.log file.",8.6,UNKNOWN,UNKNOWN,UNKNOWN,1998-12-03 05:00:00.000,hummingbird,0,10128,2,0,0,0
CVE-1999-0798,"Buffer overflow in bootpd on OpenBSD, FreeBSD, and Linux systems via a malformed header type.",8.6,UNKNOWN,UNKNOWN,UNKNOWN,1998-12-04 05:00:00.000,bsdi,0,10127,16,0,0,0
CVE-1999-1147,"Buffer overflow in Platinum Policy Compliance Manager (PCM) 7.0 allows remote attackers to execute arbitrary commands via a long string to the Agent port (1827), which is handled by smaxagent.exe.",8.6,UNKNOWN,UNKNOWN,UNKNOWN,1998-12-04 05:00:00.000,platinum,0,10127,1,0,0,0
CVE-1999-1276,"fte-console in the fte package before 0.46b-4.1 does not drop root privileges, which allows local users to gain root access via the virtual console device.",8.6,UNKNOWN,UNKNOWN,UNKNOWN,1998-12-07 05:00:00.000,debian,0,10124,26,0,0,0
CVE-1999-1282,"RealSystem G2 server stores the administrator password in cleartext in a world-readable configuration file, which allows local users to gain privileges.",8.6,UNKNOWN,UNKNOWN,UNKNOWN,1998-12-10 05:00:00.000,realnetworks,0,10121,5,0,0,0
CVE-1999-0139,Buffer overflow in Solaris x86 mkcookie allows local users to obtain root access.,8.6,UNKNOWN,UNKNOWN,UNKNOWN,1998-12-12 05:00:00.000,sun,0,10119,115,0,0,0
CVE-1999-0188,The passwd command in Solaris can be subjected to a denial of service.,8.6,UNKNOWN,UNKNOWN,UNKNOWN,1998-12-17 05:00:00.000,sun,0,10114,115,0,0,0
CVE-1999-1173,"Corel Word Perfect 8 for Linux creates a temporary working directory with world-writable permissions, which allows local users to (1) modify Word Perfect behavior by modifying files in the working directory, or (2) modify files of other users via a symlink attack.",8.6,UNKNOWN,UNKNOWN,UNKNOWN,1998-12-18 05:00:00.000,corel,0,10113,1,0,0,0
CVE-1999-1277,"BackWeb client stores the username and password in cleartext for proxy authentication in the Communication registry key, which could allow other local users to gain privileges by reading the password.",8.6,UNKNOWN,UNKNOWN,UNKNOWN,1998-12-24 05:00:00.000,backweb_technologies,0,10107,2,0,0,0
CVE-1999-1278,"nlog CGI scripts do not properly filter shell metacharacters from the IP address argument, which could allow remote attackers to execute certain commands via (1) nlog-smb.pl or (2) rpc-nlog.pl.",8.6,UNKNOWN,UNKNOWN,UNKNOWN,1998-12-25 05:00:00.000,nlog,0,10106,1,0,0,0
CVE-1999-0968,Buffer overflow in BNC IRC proxy allows remote attackers to gain privileges.,8.6,UNKNOWN,UNKNOWN,UNKNOWN,1998-12-26 05:00:00.000,james_seter,0,10105,1,0,0,0
CVE-1999-1281,Development version of Breeze Network Server allows remote attackers to cause the system to reboot by accessing the configbreeze CGI program.,8.6,UNKNOWN,UNKNOWN,UNKNOWN,1998-12-26 05:00:00.000,winddance_networks_corporation,0,10105,1,0,0,0
CVE-1999-1188,"mysqld in MySQL 3.21 creates log files with world-readable permissions, which allows local users to obtain passwords for users who are added to the user database.",8.6,UNKNOWN,UNKNOWN,UNKNOWN,1998-12-27 05:00:00.000,oracle,0,10104,15,0,0,0
CVE-1999-1285,"Linux 2.1.132 and earlier allows local users to cause a denial of service (resource exhaustion) by reading a large buffer from a random device (e.g. /dev/urandom), which cannot be interrupted until the read has completed.",8.6,UNKNOWN,UNKNOWN,UNKNOWN,1998-12-27 05:00:00.000,linux,0,10104,24,0,0,0
CVE-1999-1159,SSH 2.0.11 and earlier allows local users to request remote forwarding from privileged ports without being root.,8.6,UNKNOWN,UNKNOWN,UNKNOWN,1998-12-29 05:00:00.000,ssh,0,10102,9,0,0,0
CVE-1999-0020,Rejected reason: DO NOT USE THIS CANDIDATE NUMBER.  ConsultIDs: CVE-1999-0032.  Reason: This candidate is a duplicate of CVE-1999-0032.  Notes: All CVE users should reference CVE-1999-0032 instead of this candidate.  All references and descriptions in this candidate have been removed to prevent accidental usage,8.6,UNKNOWN,UNKNOWN,UNKNOWN,1999-01-01 05:00:00.000,UNKNOWN,0,10099,151,0,0,0
CVE-1999-0110,Rejected reason: DO NOT USE THIS CANDIDATE NUMBER.  ConsultIDs: CVE-1999-0315.  Reason: This candidate's original description had a typo that delayed it from being detected as a duplicate of CVE-1999-0315.  Notes: All CVE users should reference CVE-1999-0315 instead of this candidate.  All references and descriptions in this candidate have been removed to prevent accidental usage,8.6,UNKNOWN,UNKNOWN,UNKNOWN,1999-01-01 05:00:00.000,UNKNOWN,0,10099,151,0,0,0
CVE-1999-0187,Rejected reason: DO NOT USE THIS CANDIDATE NUMBER.  ConsultIDs: CVE-1999-0022.  Reason: This candidate is a duplicate of CVE-1999-0022.  Notes: All CVE users should reference CVE-1999-0022 instead of this candidate.  All references and descriptions in this candidate have been removed to prevent accidental usage,8.6,UNKNOWN,UNKNOWN,UNKNOWN,1999-01-01 05:00:00.000,UNKNOWN,0,10099,151,0,0,0
CVE-1999-0197,finger 0@host on some systems may print information on some user accounts.,8.6,UNKNOWN,UNKNOWN,UNKNOWN,1999-01-01 05:00:00.000,UNKNOWN,0,10099,151,0,0,0
CVE-1999-0198,finger .@host on some systems may print information on some user accounts.,8.6,UNKNOWN,UNKNOWN,UNKNOWN,1999-01-01 05:00:00.000,UNKNOWN,0,10099,151,0,0,0
CVE-1999-0200,Windows NT FTP server (WFTP) with the guest account enabled without a password allows an attacker to log into the FTP server using any username and password.,8.6,UNKNOWN,UNKNOWN,UNKNOWN,1999-01-01 05:00:00.000,UNKNOWN,0,10099,151,0,0,0
CVE-1999-0205,Denial of service in Sendmail 8.6.11 and 8.6.12.,8.6,UNKNOWN,UNKNOWN,UNKNOWN,1999-01-01 05:00:00.000,eric_allman,0,10099,13,0,0,0
CVE-1999-0220,Attackers can do a denial of service of IRC by crashing the server.,8.6,UNKNOWN,UNKNOWN,UNKNOWN,1999-01-01 05:00:00.000,UNKNOWN,0,10099,151,0,0,0
CVE-1999-0226,"Windows NT TCP/IP processes fragmented IP packets improperly, causing a denial of service.",8.6,UNKNOWN,UNKNOWN,UNKNOWN,1999-01-01 05:00:00.000,microsoft,0,10099,245,0,0,0
CVE-1999-0231,"Buffer overflow in IP-Switch IMail and Seattle Labs Slmail 2.6 packages using a long VRFY command, causing a denial of service and possibly remote access.",8.6,UNKNOWN,UNKNOWN,UNKNOWN,1999-01-01 05:00:00.000,seattle_lab_software,0,10099,4,0,0,0
CVE-1999-0240,Some filters or firewalls allow fragmented SYN packets with IP reserved bits in violation of their implemented policy.,8.6,UNKNOWN,UNKNOWN,UNKNOWN,1999-01-01 05:00:00.000,UNKNOWN,0,10099,151,0,0,0
CVE-1999-0243,Linux cfingerd could be exploited to gain root access.,8.6,UNKNOWN,UNKNOWN,UNKNOWN,1999-01-01 05:00:00.000,UNKNOWN,0,10099,151,0,0,0
CVE-1999-0248,A race condition in the authentication agent mechanism of sshd 1.2.17 allows an attacker to steal another user's credentials.,8.6,UNKNOWN,UNKNOWN,UNKNOWN,1999-01-01 05:00:00.000,ssh,0,10099,9,0,0,0
CVE-1999-0255,Buffer overflow in ircd allows arbitrary command execution.,8.6,UNKNOWN,UNKNOWN,UNKNOWN,1999-01-01 05:00:00.000,UNKNOWN,0,10099,151,0,0,0
CVE-1999-0268,"MetaInfo MetaWeb web server allows users to upload, execute, and read scripts.",8.6,UNKNOWN,UNKNOWN,UNKNOWN,1999-01-01 05:00:00.000,metainfo,0,10099,2,0,0,0
CVE-1999-0276,mSQL v2.0.1 and below allows remote execution through a buffer overflow.,8.6,UNKNOWN,UNKNOWN,UNKNOWN,1999-01-01 05:00:00.000,hughes,0,10099,4,0,0,0
CVE-1999-0283,The Java Web Server would allow remote users to obtain the source code for CGI programs.,8.6,UNKNOWN,UNKNOWN,UNKNOWN,1999-01-01 05:00:00.000,UNKNOWN,0,10099,151,0,0,0
CVE-1999-0285,"Denial of service in telnet from the Windows NT Resource Kit, by opening then immediately closing a connection.",8.6,UNKNOWN,UNKNOWN,UNKNOWN,1999-01-01 05:00:00.000,microsoft,0,10099,245,0,0,0
CVE-1999-0286,"In some NT web servers, appending a space at the end of a URL may allow attackers to read source code for active pages.",8.6,UNKNOWN,UNKNOWN,UNKNOWN,1999-01-01 05:00:00.000,UNKNOWN,0,10099,151,0,0,0
CVE-1999-0355,"Local or remote users can force ControlIT 4.5 to reboot or force a user to log out, resulting in a denial of service.",8.6,UNKNOWN,UNKNOWN,UNKNOWN,1999-01-01 05:00:00.000,broadcom,0,10099,4,0,0,0
CVE-1999-0361,"NetWare version of LaserFiche stores usernames and passwords unencrypted, and allows administrative changes without logging.",8.6,UNKNOWN,UNKNOWN,UNKNOWN,1999-01-01 05:00:00.000,UNKNOWN,0,10099,151,0,0,0
CVE-1999-0364,"Microsoft Access 97 stores a database password as plaintext in a foreign mdb, allowing access to data.",8.6,UNKNOWN,UNKNOWN,UNKNOWN,1999-01-01 05:00:00.000,fms_inc.,0,10099,1,0,0,0
CVE-1999-0384,The Forms 2.0 ActiveX control (included with Visual Basic for Applications 5.0) can be used to read text from a user's clipboard when the user accesses documents with ActiveX content.,8.6,UNKNOWN,UNKNOWN,UNKNOWN,1999-01-01 05:00:00.000,microsoft,0,10099,245,0,0,0
CVE-1999-0388,"DataLynx suGuard trusts the PATH environment variable to execute the ps command, allowing local users to execute commands as root.",8.6,UNKNOWN,UNKNOWN,UNKNOWN,1999-01-01 05:00:00.000,datalynx,0,10099,1,0,0,0
CVE-1999-0393,Remote attackers can cause a denial of service in Sendmail 8.8.x and 8.9.2 by sending messages with a large number of headers.,8.6,UNKNOWN,UNKNOWN,UNKNOWN,1999-01-01 05:00:00.000,eric_allman,0,10099,13,0,0,0
CVE-1999-0394,DPEC Online Courseware allows an attacker to change another user's password without knowing the original password.,8.6,UNKNOWN,UNKNOWN,UNKNOWN,1999-01-01 05:00:00.000,UNKNOWN,0,10099,151,0,0,0
CVE-1999-0395,A race condition in the BackWeb Polite Agent Protocol allows an attacker to spoof a BackWeb server.,8.6,UNKNOWN,UNKNOWN,UNKNOWN,1999-01-01 05:00:00.000,backweb_technologies,0,10099,2,0,0,0
CVE-1999-0397,The demo version of the Quakenbush NT Password Appraiser sends passwords across the network in plaintext.,8.6,UNKNOWN,UNKNOWN,UNKNOWN,1999-01-01 05:00:00.000,UNKNOWN,0,10099,151,0,0,0
CVE-1999-0398,"In some instances of SSH 1.2.27 and 2.0.11 on Linux systems, SSH will allow users with expired accounts to login.",8.6,UNKNOWN,UNKNOWN,UNKNOWN,1999-01-01 05:00:00.000,ssh,0,10099,9,0,0,0
CVE-1999-0399,"The DCC server command in the Mirc 5.5 client doesn't filter characters from file names properly, allowing remote attackers to place a malicious file in a different location, possibly allowing the attacker to execute commands.",8.6,UNKNOWN,UNKNOWN,UNKNOWN,1999-01-01 05:00:00.000,khaled_mardam-bey,0,10099,1,0,0,0
CVE-1999-0401,A race condition in Linux 2.2.1 allows local users to read arbitrary memory from /proc files.,8.6,UNKNOWN,UNKNOWN,UNKNOWN,1999-01-01 05:00:00.000,linux,0,10099,24,0,0,0
CVE-1999-0448,"IIS 4.0 and Apache log HTTP request methods, regardless of how long they are, allowing a remote attacker to hide the URL they really request.",8.6,UNKNOWN,UNKNOWN,UNKNOWN,1999-01-01 05:00:00.000,microsoft,0,10099,245,0,0,0
CVE-1999-0452,A service or application has a backdoor password that was placed there by the developer.,8.6,UNKNOWN,UNKNOWN,UNKNOWN,1999-01-01 05:00:00.000,UNKNOWN,0,10099,151,0,0,0
CVE-1999-0453,"An attacker can identify a CISCO device by sending a SYN packet to port 1999, which is for the Cisco Discovery Protocol (CDP).",8.6,UNKNOWN,UNKNOWN,UNKNOWN,1999-01-01 05:00:00.000,cisco,0,10099,41,0,0,0
CVE-1999-0454,"A remote attacker can sometimes identify the operating system of a host based on how it reacts to some IP or ICMP packets, using a tool such as nmap or queso.",8.6,UNKNOWN,UNKNOWN,UNKNOWN,1999-01-01 05:00:00.000,UNKNOWN,0,10099,151,0,0,0
CVE-1999-0465,Remote attackers can crash Lynx and Internet Explorer using an IMG tag with a large width parameter.,8.6,UNKNOWN,UNKNOWN,UNKNOWN,1999-01-01 05:00:00.000,UNKNOWN,0,10099,151,0,0,0
CVE-1999-0495,A remote attacker can gain access to a file system using ..  (dot dot) when accessing SMB shares.,8.6,UNKNOWN,UNKNOWN,UNKNOWN,1999-01-01 05:00:00.000,UNKNOWN,0,10099,151,0,0,0
CVE-1999-0497,Anonymous FTP is enabled.,8.6,UNKNOWN,UNKNOWN,UNKNOWN,1999-01-01 05:00:00.000,UNKNOWN,0,10099,151,0,0,0
CVE-1999-0512,"A mail server is explicitly configured to allow SMTP mail relay, which allows abuse by spammers.",8.6,UNKNOWN,UNKNOWN,UNKNOWN,1999-01-01 05:00:00.000,UNKNOWN,0,10099,151,0,0,0
CVE-1999-0515,"An unrestricted remote trust relationship for Unix systems has been set up, e.g. by using a + sign in /etc/hosts.equiv.",8.6,UNKNOWN,UNKNOWN,UNKNOWN,1999-01-01 05:00:00.000,UNKNOWN,0,10099,151,0,0,0
CVE-1999-0520,A system-critical NETBIOS/SMB share has inappropriate access control.,8.6,UNKNOWN,UNKNOWN,UNKNOWN,1999-01-01 05:00:00.000,UNKNOWN,0,10099,151,0,0,0
CVE-1999-0523,ICMP echo (ping) is allowed from arbitrary hosts.,8.6,UNKNOWN,UNKNOWN,UNKNOWN,1999-01-01 05:00:00.000,UNKNOWN,0,10099,151,0,0,0
CVE-1999-0527,"The permissions for system-critical data in an anonymous FTP account are inappropriate.  For example, the root directory is writeable by world, a real password file is obtainable, or executable commands such as ""ls"" can be overwritten.",8.6,UNKNOWN,UNKNOWN,UNKNOWN,1999-01-01 05:00:00.000,UNKNOWN,0,10099,151,0,0,0
CVE-1999-0528,A router or firewall forwards external packets that claim to come from inside the network that the router/firewall is in front of.,8.6,UNKNOWN,UNKNOWN,UNKNOWN,1999-01-01 05:00:00.000,UNKNOWN,0,10099,151,0,0,0
CVE-1999-0529,"A router or firewall forwards packets that claim to come from IANA reserved or private addresses, e.g. 10.x.x.x, 127.x.x.x, 217.x.x.x, etc.",8.6,UNKNOWN,UNKNOWN,UNKNOWN,1999-01-01 05:00:00.000,UNKNOWN,0,10099,151,0,0,0
CVE-1999-0530,"A system is operating in ""promiscuous"" mode which allows it to perform packet sniffing.",8.6,UNKNOWN,UNKNOWN,UNKNOWN,1999-01-01 05:00:00.000,UNKNOWN,0,10099,151,0,0,0
CVE-1999-0531,"Rejected reason: DO NOT USE THIS CANDIDATE NUMBER.  ConsultIDs: None.  Reason: this candidate is solely about a configuration that does not directly introduce security vulnerabilities, so it is more appropriate to cover under the Common Configuration Enumeration (CCE).  Notes: the former description is: ""An SMTP service supports EXPN, VRFY, HELP, ESMTP, and/or EHLO.",8.6,UNKNOWN,UNKNOWN,UNKNOWN,1999-01-01 05:00:00.000,UNKNOWN,0,10099,151,0,0,0
CVE-1999-0539,A trust relationship exists between two Unix hosts.,8.6,UNKNOWN,UNKNOWN,UNKNOWN,1999-01-01 05:00:00.000,UNKNOWN,0,10099,151,0,0,0
CVE-1999-0547,An SSH server allows authentication through the .rhosts file.,8.6,UNKNOWN,UNKNOWN,UNKNOWN,1999-01-01 05:00:00.000,UNKNOWN,0,10099,151,0,0,0
CVE-1999-0548,"A superfluous NFS server is running, but it is not importing or exporting any file systems.",8.6,UNKNOWN,UNKNOWN,UNKNOWN,1999-01-01 05:00:00.000,UNKNOWN,0,10099,151,0,0,0
CVE-1999-0549,Windows NT automatically logs in an administrator upon rebooting.,8.6,UNKNOWN,UNKNOWN,UNKNOWN,1999-01-01 05:00:00.000,microsoft,0,10099,245,0,0,0
CVE-1999-0554,"NFS exports system-critical data to the world, e.g. / or a password file.",8.6,UNKNOWN,UNKNOWN,UNKNOWN,1999-01-01 05:00:00.000,UNKNOWN,0,10099,151,0,0,0
CVE-1999-0555,"A Unix account with a name other than ""root"" has UID 0, i.e. root privileges.",8.6,UNKNOWN,UNKNOWN,UNKNOWN,1999-01-01 05:00:00.000,UNKNOWN,0,10099,151,0,0,0
CVE-1999-0556,Two or more Unix accounts have the same UID.,8.6,UNKNOWN,UNKNOWN,UNKNOWN,1999-01-01 05:00:00.000,UNKNOWN,0,10099,151,0,0,0
CVE-1999-0559,A system-critical Unix file or directory has inappropriate permissions.,8.6,UNKNOWN,UNKNOWN,UNKNOWN,1999-01-01 05:00:00.000,UNKNOWN,0,10099,151,0,0,0
CVE-1999-0560,A system-critical Windows NT file or directory has inappropriate permissions.,8.6,UNKNOWN,UNKNOWN,UNKNOWN,1999-01-01 05:00:00.000,microsoft,0,10099,245,0,0,0
CVE-1999-0561,IIS has the #exec function enabled for Server Side Include (SSI) files.,8.6,UNKNOWN,UNKNOWN,UNKNOWN,1999-01-01 05:00:00.000,UNKNOWN,0,10099,151,0,0,0
CVE-1999-0564,An attacker can force a printer to print arbitrary documents (e.g. if the printer doesn't require a password) or to become disabled.,8.6,UNKNOWN,UNKNOWN,UNKNOWN,1999-01-01 05:00:00.000,UNKNOWN,0,10099,151,0,0,0
CVE-1999-0565,A Sendmail alias allows input to be piped to a program.,8.6,UNKNOWN,UNKNOWN,UNKNOWN,1999-01-01 05:00:00.000,UNKNOWN,0,10099,151,0,0,0
CVE-1999-0568,rpc.admind in Solaris is not running in a secure mode.,8.6,UNKNOWN,UNKNOWN,UNKNOWN,1999-01-01 05:00:00.000,sun,0,10099,115,0,0,0
CVE-1999-0569,"A URL for a WWW directory allows auto-indexing, which provides a list of all files in that directory if it does not contain an index.html file.",8.6,UNKNOWN,UNKNOWN,UNKNOWN,1999-01-01 05:00:00.000,UNKNOWN,0,10099,151,0,0,0
CVE-1999-0570,"Windows NT is not using a password filter utility, e.g. PASSFILT.DLL.",8.6,UNKNOWN,UNKNOWN,UNKNOWN,1999-01-01 05:00:00.000,microsoft,0,10099,245,0,0,0
CVE-1999-0571,A router's configuration service or management interface (such as a web server or telnet) is configured to allow connections from arbitrary hosts.,8.6,UNKNOWN,UNKNOWN,UNKNOWN,1999-01-01 05:00:00.000,UNKNOWN,0,10099,151,0,0,0
CVE-1999-0577,A Windows NT system's file audit policy does not log an event success or failure for non-critical files or directories.,8.6,UNKNOWN,UNKNOWN,UNKNOWN,1999-01-01 05:00:00.000,microsoft,0,10099,245,0,0,0
CVE-1999-0578,A Windows NT system's registry audit policy does not log an event success or failure for security-critical registry keys.,8.6,UNKNOWN,UNKNOWN,UNKNOWN,1999-01-01 05:00:00.000,microsoft,0,10099,245,0,0,0
CVE-1999-0579,A Windows NT system's registry audit policy does not log an event success or failure for non-critical registry keys.,8.6,UNKNOWN,UNKNOWN,UNKNOWN,1999-01-01 05:00:00.000,microsoft,0,10099,245,0,0,0
CVE-1999-0580,"The HKEY_LOCAL_MACHINE key in a Windows NT system has inappropriate, system-critical permissions.",8.6,UNKNOWN,UNKNOWN,UNKNOWN,1999-01-01 05:00:00.000,UNKNOWN,0,10099,151,0,0,0
CVE-1999-0581,"The HKEY_CLASSES_ROOT key in a Windows NT system has inappropriate, system-critical permissions.",8.6,UNKNOWN,UNKNOWN,UNKNOWN,1999-01-01 05:00:00.000,microsoft,0,10099,245,0,0,0
CVE-1999-0583,There is a one-way or two-way trust relationship between Windows NT domains.,8.6,UNKNOWN,UNKNOWN,UNKNOWN,1999-01-01 05:00:00.000,UNKNOWN,0,10099,151,0,0,0
CVE-1999-0584,A Windows NT file system is not NTFS.,8.6,UNKNOWN,UNKNOWN,UNKNOWN,1999-01-01 05:00:00.000,UNKNOWN,0,10099,151,0,0,0
CVE-1999-0586,A network service is running on a nonstandard port.,8.6,UNKNOWN,UNKNOWN,UNKNOWN,1999-01-01 05:00:00.000,UNKNOWN,0,10099,151,0,0,0
CVE-1999-0587,"A WWW server is not running in a restricted file system, e.g. through a chroot, thus allowing access to system-critical data.",8.6,UNKNOWN,UNKNOWN,UNKNOWN,1999-01-01 05:00:00.000,UNKNOWN,0,10099,151,0,0,0
CVE-1999-0588,A filter in a router or firewall allows unusual fragmented packets.,8.6,UNKNOWN,UNKNOWN,UNKNOWN,1999-01-01 05:00:00.000,UNKNOWN,0,10099,151,0,0,0
CVE-1999-0589,A system-critical Windows NT registry key has inappropriate permissions.,8.6,UNKNOWN,UNKNOWN,UNKNOWN,1999-01-01 05:00:00.000,UNKNOWN,0,10099,151,0,0,0
CVE-1999-0591,An event log in Windows NT has inappropriate access permissions.,8.6,UNKNOWN,UNKNOWN,UNKNOWN,1999-01-01 05:00:00.000,UNKNOWN,0,10099,151,0,0,0
CVE-1999-0592,The Logon box of a Windows NT system displays the name of the last user who logged in.,8.6,UNKNOWN,UNKNOWN,UNKNOWN,1999-01-01 05:00:00.000,UNKNOWN,0,10099,151,0,0,0
CVE-1999-0593,The default setting for the Winlogon key entry ShutdownWithoutLogon in Windows NT allows users with physical access to shut down a Windows NT system without logging in.,8.6,UNKNOWN,UNKNOWN,UNKNOWN,1999-01-01 05:00:00.000,microsoft,0,10099,245,0,0,0
CVE-1999-0594,A Windows NT system does not restrict access to removable media drives such as a floppy disk drive or CDROM drive.,8.6,UNKNOWN,UNKNOWN,UNKNOWN,1999-01-01 05:00:00.000,UNKNOWN,0,10099,151,0,0,0
CVE-1999-0596,A Windows NT log file has an inappropriate maximum size or retention period.,8.6,UNKNOWN,UNKNOWN,UNKNOWN,1999-01-01 05:00:00.000,UNKNOWN,0,10099,151,0,0,0
CVE-1999-0597,A Windows NT account policy does not forcibly disconnect remote users from the server when their logon hours expire.,8.6,UNKNOWN,UNKNOWN,UNKNOWN,1999-01-01 05:00:00.000,UNKNOWN,0,10099,151,0,0,0
CVE-1999-0598,"A network intrusion detection system (IDS) does not properly handle packets that are sent out of order, allowing an attacker to escape detection.",8.6,UNKNOWN,UNKNOWN,UNKNOWN,1999-01-01 05:00:00.000,UNKNOWN,0,10099,151,0,0,0
CVE-1999-0599,A network intrusion detection system (IDS) does not properly handle packets with improper sequence numbers.,8.6,UNKNOWN,UNKNOWN,UNKNOWN,1999-01-01 05:00:00.000,UNKNOWN,0,10099,151,0,0,0
CVE-1999-0600,A network intrusion detection system (IDS) does not verify the checksum on a packet.,8.6,UNKNOWN,UNKNOWN,UNKNOWN,1999-01-01 05:00:00.000,UNKNOWN,0,10099,151,0,0,0
CVE-1999-0601,A network intrusion detection system (IDS) does not properly handle data within TCP handshake packets.,8.6,UNKNOWN,UNKNOWN,UNKNOWN,1999-01-01 05:00:00.000,UNKNOWN,0,10099,151,0,0,0
CVE-1999-0602,A network intrusion detection system (IDS) does not properly reassemble fragmented packets.,8.6,UNKNOWN,UNKNOWN,UNKNOWN,1999-01-01 05:00:00.000,UNKNOWN,0,10099,151,0,0,0
CVE-1999-0603,"In Windows NT, an inappropriate user is a member of a group, e.g. Administrator, Backup Operators, Domain Admins, Domain Guests, Power Users, Print Operators, Replicators, System Operators, etc.",8.6,UNKNOWN,UNKNOWN,UNKNOWN,1999-01-01 05:00:00.000,UNKNOWN,0,10099,151,0,0,0
CVE-1999-0611,A system-critical Windows NT registry key has an inappropriate value.,8.6,UNKNOWN,UNKNOWN,UNKNOWN,1999-01-01 05:00:00.000,UNKNOWN,0,10099,151,0,0,0
CVE-1999-0613,The rpc.sprayd service is running.,8.6,UNKNOWN,UNKNOWN,UNKNOWN,1999-01-01 05:00:00.000,UNKNOWN,0,10099,151,0,0,0
CVE-1999-0614,"Rejected reason: DO NOT USE THIS CANDIDATE NUMBER.  ConsultIDs: None.  Reason: this candidate is solely about a configuration that does not directly introduce security vulnerabilities, so it is more appropriate to cover under the Common Configuration Enumeration (CCE).  Notes: the former description is: ""The FTP service is running.",8.6,UNKNOWN,UNKNOWN,UNKNOWN,1999-01-01 05:00:00.000,UNKNOWN,0,10099,151,0,0,0
CVE-1999-0615,"Rejected reason: DO NOT USE THIS CANDIDATE NUMBER.  ConsultIDs: None.  Reason: this candidate is solely about a configuration that does not directly introduce security vulnerabilities, so it is more appropriate to cover under the Common Configuration Enumeration (CCE).  Notes: the former description is: ""The SNMP service is running.",8.6,UNKNOWN,UNKNOWN,UNKNOWN,1999-01-01 05:00:00.000,UNKNOWN,0,10099,151,0,0,0
CVE-1999-0616,"Rejected reason: DO NOT USE THIS CANDIDATE NUMBER.  ConsultIDs: None.  Reason: this candidate is solely about a configuration that does not directly introduce security vulnerabilities, so it is more appropriate to cover under the Common Configuration Enumeration (CCE).  Notes: the former description is: ""The TFTP service is running.",8.6,UNKNOWN,UNKNOWN,UNKNOWN,1999-01-01 05:00:00.000,UNKNOWN,0,10099,151,0,0,0
CVE-1999-0617,"Rejected reason: DO NOT USE THIS CANDIDATE NUMBER.  ConsultIDs: None.  Reason: this candidate is solely about a configuration that does not directly introduce security vulnerabilities, so it is more appropriate to cover under the Common Configuration Enumeration (CCE).  Notes: the former description is: ""The SMTP service is running.",8.6,UNKNOWN,UNKNOWN,UNKNOWN,1999-01-01 05:00:00.000,UNKNOWN,0,10099,151,0,0,0
CVE-1999-0618,The rexec service is running.,8.6,UNKNOWN,UNKNOWN,UNKNOWN,1999-01-01 05:00:00.000,UNKNOWN,0,10099,151,0,0,0
CVE-1999-0619,"Rejected reason: DO NOT USE THIS CANDIDATE NUMBER.  ConsultIDs: None.  Reason: this candidate is solely about a configuration that does not directly introduce security vulnerabilities, so it is more appropriate to cover under the Common Configuration Enumeration (CCE).  Notes: the former description is: ""The Telnet service is running.",8.6,UNKNOWN,UNKNOWN,UNKNOWN,1999-01-01 05:00:00.000,UNKNOWN,0,10099,151,0,0,0
CVE-1999-0620,"Rejected reason: DO NOT USE THIS CANDIDATE NUMBER.  ConsultIDs: None.  Reason: this candidate is solely about a configuration that does not directly introduce security vulnerabilities, so it is more appropriate to cover under the Common Configuration Enumeration (CCE).  Notes: the former description is: ""A component service related to NIS is running.",8.6,UNKNOWN,UNKNOWN,UNKNOWN,1999-01-01 05:00:00.000,UNKNOWN,0,10099,151,0,0,0
CVE-1999-0621,"Rejected reason: DO NOT USE THIS CANDIDATE NUMBER.  ConsultIDs: None.  Reason: this candidate is solely about a configuration that does not directly introduce security vulnerabilities, so it is more appropriate to cover under the Common Configuration Enumeration (CCE).  Notes: the former description is: ""A component service related to NETBIOS is running.",8.6,UNKNOWN,UNKNOWN,UNKNOWN,1999-01-01 05:00:00.000,UNKNOWN,0,10099,151,0,0,0
CVE-1999-0622,"Rejected reason: DO NOT USE THIS CANDIDATE NUMBER.  ConsultIDs: None.  Reason: this candidate is solely about a configuration that does not directly introduce security vulnerabilities, so it is more appropriate to cover under the Common Configuration Enumeration (CCE).  Notes: the former description is: ""A component service related to DNS service is running.",8.6,UNKNOWN,UNKNOWN,UNKNOWN,1999-01-01 05:00:00.000,UNKNOWN,0,10099,151,0,0,0
CVE-1999-0623,"Rejected reason: DO NOT USE THIS CANDIDATE NUMBER.  ConsultIDs: None.  Reason: this candidate is solely about a configuration that does not directly introduce security vulnerabilities, so it is more appropriate to cover under the Common Configuration Enumeration (CCE).  Notes: the former description is: ""The X Windows service is running.",8.6,UNKNOWN,UNKNOWN,UNKNOWN,1999-01-01 05:00:00.000,UNKNOWN,0,10099,151,0,0,0
CVE-1999-0624,The rstat/rstatd service is running.,8.6,UNKNOWN,UNKNOWN,UNKNOWN,1999-01-01 05:00:00.000,UNKNOWN,0,10099,151,0,0,0
CVE-1999-0625,The rpc.rquotad service is running.,8.6,UNKNOWN,UNKNOWN,UNKNOWN,1999-01-01 05:00:00.000,UNKNOWN,0,10099,151,0,0,0
CVE-1999-0629,The ident/identd service is running.,8.6,UNKNOWN,UNKNOWN,UNKNOWN,1999-01-01 05:00:00.000,UNKNOWN,0,10099,151,0,0,0
CVE-1999-0630,The NT Alerter and Messenger services are running.,8.6,UNKNOWN,UNKNOWN,UNKNOWN,1999-01-01 05:00:00.000,UNKNOWN,0,10099,151,0,0,0
CVE-1999-0631,"Rejected reason: DO NOT USE THIS CANDIDATE NUMBER.  ConsultIDs: None.  Reason: this candidate is solely about a configuration that does not directly introduce security vulnerabilities, so it is more appropriate to cover under the Common Configuration Enumeration (CCE).  Notes: the former description is: ""The NFS service is running.",8.6,UNKNOWN,UNKNOWN,UNKNOWN,1999-01-01 05:00:00.000,UNKNOWN,0,10099,151,0,0,0
CVE-1999-0632,The RPC portmapper service is running.,7.3,NETWORK,NONE,NONE,1999-01-01 05:00:00.000,UNKNOWN,0,10099,151,1,1,1
CVE-1999-0633,"Rejected reason: DO NOT USE THIS CANDIDATE NUMBER.  ConsultIDs: None.  Reason: this candidate is solely about a configuration that does not directly introduce security vulnerabilities, so it is more appropriate to cover under the Common Configuration Enumeration (CCE).  Notes: the former description is: ""The HTTP/WWW service is running.",8.6,UNKNOWN,UNKNOWN,UNKNOWN,1999-01-01 05:00:00.000,UNKNOWN,0,10099,151,0,0,0
CVE-1999-0634,"Rejected reason: DO NOT USE THIS CANDIDATE NUMBER.  ConsultIDs: None.  Reason: this candidate is solely about a configuration that does not directly introduce security vulnerabilities, so it is more appropriate to cover under the Common Configuration Enumeration (CCE).  Notes: the former description is: ""The SSH service is running.",8.6,UNKNOWN,UNKNOWN,UNKNOWN,1999-01-01 05:00:00.000,UNKNOWN,0,10099,151,0,0,0
CVE-1999-0635,The echo service is running.,8.6,UNKNOWN,UNKNOWN,UNKNOWN,1999-01-01 05:00:00.000,UNKNOWN,0,10099,151,0,0,0
CVE-1999-0636,The discard service is running.,8.6,UNKNOWN,UNKNOWN,UNKNOWN,1999-01-01 05:00:00.000,UNKNOWN,0,10099,151,0,0,0
CVE-1999-0637,The systat service is running.,8.6,UNKNOWN,UNKNOWN,UNKNOWN,1999-01-01 05:00:00.000,UNKNOWN,0,10099,151,0,0,0
CVE-1999-0638,The daytime service is running.,8.6,UNKNOWN,UNKNOWN,UNKNOWN,1999-01-01 05:00:00.000,UNKNOWN,0,10099,151,0,0,0
CVE-1999-0639,The chargen service is running.,8.6,UNKNOWN,UNKNOWN,UNKNOWN,1999-01-01 05:00:00.000,UNKNOWN,0,10099,151,0,0,0
CVE-1999-0640,The Gopher service is running.,8.6,UNKNOWN,UNKNOWN,UNKNOWN,1999-01-01 05:00:00.000,UNKNOWN,0,10099,151,0,0,0
CVE-1999-0641,The UUCP service is running.,8.6,UNKNOWN,UNKNOWN,UNKNOWN,1999-01-01 05:00:00.000,UNKNOWN,0,10099,151,0,0,0
CVE-1999-0642,"Rejected reason: DO NOT USE THIS CANDIDATE NUMBER.  ConsultIDs: None.  Reason: this candidate is solely about a configuration that does not directly introduce security vulnerabilities, so it is more appropriate to cover under the Common Configuration Enumeration (CCE).  Notes: the former description is: ""A POP service is running.",8.6,UNKNOWN,UNKNOWN,UNKNOWN,1999-01-01 05:00:00.000,UNKNOWN,0,10099,151,0,0,0
CVE-1999-0643,"Rejected reason: DO NOT USE THIS CANDIDATE NUMBER.  ConsultIDs: None.  Reason: this candidate is solely about a configuration that does not directly introduce security vulnerabilities, so it is more appropriate to cover under the Common Configuration Enumeration (CCE).  Notes: the former description is: ""The IMAP service is running.",8.6,UNKNOWN,UNKNOWN,UNKNOWN,1999-01-01 05:00:00.000,UNKNOWN,0,10099,151,0,0,0
CVE-1999-0644,"Rejected reason: DO NOT USE THIS CANDIDATE NUMBER.  ConsultIDs: None.  Reason: this candidate is solely about a configuration that does not directly introduce security vulnerabilities, so it is more appropriate to cover under the Common Configuration Enumeration (CCE).  Notes: the former description is: ""The NNTP news service is running.",8.6,UNKNOWN,UNKNOWN,UNKNOWN,1999-01-01 05:00:00.000,UNKNOWN,0,10099,151,0,0,0
CVE-1999-0645,"Rejected reason: DO NOT USE THIS CANDIDATE NUMBER.  ConsultIDs: None.  Reason: this candidate is solely about a configuration that does not directly introduce security vulnerabilities, so it is more appropriate to cover under the Common Configuration Enumeration (CCE).  Notes: the former description is: ""The IRC service is running.",8.6,UNKNOWN,UNKNOWN,UNKNOWN,1999-01-01 05:00:00.000,UNKNOWN,0,10099,151,0,0,0
CVE-1999-0646,"Rejected reason: DO NOT USE THIS CANDIDATE NUMBER.  ConsultIDs: None.  Reason: this candidate is solely about a configuration that does not directly introduce security vulnerabilities, so it is more appropriate to cover under the Common Configuration Enumeration (CCE).  Notes: the former description is: ""The LDAP service is running.",8.6,UNKNOWN,UNKNOWN,UNKNOWN,1999-01-01 05:00:00.000,UNKNOWN,0,10099,151,0,0,0
CVE-1999-0647,"Rejected reason: DO NOT USE THIS CANDIDATE NUMBER.  ConsultIDs: None.  Reason: this candidate is solely about a configuration that does not directly introduce security vulnerabilities, so it is more appropriate to cover under the Common Configuration Enumeration (CCE).  Notes: the former description is: ""The bootparam (bootparamd) service is running.",8.6,UNKNOWN,UNKNOWN,UNKNOWN,1999-01-01 05:00:00.000,UNKNOWN,0,10099,151,0,0,0
CVE-1999-0648,"Rejected reason: DO NOT USE THIS CANDIDATE NUMBER.  ConsultIDs: None.  Reason: this candidate is solely about a configuration that does not directly introduce security vulnerabilities, so it is more appropriate to cover under the Common Configuration Enumeration (CCE).  Notes: the former description is: ""The X25 service is running.",8.6,UNKNOWN,UNKNOWN,UNKNOWN,1999-01-01 05:00:00.000,UNKNOWN,0,10099,151,0,0,0
CVE-1999-0649,"Rejected reason: DO NOT USE THIS CANDIDATE NUMBER.  ConsultIDs: None.  Reason: this candidate is solely about a configuration that does not directly introduce security vulnerabilities, so it is more appropriate to cover under the Common Configuration Enumeration (CCE).  Notes: the former description is: ""The FSP service is running.",8.6,UNKNOWN,UNKNOWN,UNKNOWN,1999-01-01 05:00:00.000,UNKNOWN,0,10099,151,0,0,0
CVE-1999-0650,"The netstat service is running, which provides sensitive information to remote attackers.",8.6,UNKNOWN,UNKNOWN,UNKNOWN,1999-01-01 05:00:00.000,UNKNOWN,0,10099,151,0,0,0
CVE-1999-0651,The rsh/rlogin service is running.,8.6,UNKNOWN,UNKNOWN,UNKNOWN,1999-01-01 05:00:00.000,UNKNOWN,0,10099,151,0,0,0
CVE-1999-0652,"Rejected reason: DO NOT USE THIS CANDIDATE NUMBER.  ConsultIDs: None.  Reason: this candidate is solely about a configuration that does not directly introduce security vulnerabilities, so it is more appropriate to cover under the Common Configuration Enumeration (CCE).  Notes: the former description is: ""A database service is running, e.g. a SQL server, Oracle, or mySQL.",8.6,UNKNOWN,UNKNOWN,UNKNOWN,1999-01-01 05:00:00.000,UNKNOWN,0,10099,151,0,0,0
CVE-1999-0653,A component service related to NIS+ is running.,8.6,UNKNOWN,UNKNOWN,UNKNOWN,1999-01-01 05:00:00.000,UNKNOWN,0,10099,151,0,0,0
CVE-1999-0654,The OS/2 or POSIX subsystem in NT is enabled.,8.6,UNKNOWN,UNKNOWN,UNKNOWN,1999-01-01 05:00:00.000,UNKNOWN,0,10099,151,0,0,0
CVE-1999-0655,"Rejected reason: DO NOT USE THIS CANDIDATE NUMBER.  ConsultIDs: None.  Reason: this candidate is not about any specific product, protocol, or design, so it is out of scope of CVE.  Notes: the former description is: ""A service may include useful information in its banner or help function (such as the name and version), making it useful for information gathering activities.",8.6,UNKNOWN,UNKNOWN,UNKNOWN,1999-01-01 05:00:00.000,UNKNOWN,0,10099,151,0,0,0
CVE-1999-0656,"The ugidd RPC interface, by design, allows remote attackers to enumerate valid usernames by specifying arbitrary UIDs that ugidd maps to local user and group names.",8.6,UNKNOWN,UNKNOWN,UNKNOWN,1999-01-01 05:00:00.000,linux,0,10099,24,0,0,0
CVE-1999-0657,WinGate is being used.,8.6,UNKNOWN,UNKNOWN,UNKNOWN,1999-01-01 05:00:00.000,UNKNOWN,0,10099,151,0,0,0
CVE-1999-0658,"Rejected reason: DO NOT USE THIS CANDIDATE NUMBER.  ConsultIDs: None.  Reason: this candidate is solely about a configuration that does not directly introduce security vulnerabilities, so it is more appropriate to cover under the Common Configuration Enumeration (CCE).  Notes: the former description is: ""DCOM is running.",8.6,UNKNOWN,UNKNOWN,UNKNOWN,1999-01-01 05:00:00.000,UNKNOWN,0,10099,151,0,0,0
CVE-1999-0659,"Rejected reason: DO NOT USE THIS CANDIDATE NUMBER.  ConsultIDs: None.  Reason: this candidate is solely about a configuration that does not directly introduce security vulnerabilities, so it is more appropriate to cover under the Common Configuration Enumeration (CCE).  Notes: the former description is: ""A Windows NT Primary Domain Controller (PDC) or Backup Domain Controller (BDC) is present.",8.6,UNKNOWN,UNKNOWN,UNKNOWN,1999-01-01 05:00:00.000,UNKNOWN,0,10099,151,0,0,0
CVE-1999-0660,"Rejected reason: DO NOT USE THIS CANDIDATE NUMBER.  ConsultIDs: None.  Reason: this candidate is not about any specific product, protocol, or design, so it is out of scope of CVE.  It might be more appropriate to cover under the Common Configuration Enumeration (CCE).  Notes: the former description is: ""A hacker utility, back door, or Trojan Horse is installed on a system, e.g. NetBus, Back Orifice, Rootkit, etc.",8.6,UNKNOWN,UNKNOWN,UNKNOWN,1999-01-01 05:00:00.000,UNKNOWN,0,10099,151,0,0,0
CVE-1999-0661,"A system is running a version of software that was replaced with a Trojan Horse at one of its distribution points, such as (1) TCP Wrappers 7.6, (2) util-linux 2.9g, (3) wuarchive ftpd (wuftpd) 2.2 and 2.1f, (4) IRC client (ircII) ircII 2.2.9, (5) OpenSSH 3.4p1, or (6) Sendmail 8.12.6.",8.6,UNKNOWN,UNKNOWN,UNKNOWN,1999-01-01 05:00:00.000,UNKNOWN,0,10099,151,0,0,0
CVE-1999-0662,"A system-critical program or library does not have the appropriate patch, hotfix, or service pack installed, or is outdated or obsolete.",8.6,UNKNOWN,UNKNOWN,UNKNOWN,1999-01-01 05:00:00.000,UNKNOWN,0,10099,151,0,0,0
CVE-1999-0663,"A system-critical program, library, or file has a checksum or other integrity measurement that indicates that it has been modified.",8.6,UNKNOWN,UNKNOWN,UNKNOWN,1999-01-01 05:00:00.000,UNKNOWN,0,10099,151,0,0,0
CVE-1999-0664,An application-critical Windows NT registry key has inappropriate permissions.,8.6,UNKNOWN,UNKNOWN,UNKNOWN,1999-01-01 05:00:00.000,UNKNOWN,0,10099,151,0,0,0
CVE-1999-0665,An application-critical Windows NT registry key has an inappropriate value.,8.6,UNKNOWN,UNKNOWN,UNKNOWN,1999-01-01 05:00:00.000,UNKNOWN,0,10099,151,0,0,0
CVE-1999-0698,Denial of service in IP protocol logger (ippl) on Red Hat and Debian Linux.,8.6,UNKNOWN,UNKNOWN,UNKNOWN,1999-01-01 05:00:00.000,UNKNOWN,0,10099,151,0,0,0
CVE-1999-1430,"PIM software for Royal daVinci does not properly password-protext access to data stored in the .mdb (Microsoft Access) file, which allows local users to read the data without a password by directly accessing the files with a different application, such as Access.",8.6,UNKNOWN,UNKNOWN,UNKNOWN,1999-01-01 05:00:00.000,royal,0,10099,1,0,0,0
CVE-1999-1440,"Win32 ICQ 98a 1.30, and possibly other versions, does not display the entire portion of long filenames, which could allow attackers to send an executable file with a long name that contains so many spaces that the .exe extension is not displayed, which could make the user believe that the file is safe to open from the client.",8.6,UNKNOWN,UNKNOWN,UNKNOWN,1999-01-01 05:00:00.000,mirabilis,0,10099,4,0,0,0
CVE-1999-1568,Off-by-one error in NcFTPd FTP server before 2.4.1 allows a remote attacker to cause a denial of service (crash) via a long PORT command.,7.5,NETWORK,NONE,NONE,1999-01-01 05:00:00.000,ncftp,0,10099,1,1,1,1
CVE-1999-0402,wget 1.5.3 follows symlinks to change permissions of the target file instead of the symlink itself.,8.6,UNKNOWN,UNKNOWN,UNKNOWN,1999-01-02 05:00:00.000,gnu,0,10098,11,0,0,0
CVE-1999-1170,"IPswitch IMail allows local users to gain additional privileges and modify or add mail accounts by setting the ""flags"" registry key to 1920.",8.6,UNKNOWN,UNKNOWN,UNKNOWN,1999-01-02 05:00:00.000,ipswitch,0,10098,8,0,0,0
CVE-1999-1422,"The default configuration of Slackware 3.4, and possibly other versions, includes . (dot, the current directory) in the PATH environmental variable, which could allow local users to create Trojan horse programs that are inadvertently executed by other users.",8.6,UNKNOWN,UNKNOWN,UNKNOWN,1999-01-02 05:00:00.000,slackware,0,10098,12,0,0,0
CVE-2000-0005,HP-UX aserver program allows local users to gain privileges via a symlink attack.,8.6,UNKNOWN,UNKNOWN,UNKNOWN,1999-01-02 05:00:00.000,hp,0,10098,67,0,0,0
CVE-1999-0389,Buffer overflow in the bootp server in the Debian Linux netstd package.,8.6,UNKNOWN,UNKNOWN,UNKNOWN,1999-01-03 05:00:00.000,debian,0,10097,26,0,0,0
CVE-1999-0914,Buffer overflow in the FTP client in the Debian GNU/Linux netstd package.,8.6,UNKNOWN,UNKNOWN,UNKNOWN,1999-01-03 05:00:00.000,debian,0,10097,26,0,0,0
CVE-2000-0054,search.cgi in the SolutionScripts Home Free package allows remote attackers to view directories via a .. (dot dot) attack.,8.6,UNKNOWN,UNKNOWN,UNKNOWN,1999-01-03 05:00:00.000,solution_scripts,0,10097,1,0,0,0
CVE-1999-0390,Buffer overflow in Dosemu Slang library in Linux.,8.6,UNKNOWN,UNKNOWN,UNKNOWN,1999-01-04 05:00:00.000,redhat,0,10096,24,0,0,0
CVE-1999-0464,Local users can perform a denial of service in Tripwire 1.2 and earlier using long filenames.,8.6,UNKNOWN,UNKNOWN,UNKNOWN,1999-01-04 05:00:00.000,tripwire,0,10096,1,0,0,0
CVE-1999-0391,"The cryptographic challenge of SMB authentication in Windows 95 and Windows 98 can be reused, allowing an attacker to replay the response and impersonate a user.",8.6,UNKNOWN,UNKNOWN,UNKNOWN,1999-01-05 05:00:00.000,microsoft,0,10095,245,0,0,0
CVE-1999-0458,L0phtcrack 2.5 used temporary files in the system TEMP directory which could contain password information.,8.6,UNKNOWN,UNKNOWN,UNKNOWN,1999-01-06 05:00:00.000,l0pht,0,10094,2,0,0,0
CVE-1999-1268,Vulnerability in KDE konsole allows local users to hijack or observe sessions of other users by accessing certain devices.,8.6,UNKNOWN,UNKNOWN,UNKNOWN,1999-01-06 05:00:00.000,kde,0,10094,10,0,0,0
CVE-1999-0442,Solaris ff.core allows local users to modify files.,8.6,UNKNOWN,UNKNOWN,UNKNOWN,1999-01-07 05:00:00.000,sun,0,10093,115,0,0,0
CVE-1999-0392,Buffer overflow in Thomas Boutell's cgic library version up to 1.05.,8.6,UNKNOWN,UNKNOWN,UNKNOWN,1999-01-10 05:00:00.000,thomas_boutell,0,10090,1,0,0,0
CVE-1999-0063,Cisco IOS 12.0 and other versions can be crashed by malicious UDP packets to the syslog port.,8.6,UNKNOWN,UNKNOWN,UNKNOWN,1999-01-11 05:00:00.000,cisco,0,10089,41,0,0,0
CVE-1999-1172,"By design, Maximizer Enterprise 4 calendar and address book program allows arbitrary users to modify the calendar of other users when the calendar is being shared.",8.6,UNKNOWN,UNKNOWN,UNKNOWN,1999-01-14 05:00:00.000,maximizer,0,10086,1,0,0,0
CVE-1999-1376,Buffer overflow in fpcount.exe in IIS 4.0 with FrontPage Server Extensions allows remote attackers to execute arbitrary commands.,8.6,UNKNOWN,UNKNOWN,UNKNOWN,1999-01-14 05:00:00.000,microsoft,0,10086,245,0,0,0
CVE-1999-1538,"When IIS 2 or 3 is upgraded to IIS 4, ism.dll is inadvertently left in /scripts/iisadmin, which does not restrict access to the local machine and allows an unauthorized user to gain access to sensitive server information, including the Administrator's password.",8.6,UNKNOWN,UNKNOWN,UNKNOWN,1999-01-14 05:00:00.000,microsoft,0,10086,245,0,0,0
CVE-1999-0457,Linux ftpwatch program allows local users to gain root privileges.,8.6,UNKNOWN,UNKNOWN,UNKNOWN,1999-01-17 05:00:00.000,debian,0,10083,26,0,0,0
CVE-1999-0678,"A default configuration of Apache on Debian GNU/Linux sets the ServerRoot to /usr/doc, which allows remote users to read documentation files for the entire server.",8.6,UNKNOWN,UNKNOWN,UNKNOWN,1999-01-17 05:00:00.000,apache,0,10083,18,0,0,0
CVE-1999-0119,Windows NT 4.0 beta allows users to read and delete shares.,8.6,UNKNOWN,UNKNOWN,UNKNOWN,1999-01-19 05:00:00.000,microsoft,0,10081,245,0,0,0
CVE-1999-0451,Denial of service in Linux 2.0.36 allows local users to prevent any server from listening on any non-privileged port.,8.6,UNKNOWN,UNKNOWN,UNKNOWN,1999-01-19 05:00:00.000,linux,0,10081,24,0,0,0
CVE-1999-0121,Buffer overflow in dtaction command gives root access.,8.6,UNKNOWN,UNKNOWN,UNKNOWN,1999-01-21 05:00:00.000,UNKNOWN,0,10079,151,0,0,0
CVE-1999-1264,"WebRamp M3 router does not disable remote telnet or HTTP access to itself, even when access has been explicitly disabled.",8.6,UNKNOWN,UNKNOWN,UNKNOWN,1999-01-21 05:00:00.000,ramp_networks,0,10079,4,0,0,0
CVE-1999-1544,Buffer overflow in FTP server in Microsoft IIS 3.0 and 4.0 allows local and sometimes remote attackers to cause a denial of service via a long NLST (ls) command.,8.6,UNKNOWN,UNKNOWN,UNKNOWN,1999-01-24 05:00:00.000,microsoft,0,10076,245,0,0,0
CVE-1999-0352,ControlIT 4.5 and earlier (aka Remotely Possible) has weak password encryption.,8.6,UNKNOWN,UNKNOWN,UNKNOWN,1999-01-25 05:00:00.000,UNKNOWN,0,10075,151,0,0,0
CVE-1999-0356,ControlIT v4.5 and earlier uses weak encryption to store usernames and passwords in an address book.,8.6,UNKNOWN,UNKNOWN,UNKNOWN,1999-01-25 05:00:00.000,UNKNOWN,0,10075,151,0,0,0
CVE-1999-0357,"Windows 98 and other operating systems allows remote attackers to cause a denial of service via crafted ""oshare"" packets, possibly involving invalid fragmentation offsets.",8.6,UNKNOWN,UNKNOWN,UNKNOWN,1999-01-25 05:00:00.000,microsoft,0,10075,245,0,0,0
CVE-1999-1458,Buffer overflow in at program in Digital UNIX 4.0 allows local users to gain root privileges via a long command line argument.,8.6,UNKNOWN,UNKNOWN,UNKNOWN,1999-01-25 05:00:00.000,digital,0,10075,18,0,0,0
CVE-1999-0347,"Internet Explorer 4.01 allows remote attackers to read local files and spoof web pages via a ""%01"" character in an ""about:"" Javascript URL, which causes Internet Explorer to use the domain specified after the character.",8.6,UNKNOWN,UNKNOWN,UNKNOWN,1999-01-26 05:00:00.000,UNKNOWN,0,10074,151,0,0,0
CVE-1999-0400,Denial of service in Linux 2.2.0 running the ldd command on a core file.,8.6,UNKNOWN,UNKNOWN,UNKNOWN,1999-01-26 05:00:00.000,linux,0,10074,24,0,0,0
CVE-1999-0449,"The ExAir sample site in IIS 4 allows remote attackers to cause a denial of service (CPU consumption) via a direct request to the (1) advsearch.asp, (2) query.asp, or (3) search.asp scripts.",8.6,UNKNOWN,UNKNOWN,UNKNOWN,1999-01-26 05:00:00.000,microsoft,0,10074,245,0,0,0
CVE-1999-0450,"In IIS, an attacker could determine a real path using a request for a non-existent URL that would be interpreted by Perl (perl.exe).",8.6,UNKNOWN,UNKNOWN,UNKNOWN,1999-01-26 05:00:00.000,microsoft,0,10074,245,0,0,0
CVE-1999-0348,IIS ASP caching problem releases sensitive information when two virtual servers share the same physical directory.,8.6,UNKNOWN,UNKNOWN,UNKNOWN,1999-01-27 05:00:00.000,microsoft,0,10073,245,0,0,0
CVE-1999-0349,"A buffer overflow in the FTP list (ls) command in IIS allows remote attackers to conduct a denial of service and, in some cases, execute arbitrary commands.",8.6,UNKNOWN,UNKNOWN,UNKNOWN,1999-01-27 05:00:00.000,microsoft,0,10073,245,0,0,0
CVE-1999-1450,"Vulnerability in (1) rlogin daemon rshd and (2) scheme on SCO UNIX OpenServer 5.0.5 and earlier, and SCO UnixWare 7.0.1 and earlier, allows remote attackers to gain privileges.",8.6,UNKNOWN,UNKNOWN,UNKNOWN,1999-01-27 05:00:00.000,sco,0,10073,27,0,0,0
CVE-1999-0461,"Versions of rpcbind including Linux, IRIX, and Wietse Venema's rpcbind allow a remote attacker to insert and delete entries by spoofing a source address.",8.6,UNKNOWN,UNKNOWN,UNKNOWN,1999-01-28 05:00:00.000,sgi,0,10072,69,0,0,0
CVE-1999-0952,Buffer overflow in Solaris lpstat via class argument allows local users to gain root access.,8.6,UNKNOWN,UNKNOWN,UNKNOWN,1999-01-28 05:00:00.000,sun,0,10072,115,0,0,0
CVE-1999-1546,netstation.navio-com.rte 1.1.0.1 configuration script for Navio NC on IBM AIX exports /tmp over NFS as world-readable and world-writable.,8.6,UNKNOWN,UNKNOWN,UNKNOWN,1999-01-29 05:00:00.000,ibm,0,10071,55,0,0,0
CVE-2000-0370,The debug option in Caldera Linux smail allows remote attackers to execute commands via shell metacharacters in the -D option for the rmail command.,8.6,UNKNOWN,UNKNOWN,UNKNOWN,1999-01-29 05:00:00.000,caldera,0,10071,9,0,0,0
CVE-1999-0360,"MS Site Server 2.0 with IIS 4 can allow users to upload content, including ASP, to the target web site, thus allowing them to execute commands remotely.",8.6,UNKNOWN,UNKNOWN,UNKNOWN,1999-01-30 05:00:00.000,microsoft,0,10070,245,0,0,0
CVE-1999-0291,"The WinGate proxy is installed without a password, which allows remote attackers to redirect connections without authentication.",8.6,UNKNOWN,UNKNOWN,UNKNOWN,1999-02-01 05:00:00.000,qbik,0,10068,3,0,0,0
CVE-1999-0351,"FTP PASV ""Pizza Thief"" denial of service and unauthorized data access.  Attackers can steal data by connecting to a port that was intended for use by a client.",8.6,UNKNOWN,UNKNOWN,UNKNOWN,1999-02-01 05:00:00.000,ftp,0,10068,3,0,0,0
CVE-1999-0358,Digital Unix 4.0 has a buffer overflow in the inc program of the mh package.,8.6,UNKNOWN,UNKNOWN,UNKNOWN,1999-02-01 05:00:00.000,digital,0,10068,18,0,0,0
CVE-1999-0373,"Buffer overflow in the ""Super"" utility in Debian GNU/Linux, and other operating systems, allows local users to execute commands as root.",8.6,UNKNOWN,UNKNOWN,UNKNOWN,1999-02-01 05:00:00.000,debian,0,10068,26,0,0,0
CVE-1999-0403,A bug in Cyrix CPUs on Linux allows local users to perform a denial of service.,8.6,UNKNOWN,UNKNOWN,UNKNOWN,1999-02-01 05:00:00.000,cyrix,0,10068,1,0,0,0
CVE-1999-0459,"Local users can perform a denial of service in Alpha Linux, using MILO to force a reboot.",8.6,UNKNOWN,UNKNOWN,UNKNOWN,1999-02-01 05:00:00.000,UNKNOWN,0,10068,151,0,0,0
CVE-1999-0362,WS_FTP server remote denial of service through cwd command.,8.6,UNKNOWN,UNKNOWN,UNKNOWN,1999-02-02 05:00:00.000,ipswitch,0,10067,8,0,0,0
CVE-1999-0363,SuSE 5.2 PLP lpc program has a buffer overflow that leads to root compromise.,8.6,UNKNOWN,UNKNOWN,UNKNOWN,1999-02-02 05:00:00.000,plp,0,10067,1,0,0,0
CVE-1999-0383,ACC Tigris allows public access without a login.,8.6,UNKNOWN,UNKNOWN,UNKNOWN,1999-02-02 05:00:00.000,acc,0,10067,1,0,0,0
CVE-1999-1171,"IPswitch WS_FTP allows local users to gain additional privileges and modify or add mail accounts by setting the ""flags"" registry key to 1920.",8.6,UNKNOWN,UNKNOWN,UNKNOWN,1999-02-02 05:00:00.000,ipswitch,0,10067,8,0,0,0
CVE-1999-1453,Internet Explorer 4 allows remote attackers (malicious web site operators) to read the contents of the clipboard via the Internet WebBrowser ActiveX object.,8.6,UNKNOWN,UNKNOWN,UNKNOWN,1999-02-02 05:00:00.000,microsoft,0,10067,245,0,0,0
CVE-1999-0365,The metamail package allows remote command execution using shell metacharacters that are not quoted in a mailcap entry.,8.6,UNKNOWN,UNKNOWN,UNKNOWN,1999-02-04 05:00:00.000,metainfo,0,10065,2,0,0,0
CVE-1999-1169,nobo 1.2 allows remote attackers to cause a denial of service (crash) via a series of large UDP packets.,8.6,UNKNOWN,UNKNOWN,UNKNOWN,1999-02-04 05:00:00.000,flavio_veloso,0,10065,1,0,0,0
CVE-1999-1201,"Windows 95 and Windows 98 systems, when configured with multiple TCP/IP stacks bound to the same MAC address, allow remote attackers to cause a denial of service (traffic amplification) via a certain ICMP echo (ping) packet, which causes all stacks to send a ping response, aka TCP Chorusing.",8.6,UNKNOWN,UNKNOWN,UNKNOWN,1999-02-06 05:00:00.000,microsoft,0,10063,245,0,0,0
CVE-1999-0350,Race condition in the db_loader program in ClearCase gives local users root access by setting SUID bits.,8.6,UNKNOWN,UNKNOWN,UNKNOWN,1999-02-08 05:00:00.000,rational_software,0,10061,1,0,0,0
CVE-1999-0366,"In some cases, Service Pack 4 for Windows NT 4.0 can allow access to network shares using a blank password, through a problem with a null NT hash value.",8.6,UNKNOWN,UNKNOWN,UNKNOWN,1999-02-08 05:00:00.000,microsoft,0,10061,245,0,0,0
CVE-1999-0367,NetBSD netstat command allows local users to access kernel memory.,8.6,UNKNOWN,UNKNOWN,UNKNOWN,1999-02-09 05:00:00.000,netbsd,0,10060,9,0,0,0
CVE-1999-0368,"Buffer overflows in wuarchive ftpd (wu-ftpd) and ProFTPD lead to remote root access, a.k.a. palmetto.",8.6,UNKNOWN,UNKNOWN,UNKNOWN,1999-02-09 05:00:00.000,proftpd_project,0,10060,3,0,0,0
CVE-1999-0407,"By default, IIS 4.0 has a virtual directory /IISADMPWD which contains files that can be used as proxies for brute force password attacks, or to identify valid users on the system.",8.6,UNKNOWN,UNKNOWN,UNKNOWN,1999-02-09 05:00:00.000,microsoft,0,10060,245,0,0,0
CVE-1999-0353,rpc.pcnfsd in HP gives remote root access by changing the permissions on the main printer spool directory.,8.6,UNKNOWN,UNKNOWN,UNKNOWN,1999-02-10 05:00:00.000,hp,0,10059,67,0,0,0
CVE-1999-0370,"In Sun Solaris and SunOS, man and catman contain vulnerabilities that allow overwriting arbitrary files.",8.6,UNKNOWN,UNKNOWN,UNKNOWN,1999-02-10 05:00:00.000,sun,0,10059,115,0,0,0
CVE-1999-0371,Lynx allows a local user to overwrite sensitive files through /tmp symlinks.,8.6,UNKNOWN,UNKNOWN,UNKNOWN,1999-02-11 05:00:00.000,university_of_kansas,0,10058,2,0,0,0
CVE-1999-1375,FileSystemObject (FSO) in the showfile.asp Active Server Page (ASP) allows remote attackers to read arbitrary files by specifying the name in the file parameter.,8.6,UNKNOWN,UNKNOWN,UNKNOWN,1999-02-11 05:00:00.000,microsoft,0,10058,245,0,0,0
CVE-1999-0372,The installer for BackOffice Server includes account names and passwords in a setup file (reboot.ini) which is not deleted.,8.6,UNKNOWN,UNKNOWN,UNKNOWN,1999-02-12 05:00:00.000,microsoft,0,10057,245,0,0,0
CVE-1999-1203,Multilink PPP for ISDN dialup users in Ascend before 4.6 allows remote attackers to cause a denial of service via a spoofed endpoint identifier.,8.6,UNKNOWN,UNKNOWN,UNKNOWN,1999-02-12 05:00:00.000,ascend,0,10057,2,0,0,0
CVE-1999-0404,Buffer overflow in the Mail-Max SMTP server for Windows systems allows remote command execution.,8.6,UNKNOWN,UNKNOWN,UNKNOWN,1999-02-14 05:00:00.000,smartmax_software,0,10055,1,0,0,0
CVE-1999-0714,Vulnerability in Compaq Tru64 UNIX edauth command.,8.6,UNKNOWN,UNKNOWN,UNKNOWN,1999-02-15 05:00:00.000,digital,0,10054,18,0,0,0
CVE-1999-1260,"mSQL (Mini SQL) 2.0.6 allows remote attackers to obtain sensitive server information such as logged users, database names, and server version via the ServerStats query.",8.6,UNKNOWN,UNKNOWN,UNKNOWN,1999-02-15 05:00:00.000,hughes,0,10054,4,0,0,0
CVE-1999-0374,Debian GNU/Linux cfengine package is susceptible to a symlink attack.,8.6,UNKNOWN,UNKNOWN,UNKNOWN,1999-02-16 05:00:00.000,debian,0,10053,26,0,0,0
CVE-1999-0375,Buffer overflow in webd in Network Flight Recorder (NFR) 2.0.2-Research allows remote attackers to execute commands.,8.6,UNKNOWN,UNKNOWN,UNKNOWN,1999-02-16 05:00:00.000,network_flight_recorder,0,10053,1,0,0,0
CVE-1999-1180,O'Reilly WebSite 1.1e and Website Pro 2.0 allows remote attackers to execute arbitrary commands via shell metacharacters in an argument to (1) args.cmd or (2) args.bat.,8.6,UNKNOWN,UNKNOWN,UNKNOWN,1999-02-16 05:00:00.000,oreilly,0,10053,3,0,0,0
CVE-1999-0396,A race condition between the select() and accept() calls in NetBSD TCP servers allows remote attackers to cause a denial of service.,8.6,UNKNOWN,UNKNOWN,UNKNOWN,1999-02-17 05:00:00.000,netbsd,0,10052,9,0,0,0
CVE-1999-1060,Buffer overflow in Tetrix TetriNet daemon 1.13.16 allows remote attackers to cause a denial of service and possibly execute arbitrary commands by connecting to port 31457 from a host with a long DNS hostname.,8.6,UNKNOWN,UNKNOWN,UNKNOWN,1999-02-17 05:00:00.000,tetrix,0,10052,1,0,0,0
CVE-1999-1405,"snap command in AIX before 4.3.2 creates the /tmp/ibmsupt directory with world-readable permissions and does not remove or clear the directory when snap -a is executed, which could allow local users to access the shadowed password file by creating /tmp/ibmsupt/general/passwd before root runs snap -a.",8.6,UNKNOWN,UNKNOWN,UNKNOWN,1999-02-17 05:00:00.000,ibm,0,10052,55,0,0,0
CVE-1999-0405,A buffer overflow in lsof allows local users to obtain root privilege.,8.6,UNKNOWN,UNKNOWN,UNKNOWN,1999-02-18 05:00:00.000,debian,0,10051,26,0,0,0
CVE-1999-1495,xtvscreen in SuSE Linux 6.0 allows local users to overwrite arbitrary files via a symlink attack on the pic000.pnm file.,8.6,UNKNOWN,UNKNOWN,UNKNOWN,1999-02-18 05:00:00.000,suse,0,10051,8,0,0,0
CVE-2000-0367,Vulnerability in eterm 0.8.8 in Debian GNU/Linux allows an attacker to gain root privileges.,8.6,UNKNOWN,UNKNOWN,UNKNOWN,1999-02-18 05:00:00.000,michael_jennings,0,10051,1,0,0,0
CVE-1999-0406,Digital Unix Networker program nsralist has a buffer overflow which allows local users to obtain root privilege.,8.6,UNKNOWN,UNKNOWN,UNKNOWN,1999-02-19 05:00:00.000,digital,0,10050,18,0,0,0
CVE-1999-0412,"In IIS and other web servers, an attacker can attack commands as SYSTEM if the server is running as SYSTEM and loading an ISAPI extension.",8.6,UNKNOWN,UNKNOWN,UNKNOWN,1999-02-19 05:00:00.000,microsoft,0,10050,245,0,0,0
CVE-1999-0460,Buffer overflow in Linux autofs module through long directory names allows local users to perform a denial of service.,8.6,UNKNOWN,UNKNOWN,UNKNOWN,1999-02-19 05:00:00.000,linux,0,10050,24,0,0,0
CVE-1999-0485,Remote attackers can cause a system crash through ipintr() in ipq in OpenBSD.,8.6,UNKNOWN,UNKNOWN,UNKNOWN,1999-02-19 05:00:00.000,openbsd,0,10050,9,0,0,0
CVE-1999-1101,"Kabsoftware Lydia utility uses weak encryption to store user passwords in the lydia.ini file, which allows local users to easily decrypt the passwords and gain privileges.",8.6,UNKNOWN,UNKNOWN,UNKNOWN,1999-02-19 05:00:00.000,kab_software,0,10050,1,0,0,0
CVE-1999-1255,Hyperseek allows remote attackers to modify the hyperseek configuration by directly calling the admin.cgi program with an edit_file action parameter.,8.6,UNKNOWN,UNKNOWN,UNKNOWN,1999-02-19 05:00:00.000,ccs_network,0,10050,1,0,0,0
CVE-1999-1372,"Triactive Remote Manager with Basic authentication enabled stores the username and password in cleartext in registry keys, which could allow local users to gain privileges.",8.6,UNKNOWN,UNKNOWN,UNKNOWN,1999-02-19 05:00:00.000,triactive,0,10050,1,0,0,0
CVE-1999-1482,SVGAlib zgv 3.0-7 and earlier allows local users to gain root access via a privilege leak of the iopl(3) privileges to child processes.,8.6,UNKNOWN,UNKNOWN,UNKNOWN,1999-02-19 05:00:00.000,svgalib,0,10050,2,0,0,0
CVE-1999-0376,Local users in Windows NT can obtain administrator privileges by changing the KnownDLLs list to reference malicious programs.,8.6,UNKNOWN,UNKNOWN,UNKNOWN,1999-02-20 05:00:00.000,microsoft,0,10049,245,0,0,0
CVE-1999-1168,"install.iss installation script for Internet Security Scanner (ISS) for Linux, version 5.3, allows local users to change the permissions of arbitrary files via a symlink attack on a temporary file.",8.6,UNKNOWN,UNKNOWN,UNKNOWN,1999-02-20 05:00:00.000,iss,0,10049,1,0,0,0
CVE-1999-1049,"ARCserve NT agents use weak encryption (XOR) for passwords, which allows remote attackers to sniff the authentication request to port 6050 and decrypt the password.",8.6,UNKNOWN,UNKNOWN,UNKNOWN,1999-02-21 05:00:00.000,broadcom,0,10048,4,0,0,0
CVE-1999-0377,Process table attack in Unix systems allows a remote attacker to perform a denial of service by filling a machine's process tables through multiple connections to network services.,8.6,UNKNOWN,UNKNOWN,UNKNOWN,1999-02-22 05:00:00.000,unix,0,10047,1,0,0,0
CVE-1999-0378,InterScan VirusWall for Solaris doesn't scan files for viruses when a single HTTP request includes two GET commands.,8.6,UNKNOWN,UNKNOWN,UNKNOWN,1999-02-22 05:00:00.000,trend_micro,0,10047,5,0,0,0
CVE-1999-0379,Microsoft Taskpads allows remote web sites to execute commands on the visiting user's machine via certain methods that are marked as Safe for Scripting.,8.6,UNKNOWN,UNKNOWN,UNKNOWN,1999-02-22 05:00:00.000,microsoft,0,10047,245,0,0,0
CVE-1999-0441,Remote attackers can perform a denial of service in WinGate machines using a buffer overflow in the Winsock Redirector Service.,8.6,UNKNOWN,UNKNOWN,UNKNOWN,1999-02-22 05:00:00.000,qbik,0,10047,3,0,0,0
CVE-1999-0484,Buffer overflow in OpenBSD ping.,8.6,UNKNOWN,UNKNOWN,UNKNOWN,1999-02-23 05:00:00.000,openbsd,0,10046,9,0,0,0
CVE-1999-1247,Vulnerability in HP Camera component of HP DCE/9000 in HP-UX 9.x allows attackers to gain root privileges.,8.6,UNKNOWN,UNKNOWN,UNKNOWN,1999-02-24 05:00:00.000,hp,0,10045,67,0,0,0
CVE-1999-0380,"SLMail 3.1 and 3.2 allows local users to access any file in the NTFS file system when the Remote Administration Service (RAS) is enabled by setting a user's Finger File to point to the target file, then running finger on the user.",8.6,UNKNOWN,UNKNOWN,UNKNOWN,1999-02-25 05:00:00.000,seattle_lab_software,0,10044,4,0,0,0
CVE-1999-0408,"Files created from interactive shell sessions in Cobalt RaQ microservers (e.g. .bash_history) are world readable, and thus are accessible from the web server.",8.6,UNKNOWN,UNKNOWN,UNKNOWN,1999-02-25 05:00:00.000,sun,0,10044,115,0,0,0
CVE-1999-0483,OpenBSD crash using nlink value in FFS and EXT2FS filesystems.,8.6,UNKNOWN,UNKNOWN,UNKNOWN,1999-02-25 05:00:00.000,openbsd,0,10044,9,0,0,0
CVE-1999-0381,super 3.11.6 and other versions have a buffer overflow in the syslog utility which allows a local user to gain root access.,8.6,UNKNOWN,UNKNOWN,UNKNOWN,1999-02-26 05:00:00.000,debian,0,10043,26,0,0,0
CVE-1999-0221,Denial of service of Ascend routers through port 150 (remote administration).,8.6,UNKNOWN,UNKNOWN,UNKNOWN,1999-03-01 05:00:00.000,lucent,0,10040,2,0,0,0
CVE-1999-0222,Denial of service in Cisco IOS web server allows attackers to reboot the router using a long URL.,8.6,UNKNOWN,UNKNOWN,UNKNOWN,1999-03-01 05:00:00.000,cisco,0,10040,41,0,0,0
CVE-1999-0223,Solaris syslogd crashes when receiving a message from a host that doesn't have an inverse DNS entry.,8.6,UNKNOWN,UNKNOWN,UNKNOWN,1999-03-01 05:00:00.000,sun,0,10040,115,0,0,0
CVE-1999-0261,Netmanager Chameleon SMTPd has several buffer overflows that cause a crash.,8.6,UNKNOWN,UNKNOWN,UNKNOWN,1999-03-01 05:00:00.000,UNKNOWN,0,10040,151,0,0,0
CVE-1999-0386,Microsoft Personal Web Server and FrontPage Personal Web Server in some Windows systems allows a remote attacker to read files on the server by using a nonstandard URL.,8.6,UNKNOWN,UNKNOWN,UNKNOWN,1999-03-01 05:00:00.000,microsoft,0,10040,245,0,0,0
CVE-1999-0413,A buffer overflow in the SGI X server allows local users to gain root access through the X server font path.,8.6,UNKNOWN,UNKNOWN,UNKNOWN,1999-03-01 05:00:00.000,sgi,0,10040,69,0,0,0
CVE-1999-0414,"In Linux before version 2.0.36, remote attackers can spoof a TCP connection and pass data to the application layer before fully establishing the connection.",8.6,UNKNOWN,UNKNOWN,UNKNOWN,1999-03-01 05:00:00.000,linux,0,10040,24,0,0,0
CVE-1999-0419,"When the Microsoft SMTP service attempts to send a message to a server and receives a 4xx error code, it quickly and repeatedly attempts to redeliver the message, causing a denial of service.",8.6,UNKNOWN,UNKNOWN,UNKNOWN,1999-03-01 05:00:00.000,UNKNOWN,0,10040,151,0,0,0
CVE-1999-0426,The default permissions of /dev/kmem in Linux versions before 2.0.36 allows IP spoofing.,9.8,NETWORK,NONE,NONE,1999-03-01 05:00:00.000,suse,0,10040,8,1,1,1
CVE-1999-0429,"The Lotus Notes 4.5 client may send a copy of encrypted mail in the clear across the network if the user does not set the ""Encrypt Saved Mail"" preference.",8.6,UNKNOWN,UNKNOWN,UNKNOWN,1999-03-01 05:00:00.000,ibm,0,10040,55,0,0,0
CVE-1999-0430,Cisco Catalyst LAN switches running Catalyst 5000 supervisor software allows remote attackers to perform a denial of service by forcing the supervisor module to reload.,8.6,UNKNOWN,UNKNOWN,UNKNOWN,1999-03-01 05:00:00.000,cisco,0,10040,41,0,0,0
CVE-1999-0431,"Linux 2.2.3 and earlier allow a remote attacker to perform an IP fragmentation attack, causing a denial of service.",8.6,UNKNOWN,UNKNOWN,UNKNOWN,1999-03-01 05:00:00.000,linux,0,10040,24,0,0,0
CVE-1999-0432,ftp on HP-UX 11.00 allows local users to gain privileges.,8.6,UNKNOWN,UNKNOWN,UNKNOWN,1999-03-01 05:00:00.000,hp,0,10040,67,0,0,0
CVE-1999-0435,MC/ServiceGuard and MC/LockManager in HP-UX allows local users to gain privileges through SAM.,8.6,UNKNOWN,UNKNOWN,UNKNOWN,1999-03-01 05:00:00.000,hp,0,10040,67,0,0,0
CVE-1999-0436,Domain Enterprise Server Management System (DESMS) in HP-UX allows local users to gain privileges.,8.6,UNKNOWN,UNKNOWN,UNKNOWN,1999-03-01 05:00:00.000,hp,0,10040,67,0,0,0
CVE-1999-0437,Remote attackers can perform a denial of service in WebRamp systems by sending a malicious string to the HTTP port.,8.6,UNKNOWN,UNKNOWN,UNKNOWN,1999-03-01 05:00:00.000,ramp_networks,0,10040,4,0,0,0
CVE-1999-0438,"Remote attackers can perform a denial of service in WebRamp systems by sending a malicious UDP packet to port 5353, changing its IP address.",8.6,UNKNOWN,UNKNOWN,UNKNOWN,1999-03-01 05:00:00.000,ramp_networks,0,10040,4,0,0,0
CVE-1999-0440,The byte code verifier component of the Java Virtual Machine (JVM) allows remote execution through malicious web pages.,8.6,UNKNOWN,UNKNOWN,UNKNOWN,1999-03-01 05:00:00.000,netscape,0,10040,27,0,0,0
CVE-1999-0476,"A weak encryption algorithm is used for passwords in SCO TermVision, allowing them to be easily decrypted by a local user.",8.6,UNKNOWN,UNKNOWN,UNKNOWN,1999-03-01 05:00:00.000,sco,0,10040,27,0,0,0
CVE-1999-0479,Denial of service Netscape Enterprise Server with VirtualVault on HP-UX VVOS systems.,8.6,UNKNOWN,UNKNOWN,UNKNOWN,1999-03-01 05:00:00.000,netscape,0,10040,27,0,0,0
CVE-1999-1046,"Buffer overflow in IMonitor in IMail 5.0 allows remote attackers to cause a denial of service, and possibly execute arbitrary commands, via a long string to port 8181.",8.6,UNKNOWN,UNKNOWN,UNKNOWN,1999-03-01 05:00:00.000,ipswitch,0,10040,8,0,0,0
CVE-2000-0371,The libmediatool library used for the KDE mediatool allows local users to create arbitrary files via a symlink attack.,8.6,UNKNOWN,UNKNOWN,UNKNOWN,1999-03-01 05:00:00.000,kde,0,10040,10,0,0,0
CVE-1999-1551,Buffer overflow in Ipswitch IMail Service 5.0 allows an attacker to cause a denial of service (crash) and possibly execute arbitrary commands via a long URL.,8.6,UNKNOWN,UNKNOWN,UNKNOWN,1999-03-02 05:00:00.000,ipswitch,0,10039,8,0,0,0
CVE-1999-0409,Buffer overflow in gnuplot in Linux version 3.5 allows local users to obtain root access.,8.6,UNKNOWN,UNKNOWN,UNKNOWN,1999-03-04 05:00:00.000,suse,0,10037,8,0,0,0
CVE-1999-1256,"Oracle Database Assistant 1.0 in Oracle 8.0.3 Enterprise Edition stores the database master password in plaintext in the spoolmain.log file when a new database is created, which allows local users to obtain the password from that file.",8.6,UNKNOWN,UNKNOWN,UNKNOWN,1999-03-04 05:00:00.000,oracle,0,10037,15,0,0,0
CVE-2000-0019,"IMail POP3 daemon uses weak encryption, which allows local users to read files.",8.6,UNKNOWN,UNKNOWN,UNKNOWN,1999-03-04 05:00:00.000,ipswitch,0,10037,8,0,0,0
CVE-1999-0410,The cancel command in Solaris 2.6 (i386) has a buffer overflow that allows local users to obtain root access.,8.6,UNKNOWN,UNKNOWN,UNKNOWN,1999-03-05 05:00:00.000,sun,0,10036,115,0,0,0
CVE-1999-0411,"Several startup scripts in SCO OpenServer Enterprise System v 5.0.4p, including S84rpcinit, S95nis, S85tcp, and S89nfs, are vulnerable to a symlink attack, allowing a local user to gain root access.",8.6,UNKNOWN,UNKNOWN,UNKNOWN,1999-03-07 05:00:00.000,sco,0,10034,27,0,0,0
CVE-1999-0418,"Denial of service in SMTP applications such as Sendmail, when a remote attacker (e.g. spammer) uses many ""RCPT TO"" commands in the same connection.",8.6,UNKNOWN,UNKNOWN,UNKNOWN,1999-03-08 05:00:00.000,UNKNOWN,0,10033,151,0,0,0
CVE-1999-1254,"Windows 95, 98, and NT 4.0 allow remote attackers to cause a denial of service by spoofing ICMP redirect messages from a router, which causes Windows to change its routing tables.",8.6,UNKNOWN,UNKNOWN,UNKNOWN,1999-03-08 05:00:00.000,microsoft,0,10033,245,0,0,0
CVE-1999-1371,Buffer overflow in /usr/bin/write in Solaris 2.6 and 7 allows local users to gain privileges via a long string in the terminal name argument.,8.6,UNKNOWN,UNKNOWN,UNKNOWN,1999-03-08 05:00:00.000,sun,0,10033,115,0,0,0
CVE-1999-1567,Seapine Software TestTrack server allows a remote attacker to cause a denial of service (high CPU) via (1) TestTrackWeb.exe and (2) ttcgi.exe by connecting to port 99 and disconnecting without sending any data.,8.6,UNKNOWN,UNKNOWN,UNKNOWN,1999-03-08 05:00:00.000,seapine_software,0,10033,1,0,0,0
CVE-1999-0417,64 bit Solaris 7 procfs allows local users to perform a denial of service.,8.6,UNKNOWN,UNKNOWN,UNKNOWN,1999-03-09 05:00:00.000,sun,0,10032,115,0,0,0
CVE-1999-0415,"The HTTP server in Cisco 7xx series routers 3.2 through 4.2 is enabled by default, which allows remote attackers to change the router's configuration.",8.6,UNKNOWN,UNKNOWN,UNKNOWN,1999-03-11 05:00:00.000,cisco,0,10030,41,0,0,0
CVE-1999-0416,Vulnerability in Cisco 7xx series routers allows a remote attacker to cause a system reload via a TCP connection to the router's TELNET port.,8.6,UNKNOWN,UNKNOWN,UNKNOWN,1999-03-11 05:00:00.000,cisco,0,10030,41,0,0,0
CVE-1999-1526,Auto-update feature of Macromedia Shockwave 7 transmits a user's password and hard disk information back to Macromedia.,8.6,UNKNOWN,UNKNOWN,UNKNOWN,1999-03-11 05:00:00.000,macromedia,0,10030,4,0,0,0
CVE-1999-0382,"The screen saver in Windows NT does not verify that its security context has been changed properly, allowing attackers to run programs with elevated privileges.",8.6,UNKNOWN,UNKNOWN,UNKNOWN,1999-03-12 05:00:00.000,microsoft,0,10029,245,0,0,0
CVE-1999-0420,umapfs allows local users to gain root privileges by changing their uid through a malicious mount_umap program.,8.6,UNKNOWN,UNKNOWN,UNKNOWN,1999-03-17 05:00:00.000,netbsd,0,10024,9,0,0,0
CVE-1999-0421,"During a reboot after an installation of Linux Slackware 3.6, a remote attacker can obtain root access by logging in to the root account without a password.",8.6,UNKNOWN,UNKNOWN,UNKNOWN,1999-03-17 05:00:00.000,slackware,0,10024,12,0,0,0
CVE-1999-0422,"In some cases, NetBSD 1.3.3 mount allows local users to execute programs in some file systems that have the ""noexec"" flag set.",8.6,UNKNOWN,UNKNOWN,UNKNOWN,1999-03-17 05:00:00.000,netbsd,0,10024,9,0,0,0
CVE-1999-0462,"suidperl in Linux Perl does not check the nosuid mount option on file systems, allowing local users to gain root access by placing a setuid script in a mountable file system, e.g. a CD-ROM or floppy disk.",8.6,UNKNOWN,UNKNOWN,UNKNOWN,1999-03-17 05:00:00.000,suse,0,10024,8,0,0,0
CVE-1999-0424,talkback in Netscape 4.5 allows a local user to overwrite arbitrary files of another user whose Netscape crashes.,8.6,UNKNOWN,UNKNOWN,UNKNOWN,1999-03-18 05:00:00.000,netscape,0,10023,27,0,0,0
CVE-1999-0425,talkback in Netscape 4.5 allows a local user to kill an arbitrary process of another user whose Netscape crashes.,8.6,UNKNOWN,UNKNOWN,UNKNOWN,1999-03-18 05:00:00.000,netscape,0,10023,27,0,0,0
CVE-1999-0433,"XFree86 startx command is vulnerable to a symlink attack, allowing local users to create files in restricted directories, possibly allowing them to gain privileges or cause a denial of service.",8.6,UNKNOWN,UNKNOWN,UNKNOWN,1999-03-21 05:00:00.000,xfree86_project,0,10020,3,0,0,0
CVE-1999-0482,"OpenBSD kernel crash through TSS handling, as caused by the crashme program.",8.6,UNKNOWN,UNKNOWN,UNKNOWN,1999-03-21 05:00:00.000,openbsd,0,10020,9,0,0,0
CVE-1999-0428,OpenSSL and SSLeay allow remote attackers to reuse SSL sessions and bypass access controls.,8.6,UNKNOWN,UNKNOWN,UNKNOWN,1999-03-22 05:00:00.000,openssl,0,10019,2,0,0,0
CVE-1999-0481,"Denial of service in ""poll"" in OpenBSD.",8.6,UNKNOWN,UNKNOWN,UNKNOWN,1999-03-22 05:00:00.000,openbsd,0,10019,9,0,0,0
CVE-1999-1370,"The setup wizard (ie5setup.exe) for Internet Explorer 5.0 disables (1) the screen saver, which could leave the system open to users with physical access if a failure occurs during an unattended installation, and (2) the Task Scheduler Service, which might prevent the scheduled execution of security-critical programs.",8.6,UNKNOWN,UNKNOWN,UNKNOWN,1999-03-23 05:00:00.000,microsoft,0,10018,245,0,0,0
CVE-1999-1397,"Index Server 2.0 on IIS 4.0 stores physical path information in the ContentIndex\Catalogs subkey of the AllowedPaths registry key, whose permissions allows local and remote users to obtain the physical paths of directories that are being indexed.",8.6,UNKNOWN,UNKNOWN,UNKNOWN,1999-03-23 05:00:00.000,microsoft,0,10018,245,0,0,0
CVE-2000-0153,FrontPage Personal Web Server (PWS) allows remote attackers to read files via a .... (dot dot) attack.,8.6,UNKNOWN,UNKNOWN,UNKNOWN,1999-03-26 05:00:00.000,microsoft,0,10015,245,0,0,0
CVE-1999-0434,"XFree86 xfs command is vulnerable to a symlink attack, allowing local users to create files in restricted directories, possibly allowing them to gain privileges or cause a denial of service.",8.6,UNKNOWN,UNKNOWN,UNKNOWN,1999-03-30 05:00:00.000,caldera,0,10011,9,0,0,0
CVE-1999-1559,"Xylan OmniSwitch before 3.2.6 allows remote attackers to bypass the login prompt via a CTRL-D (control d) character, which locks other users out of the switch because it only supports one session at a time.",8.6,UNKNOWN,UNKNOWN,UNKNOWN,1999-03-31 05:00:00.000,alcatel,0,10010,1,0,0,0
CVE-1999-0443,Patrol management software allows a remote attacker to conduct a replay attack to steal the administrator password.,8.6,UNKNOWN,UNKNOWN,UNKNOWN,1999-04-01 05:00:00.000,bmc,0,10009,5,0,0,0
CVE-1999-0445,"In Cisco routers under some versions of IOS 12.0 running NAT, some packets may not be filtered by input access list filters.",8.6,UNKNOWN,UNKNOWN,UNKNOWN,1999-04-01 05:00:00.000,cisco,0,10009,41,0,0,0
CVE-1999-0447,Local users can gain privileges using the debug utility in the MPE/iX operating system.,8.6,UNKNOWN,UNKNOWN,UNKNOWN,1999-04-01 05:00:00.000,hp,0,10009,67,0,0,0
CVE-1999-0467,"The Webcom CGI Guestbook programs wguest.exe and rguest.exe allow a remote attacker to read arbitrary files using the ""template"" parameter.",8.6,UNKNOWN,UNKNOWN,UNKNOWN,1999-04-01 05:00:00.000,webcom,0,10009,3,0,0,0
CVE-1999-0469,"Internet Explorer 5.0 allows window spoofing, allowing a remote attacker to spoof a legitimate web site and capture information from the client.",8.6,UNKNOWN,UNKNOWN,UNKNOWN,1999-04-01 05:00:00.000,microsoft,0,10009,245,0,0,0
CVE-1999-0480,Local attackers can conduct a denial of service in Midnight Commander 4.x with a symlink attack.,8.6,UNKNOWN,UNKNOWN,UNKNOWN,1999-04-01 05:00:00.000,midnight_commander,0,10009,2,0,0,0
CVE-1999-0605,An incorrect configuration of the Order Form 1.0 shopping cart  CGI program could disclose private information.,8.6,UNKNOWN,UNKNOWN,UNKNOWN,1999-04-01 05:00:00.000,austin_contract_computing,0,10009,1,0,0,0
CVE-1999-0606,"An incorrect configuration of the EZMall 2000 shopping cart  CGI program ""mall2000.cgi"" could disclose private information.",8.6,UNKNOWN,UNKNOWN,UNKNOWN,1999-04-01 05:00:00.000,seaside_enterprises,0,10009,1,0,0,0
CVE-1999-0608,"An incorrect configuration of the PDG Shopping Cart CGI program ""shopper.cgi"" could disclose private information.",8.6,UNKNOWN,UNKNOWN,UNKNOWN,1999-04-01 05:00:00.000,pdgsoft,0,10009,1,0,0,0
CVE-1999-0609,"An incorrect configuration of the SoftCart CGI program ""SoftCart.exe"" could disclose private information.",8.6,UNKNOWN,UNKNOWN,UNKNOWN,1999-04-01 05:00:00.000,mercantec,0,10009,1,0,0,0
CVE-1999-0610,An incorrect configuration of the Webcart CGI program could disclose private information.,8.6,UNKNOWN,UNKNOWN,UNKNOWN,1999-04-01 05:00:00.000,mountain_network_systems,0,10009,1,0,0,0
CVE-1999-0921,"BMC Patrol allows any remote attacker to flood its UDP port, causing a denial of service.",8.6,UNKNOWN,UNKNOWN,UNKNOWN,1999-04-01 05:00:00.000,bmc,0,10009,5,0,0,0
CVE-1999-0439,Buffer overflow in procmail before version 3.12 allows remote or local attackers to execute commands via expansions in the procmailrc configuration file.,8.6,UNKNOWN,UNKNOWN,UNKNOWN,1999-04-05 04:00:00.000,procmail,0,10005,2,0,0,0
CVE-1999-0474,The ICQ Webserver allows remote attackers to use .. to access arbitrary files outside of the user's personal directory.,8.6,UNKNOWN,UNKNOWN,UNKNOWN,1999-04-05 04:00:00.000,mirabilis,0,10005,4,0,0,0
CVE-1999-0475,A race condition in how procmail handles .procmailrc files allows a local user to read arbitrary files available to the user who is running procmail.,8.6,UNKNOWN,UNKNOWN,UNKNOWN,1999-04-05 04:00:00.000,procmail,0,10005,2,0,0,0
CVE-1999-1245,"vacm ucd-snmp SNMP server, version 3.52, does not properly disable access to the public community string, which could allow remote attackers to obtain sensitive information.",8.6,UNKNOWN,UNKNOWN,UNKNOWN,1999-04-06 04:00:00.000,ucd-snmp,0,10004,1,0,0,0
CVE-1999-0472,"The SNMP default community name ""public"" is not properly removed in NetApps C630 Netcache, even if the administrator tries to disable it.",8.6,UNKNOWN,UNKNOWN,UNKNOWN,1999-04-07 04:00:00.000,snmp,0,10003,1,0,0,0
CVE-1999-0473,The rsync command before rsync 2.3.1 may inadvertently change the permissions of the client's working directory to the permissions of the directory being transferred.,8.6,UNKNOWN,UNKNOWN,UNKNOWN,1999-04-07 04:00:00.000,andrew_tridgell,0,10003,1,0,0,0
CVE-1999-1196,Hummingbird Exceed X version 5 allows remote attackers to cause a denial of service via malformed data to port 6000.,8.6,UNKNOWN,UNKNOWN,UNKNOWN,1999-04-07 04:00:00.000,hummingbird,0,10003,2,0,0,0
CVE-1999-0287,Vulnerability in the Wguest CGI program.,8.6,UNKNOWN,UNKNOWN,UNKNOWN,1999-04-09 04:00:00.000,webcom,0,10001,3,0,0,0
CVE-1999-0468,Internet Explorer 5.0 allows a remote server to read arbitrary files on the client's file system using the Microsoft Scriptlet Component.,8.2,NETWORK,NONE,NONE,1999-04-09 04:00:00.000,microsoft,0,10001,245,1,1,1
CVE-1999-0470,"A weak encryption algorithm is used for passwords in Novell Remote.NLM, allowing them to be easily decrypted.",8.6,UNKNOWN,UNKNOWN,UNKNOWN,1999-04-09 04:00:00.000,novell,0,10001,7,0,0,0
CVE-1999-0471,"The remote proxy server in Winroute allows a remote attacker to reconfigure the proxy without authentication through the ""cancel"" button.",8.6,UNKNOWN,UNKNOWN,UNKNOWN,1999-04-09 04:00:00.000,winroute,0,10001,1,0,0,0
CVE-1999-0801,BMC Patrol allows remote attackers to gain access to an agent by spoofing frames.,8.6,UNKNOWN,UNKNOWN,UNKNOWN,1999-04-09 04:00:00.000,bmc,0,10001,5,0,0,0
CVE-1999-1323,"Norton AntiVirus for Internet Email Gateways (NAVIEG) 1.0.1.7 and earlier, and Norton AntiVirus for MS Exchange (NAVMSE) 1.5 and earlier, store the administrator password in cleartext in (1) the navieg.ini file for NAVIEG, and (2) the ModifyPassword registry key in NAVMSE.",8.6,UNKNOWN,UNKNOWN,UNKNOWN,1999-04-09 04:00:00.000,symantec,0,10001,5,0,0,0
CVE-1999-0444,"Remote attackers can perform a denial of service in Windows machines using malicious ARP packets, forcing a message box display for each packet or filling up log files.",8.6,UNKNOWN,UNKNOWN,UNKNOWN,1999-04-12 04:00:00.000,microsoft,0,9998,245,0,0,0
CVE-1999-0446,"Local users can perform a denial of service in NetBSD 1.3.3 and earlier versions by creating an unusual symbolic link with the ln command, triggering a bug in VFS.",8.6,UNKNOWN,UNKNOWN,UNKNOWN,1999-04-12 04:00:00.000,netbsd,0,9998,9,0,0,0
CVE-1999-1369,"Real Media RealServer (rmserver) 6.0.3.353 stores a password in plaintext in the world-readable rmserver.cfg file, which allows local users to gain privileges.",8.6,UNKNOWN,UNKNOWN,UNKNOWN,1999-04-14 04:00:00.000,realnetworks,0,9996,5,0,0,0
CVE-1999-1244,IPFilter 3.2.3 through 3.2.10 allows local users to modify arbitrary files via a symlink attack on the saved output file.,8.6,UNKNOWN,UNKNOWN,UNKNOWN,1999-04-15 04:00:00.000,darren_reed,0,9995,1,0,0,0
CVE-1999-0684,Denial of service in Sendmail 8.8.6 in HPUX.,8.6,UNKNOWN,UNKNOWN,UNKNOWN,1999-04-19 04:00:00.000,hp,0,9991,67,0,0,0
CVE-1999-0491,The prompt parsing in bash allows a local user to execute commands as another user by creating a directory with the name of the command to execute.,8.6,UNKNOWN,UNKNOWN,UNKNOWN,1999-04-20 04:00:00.000,gnu,0,9990,11,0,0,0
CVE-1999-0604,"An incorrect configuration of the WebStore 1.0 shopping cart CGI program ""web_store.cgi"" could disclose private information.",8.6,UNKNOWN,UNKNOWN,UNKNOWN,1999-04-20 04:00:00.000,selena_sol,0,9990,1,0,0,0
CVE-1999-0607,"quikstore.cgi in QuikStore shopping cart stores quikstore.cfg under the web document root with insufficient access control, which allows remote attackers to obtain the cleartext administrator password and gain privileges.",8.6,UNKNOWN,UNKNOWN,UNKNOWN,1999-04-20 04:00:00.000,i-soft,0,9990,1,0,0,0
CVE-1999-0466,The SVR4 /dev/wabi special device file in NetBSD 1.3.3 and earlier allows a local user to read or write arbitrary files on the disk associated with that device.,8.6,UNKNOWN,UNKNOWN,UNKNOWN,1999-04-21 04:00:00.000,netbsd,0,9989,9,0,0,0
CVE-1999-0488,"Internet Explorer 4.0 and 5.0 allows a remote attacker to execute security scripts in a different security context using malicious URLs, a variant of the ""cross frame"" vulnerability.",8.6,UNKNOWN,UNKNOWN,UNKNOWN,1999-04-21 04:00:00.000,microsoft,0,9989,245,0,0,0
CVE-1999-0490,MSHTML.DLL in Internet Explorer 5.0 allows a remote attacker to learn information about a local user's files via an IMG SRC tag.,8.6,UNKNOWN,UNKNOWN,UNKNOWN,1999-04-21 04:00:00.000,microsoft,0,9989,245,0,0,0
CVE-1999-0492,The ffingerd 1.19 allows remote attackers to identify users on the target system based on its responses.,8.6,UNKNOWN,UNKNOWN,UNKNOWN,1999-04-23 04:00:00.000,UNKNOWN,0,9987,151,0,0,0
CVE-1999-0712,A vulnerability in Caldera Open Administration System (COAS) allows the /etc/shadow password file to be made world-readable.,8.6,UNKNOWN,UNKNOWN,UNKNOWN,1999-04-27 04:00:00.000,caldera,0,9983,9,0,0,0
CVE-1999-0711,The oratclsh interpreter in Oracle 8.x Intelligent Agent for Unix allows local users to execute Tcl commands as root.,8.6,UNKNOWN,UNKNOWN,UNKNOWN,1999-04-29 04:00:00.000,oracle,0,9981,15,0,0,0
CVE-1999-0194,Denial of service in in.comsat allows attackers to generate messages.,8.6,UNKNOWN,UNKNOWN,UNKNOWN,1999-05-01 04:00:00.000,UNKNOWN,0,9979,151,0,0,0
CVE-1999-0487,The DHTML Edit ActiveX control in Internet Explorer allows remote attackers to read arbitrary files.,8.6,UNKNOWN,UNKNOWN,UNKNOWN,1999-05-01 04:00:00.000,microsoft,0,9979,245,0,0,0
CVE-1999-0763,NetBSD on a multi-homed host allows ARP packets on one network to modify ARP entries on another connected network.,8.6,UNKNOWN,UNKNOWN,UNKNOWN,1999-05-01 04:00:00.000,netbsd,0,9979,9,0,0,0
CVE-1999-0764,NetBSD allows ARP packets to overwrite static ARP entries.,8.6,UNKNOWN,UNKNOWN,UNKNOWN,1999-05-01 04:00:00.000,netbsd,0,9979,9,0,0,0
CVE-1999-0807,The Netscape Directory Server installation procedure leaves sensitive information in a file that is accessible to local users.,8.6,UNKNOWN,UNKNOWN,UNKNOWN,1999-05-01 04:00:00.000,netscape,0,9979,27,0,0,0
CVE-1999-1418,"ICQ99 ICQ web server build 1701 with ""Active Homepage"" enabled generates allows remote attackers to determine the existence of files on the server by comparing server responses when a file exists (""404 Forbidden"") versus when a file does not exist (""404 not found"").",8.6,UNKNOWN,UNKNOWN,UNKNOWN,1999-05-01 04:00:00.000,mirabilis,0,9979,4,0,0,0
CVE-1999-1553,Buffer overflow in XCmail 0.99.6 with autoquote enabled allows remote attackers to execute arbitrary commands via a long subject line.,8.6,UNKNOWN,UNKNOWN,UNKNOWN,1999-05-01 04:00:00.000,xcmail,0,9979,1,0,0,0
CVE-2000-0412,"The gnapster and knapster clients for Napster do not properly restrict access only to MP3 files, which allows remote attackers to read arbitrary files from the client by specifying the full pathname for the file.",8.6,UNKNOWN,UNKNOWN,UNKNOWN,1999-05-01 04:00:00.000,napster,0,9979,1,0,0,0
CVE-1999-1012,"SMTP component of Lotus Domino 4.6.1 on AS/400, and possibly other operating systems, allows a remote attacker to crash the mail server via a long string.",8.6,UNKNOWN,UNKNOWN,UNKNOWN,1999-05-04 04:00:00.000,lotus,0,9976,4,0,0,0
CVE-1999-1097,Microsoft NetMeeting 2.1 allows one client to read the contents of another client's clipboard via a CTRL-C in the chat box when the box is empty.,8.6,UNKNOWN,UNKNOWN,UNKNOWN,1999-05-04 04:00:00.000,microsoft,0,9976,245,0,0,0
CVE-1999-1195,"NAI VirusScan NT 4.0.2 does not properly modify the scan.dat virus definition file during an update via FTP, but it reports that the update was successful, which could cause a system administrator to believe that the definitions have been updated correctly.",8.6,UNKNOWN,UNKNOWN,UNKNOWN,1999-05-05 04:00:00.000,network_associates,0,9975,2,0,0,0
CVE-1999-1079,Vulnerability in ptrace in AIX 4.3 allows local users to gain privileges by attaching to a setgid program.,8.6,UNKNOWN,UNKNOWN,UNKNOWN,1999-05-06 04:00:00.000,ibm,0,9974,55,0,0,0
CVE-1999-1241,"Internet Explorer, with a security setting below Medium, allows remote attackers to execute arbitrary commands via a malicious web page that uses the FileSystemObject ActiveX object.",8.6,UNKNOWN,UNKNOWN,UNKNOWN,1999-05-06 04:00:00.000,microsoft,0,9974,245,0,0,0
CVE-1999-1367,"Internet Explorer 5.0 does not properly reset the username/password cache for Web sites that do not use standard cache controls, which could allow users on the same system to access restricted web sites that were visited by other users.",8.6,UNKNOWN,UNKNOWN,UNKNOWN,1999-05-06 04:00:00.000,microsoft,0,9974,245,0,0,0
CVE-1999-0686,Denial of service in Netscape Enterprise Server (NES) in HP Virtual Vault (VVOS) via a long URL.,8.6,UNKNOWN,UNKNOWN,UNKNOWN,1999-05-07 04:00:00.000,netscape,0,9973,27,0,0,0
CVE-1999-0717,A remote attacker can disable the virus warning mechanism in Microsoft Excel 97.,8.6,UNKNOWN,UNKNOWN,UNKNOWN,1999-05-07 04:00:00.000,microsoft,0,9973,245,0,0,0
CVE-1999-0736,The showcode.asp sample file in IIS and Site Server allows remote attackers to read arbitrary files.,8.6,UNKNOWN,UNKNOWN,UNKNOWN,1999-05-07 04:00:00.000,microsoft,0,9973,245,0,0,0
CVE-1999-0737,The viewcode.asp sample file in IIS and Site Server allows remote attackers to read arbitrary files.,8.6,UNKNOWN,UNKNOWN,UNKNOWN,1999-05-07 04:00:00.000,microsoft,0,9973,245,0,0,0
CVE-1999-0738,The code.asp sample file in IIS and Site Server allows remote attackers to read arbitrary files.,8.6,UNKNOWN,UNKNOWN,UNKNOWN,1999-05-07 04:00:00.000,microsoft,0,9973,245,0,0,0
CVE-1999-0739,The codebrws.asp sample file in IIS and Site Server allows remote attackers to read arbitrary files.,8.6,UNKNOWN,UNKNOWN,UNKNOWN,1999-05-07 04:00:00.000,microsoft,0,9973,245,0,0,0
CVE-1999-1566,Buffer overflow in iParty server 1.2 and earlier allows remote attackers to cause a denial of service (crash) by connecting to default port 6004 and sending repeated extended characters.,8.6,UNKNOWN,UNKNOWN,UNKNOWN,1999-05-08 04:00:00.000,intel,0,9972,3,0,0,0
CVE-1999-0806,Buffer overflow in Solaris dtprintinfo program.,8.6,UNKNOWN,UNKNOWN,UNKNOWN,1999-05-10 04:00:00.000,sun,0,9970,115,0,0,0
CVE-1999-0754,The INN inndstart program allows local users to gain privileges by specifying an alternate configuration file using the INNCONF environmental variable.,8.6,UNKNOWN,UNKNOWN,UNKNOWN,1999-05-11 04:00:00.000,isc,0,9969,14,0,0,0
CVE-1999-0773,Buffer overflow in Solaris lpset program allows local users to gain root access.,8.6,UNKNOWN,UNKNOWN,UNKNOWN,1999-05-11 04:00:00.000,sun,0,9969,115,0,0,0
CVE-1999-0785,"The INN inndstart program allows local users to gain root privileges via the ""pathrun"" parameter in the inn.conf file.",8.6,UNKNOWN,UNKNOWN,UNKNOWN,1999-05-11 04:00:00.000,isc,0,9969,14,0,0,0
CVE-1999-1033,"Microsoft Outlook Express before 4.72.3612.1700 allows a malicious user to send a message that contains a .., which can inadvertently cause Outlook to re-enter POP3 command mode and cause the POP3 session to hang.",8.6,UNKNOWN,UNKNOWN,UNKNOWN,1999-05-11 04:00:00.000,microsoft,0,9969,245,0,0,0
CVE-1999-1520,"A configuration problem in the Ad Server Sample directory (AdSamples) in Microsoft Site Server 3.0 allows an attacker to obtain the SITE.CSC file, which exposes sensitive SQL database information.",8.6,UNKNOWN,UNKNOWN,UNKNOWN,1999-05-11 04:00:00.000,microsoft,0,9969,245,0,0,0
CVE-1999-0229,Denial of service in Windows NT IIS server using ..\..,8.6,UNKNOWN,UNKNOWN,UNKNOWN,1999-05-12 04:00:00.000,microsoft,0,9968,245,0,0,0
CVE-1999-0776,Alibaba HTTP server allows remote attackers to read files via a .. (dot dot) attack.,8.6,UNKNOWN,UNKNOWN,UNKNOWN,1999-05-12 04:00:00.000,computer_software_manufaktur,0,9968,3,0,0,0
CVE-1999-1368,"AV Option for MS Exchange Server option for InoculateIT 4.53, and possibly other versions, only scans the Inbox folder tree of a Microsoft Exchange server, which could allow viruses to escape detection if a user's rules cause the message to be moved to a different mailbox.",8.6,UNKNOWN,UNKNOWN,UNKNOWN,1999-05-12 04:00:00.000,broadcom,0,9968,4,0,0,0
CVE-1999-1029,"SSH server (sshd2) before 2.0.12 does not properly record login attempts if the connection is closed before the maximum number of tries, allowing a remote attacker to guess the password without showing up in the audit logs.",8.6,UNKNOWN,UNKNOWN,UNKNOWN,1999-05-13 04:00:00.000,ssh,0,9967,9,0,0,0
CVE-1999-1366,"Pegasus e-mail client 3.0 and earlier uses weak encryption to store POP3 passwords in the pmail.ini file, which allows local users to easily decrypt the passwords and read e-mail.",8.6,UNKNOWN,UNKNOWN,UNKNOWN,1999-05-15 04:00:00.000,david_harris,0,9965,1,0,0,0
CVE-1999-0489,"MSHTML.DLL in Internet Explorer 5.0 allows a remote attacker to paste a file name into the file upload intrinsic control, a variant of ""untrusted scripted paste"" as described in MS:MS98-013.",8.6,UNKNOWN,UNKNOWN,UNKNOWN,1999-05-17 04:00:00.000,microsoft,0,9963,245,0,0,0
CVE-1999-0716,Buffer overflow in Windows NT 4.0 help file utility via a malformed help file.,8.6,UNKNOWN,UNKNOWN,UNKNOWN,1999-05-17 04:00:00.000,microsoft,0,9963,245,0,0,0
CVE-1999-1156,BisonWare FTP Server 4.1 and earlier allows remote attackers to cause a denial of service via a malformed PORT command that contains a non-numeric character and a large number of carriage returns.,8.6,UNKNOWN,UNKNOWN,UNKNOWN,1999-05-17 04:00:00.000,bisonware,0,9963,3,0,0,0
CVE-1999-1510,"Buffer overflows in Bisonware FTP server prior to 4.1 allow remote attackers to cause a denial of service, and possibly execute arbitrary commands, via long (1) USER, (2) LIST, or (3) CWD commands.",8.6,UNKNOWN,UNKNOWN,UNKNOWN,1999-05-17 04:00:00.000,bisonware,0,9963,3,0,0,0
CVE-1999-0765,SGI IRIX midikeys program allows local users to modify arbitrary files via a text editor.,8.6,UNKNOWN,UNKNOWN,UNKNOWN,1999-05-19 04:00:00.000,sgi,0,9961,69,0,0,0
CVE-1999-1030,"counter.exe 2.70 allows a remote attacker to cause a denial of service (hang) via an HTTP request that ends in %0A (newline), which causes a malformed entry in the counter log that produces an access violation.",8.6,UNKNOWN,UNKNOWN,UNKNOWN,1999-05-19 04:00:00.000,behold_software,0,9961,2,0,0,0
CVE-1999-1031,counter.exe 2.70 allows a remote attacker to cause a denial of service (hang) via a long argument.,8.6,UNKNOWN,UNKNOWN,UNKNOWN,1999-05-19 04:00:00.000,behold_software,0,9961,2,0,0,0
CVE-1999-0715,Buffer overflow in Remote Access Service (RAS) client allows an attacker to execute commands or cause a denial of service via a malformed phonebook entry.,8.6,UNKNOWN,UNKNOWN,UNKNOWN,1999-05-20 04:00:00.000,microsoft,0,9960,245,0,0,0
CVE-1999-1393,"Control Panel ""Password Security"" option for Apple Powerbooks allows attackers with physical access to the machine to bypass the security by booting it with an emergency startup disk and using a disk editor to modify the on/off toggle or password in the aaaaaaaAPWD file, which is normally inaccessible.",8.6,UNKNOWN,UNKNOWN,UNKNOWN,1999-05-21 04:00:00.000,apple,0,9959,32,0,0,0
CVE-1999-0928,Buffer overflow in SmartDesk WebSuite allows remote attackers to cause a denial of service via a long URL.,8.6,UNKNOWN,UNKNOWN,UNKNOWN,1999-05-23 04:00:00.000,smartdesk,0,9957,1,0,0,0
CVE-1999-0762,"When Javascript is embedded within the TITLE tag, Netscape Communicator allows a remote attacker to use the ""about"" protocol to gain access to browser information.",8.6,UNKNOWN,UNKNOWN,UNKNOWN,1999-05-24 04:00:00.000,netscape,0,9956,27,0,0,0
CVE-1999-0803,The fwluser script in AIX eNetwork Firewall allows local users to write to arbitrary files via a symlink attack.,8.6,UNKNOWN,UNKNOWN,UNKNOWN,1999-05-25 04:00:00.000,ibm,0,9955,55,0,0,0
CVE-1999-1414,"IBM Netfinity Remote Control allows local users to gain administrator privileges by starting programs from the process manager, which runs with system level privileges.",8.6,UNKNOWN,UNKNOWN,UNKNOWN,1999-05-25 04:00:00.000,ibm,0,9955,55,0,0,0
CVE-1999-0771,The web components of Compaq Management Agents and the Compaq Survey Utility allow a remote attacker to read arbitrary files via a .. (dot dot) attack.,8.6,UNKNOWN,UNKNOWN,UNKNOWN,1999-05-26 04:00:00.000,compaq,0,9954,4,0,0,0
CVE-1999-0920,Buffer overflow in the pop-2d POP daemon in the IMAP package allows remote attackers to gain privileges via the FOLD command.,8.6,UNKNOWN,UNKNOWN,UNKNOWN,1999-05-26 04:00:00.000,university_of_washington,0,9954,7,0,0,0
CVE-1999-0927,NTMail allows remote attackers to read arbitrary files via a .. (dot dot) attack.,8.6,UNKNOWN,UNKNOWN,UNKNOWN,1999-05-26 04:00:00.000,gordano,0,9954,1,0,0,0
CVE-1999-0755,"Windows NT RRAS and RAS clients cache a user's password even if the user has not selected the ""Save password"" option.",8.6,UNKNOWN,UNKNOWN,UNKNOWN,1999-05-27 04:00:00.000,microsoft,0,9953,245,0,0,0
CVE-1999-0802,Buffer overflow in Internet Explorer 5 allows remote attackers to execute commands via a malformed Favorites icon.,8.6,UNKNOWN,UNKNOWN,UNKNOWN,1999-05-27 04:00:00.000,microsoft,0,9953,245,0,0,0
CVE-1999-0917,The Preloader ActiveX control used by Internet Explorer allows remote attackers to read arbitrary files.,8.6,UNKNOWN,UNKNOWN,UNKNOWN,1999-05-27 04:00:00.000,microsoft,0,9953,245,0,0,0
CVE-1999-1028,Symantec pcAnywhere 8.0 allows remote attackers to cause a denial of service (CPU utilization) via a large amount of data to port 5631.,8.6,UNKNOWN,UNKNOWN,UNKNOWN,1999-05-28 04:00:00.000,symantec,0,9952,5,0,0,0
CVE-1999-1485,"nsd in IRIX 6.5 through 6.5.2 exports a virtual filesystem on a UDP port, which allows remote attackers to view files and cause a possible denial of service by mounting the nsd virtual file system.",8.6,UNKNOWN,UNKNOWN,UNKNOWN,1999-05-31 04:00:00.000,sgi,0,9949,69,0,0,0
CVE-2000-0333,"tcpdump, Ethereal, and other sniffer packages allow remote attackers to cause a denial of service via malformed DNS packets in which a jump offset refers to itself, which causes tcpdump to enter an infinite loop while decompressing the packet.",8.6,UNKNOWN,UNKNOWN,UNKNOWN,1999-05-31 04:00:00.000,ethereal_group,0,9949,2,0,0,0
CVE-1999-0772,Denial of service in Compaq Management Agents and the Compaq Survey Utility via a long string sent to port 2301.,8.6,UNKNOWN,UNKNOWN,UNKNOWN,1999-06-01 04:00:00.000,compaq,0,9948,4,0,0,0
CVE-1999-0804,"Denial of service in Linux 2.2.x kernels via malformed ICMP packets containing unusual types, codes, and IP header lengths.",8.6,UNKNOWN,UNKNOWN,UNKNOWN,1999-06-01 04:00:00.000,debian,0,9948,26,0,0,0
CVE-1999-1063,CDomain whois_raw.cgi whois CGI script allows remote attackers to execute arbitrary commands via shell metacharacters in the fqdn parameter.,8.6,UNKNOWN,UNKNOWN,UNKNOWN,1999-06-01 04:00:00.000,cdomain,0,9948,1,0,0,0
CVE-2000-0364,"screen and rxvt in Red Hat Linux 6.0 do not properly set the modes of tty devices, which allows local users to write to other ttys.",8.6,UNKNOWN,UNKNOWN,UNKNOWN,1999-06-01 04:00:00.000,redhat,0,9948,24,0,0,0
CVE-2000-0365,"Red Hat Linux 6.0 installs the /dev/pts file system with insecure modes, which allows local users to write to other tty devices.",8.6,UNKNOWN,UNKNOWN,UNKNOWN,1999-06-01 04:00:00.000,redhat,0,9948,24,0,0,0
CVE-2000-0373,Vulnerabilities in the KDE kvt terminal program allow local users to gain root privileges.,8.6,UNKNOWN,UNKNOWN,UNKNOWN,1999-06-01 04:00:00.000,kde,0,9948,10,0,0,0
CVE-2000-0481,Buffer overflow in KDE Kmail allows a remote attacker to cause a denial of service via an attachment with a long file name.,8.6,UNKNOWN,UNKNOWN,UNKNOWN,1999-06-01 04:00:00.000,kde,0,9948,10,0,0,0
CVE-1999-1400,"The Economist screen saver 1999 with the ""Password Protected"" option enabled allows users with physical access to the machine to bypass the screen saver and read files by running Internet Explorer while the screen is still locked.",8.6,UNKNOWN,UNKNOWN,UNKNOWN,1999-06-03 04:00:00.000,the_economist,0,9946,1,0,0,0
CVE-1999-1412,"A possible interaction between Apple MacOS X release 1.0 and Apache HTTP server allows remote attackers to cause a denial of service (crash) via a flood of HTTP GET requests to CGI programs, which generates a large number of processes.",8.6,UNKNOWN,UNKNOWN,UNKNOWN,1999-06-03 04:00:00.000,apache,0,9946,18,0,0,0
CVE-1999-0970,The OmniHTTPD visadmin.exe program allows a remote attacker to conduct a denial of service via a malformed URL which causes a large number of temporary files to be created.,8.6,UNKNOWN,UNKNOWN,UNKNOWN,1999-06-05 04:00:00.000,omnicron,0,9944,2,0,0,0
CVE-1999-1237,"Multiple buffer overflows in smbvalid/smbval SMB authentication library, as used in Apache::AuthenSmb and possibly other modules, allows remote attackers to execute arbitrary commands via (1) a long username, (2) a long password, and (3) other unspecified methods.",8.6,UNKNOWN,UNKNOWN,UNKNOWN,1999-06-06 04:00:00.000,apache,0,9943,18,0,0,0
CVE-1999-0493,"rpc.statd allows remote attackers to forward RPC calls to the local operating system via the SM_MON and SM_NOTIFY commands, which in turn could be used to remotely exploit other bugs such as in automountd.",8.6,UNKNOWN,UNKNOWN,UNKNOWN,1999-06-07 04:00:00.000,sun,0,9942,115,0,0,0
CVE-1999-1496,"Sudo 1.5 in Debian Linux 2.1 and Red Hat 6.0 allows local users to determine the existence of arbitrary files by attempting to execute the target filename as a program, which generates a different error message when the file does not exist.",8.6,UNKNOWN,UNKNOWN,UNKNOWN,1999-06-08 04:00:00.000,todd_miller,0,9941,2,0,0,0
CVE-1999-1231,"ssh 2.0.12, and possibly other versions, allows valid user names to attempt to enter the correct password multiple times, but only prompts an invalid user name for a password once, which allows remote attackers to determine user account names on the server.",8.6,UNKNOWN,UNKNOWN,UNKNOWN,1999-06-09 04:00:00.000,ssh,0,9940,9,0,0,0
CVE-2000-0118,"The Red Hat Linux su program does not log failed password guesses if the su process is killed before it times out, which allows local attackers to conduct brute force password guessing.",8.6,UNKNOWN,UNKNOWN,UNKNOWN,1999-06-09 04:00:00.000,redhat,0,9940,24,0,0,0
CVE-1999-0775,"Cisco Gigabit Switch routers running IOS allow remote attackers to forward unauthorized packets due to improper handling of the ""established"" keyword in an access list.",8.6,UNKNOWN,UNKNOWN,UNKNOWN,1999-06-10 04:00:00.000,cisco,0,9939,41,0,0,0
CVE-1999-1023,"useradd in Solaris 7.0 does not properly interpret certain date formats as specified in the ""-e"" (expiration date) argument, which could allow users to login after their accounts have expired.",8.6,UNKNOWN,UNKNOWN,UNKNOWN,1999-06-10 04:00:00.000,sun,0,9939,115,0,0,0
CVE-1999-0713,The dtlogin program in Compaq Tru64 UNIX allows local users to gain root privileges.,8.6,UNKNOWN,UNKNOWN,UNKNOWN,1999-06-11 04:00:00.000,cde,0,9938,7,0,0,0
CVE-1999-0730,The zsoelim program in the Debian man-db package allows local users to overwrite files via a symlink attack.,8.6,UNKNOWN,UNKNOWN,UNKNOWN,1999-06-12 04:00:00.000,debian,0,9937,26,0,0,0
CVE-1999-0874,"Buffer overflow in IIS 4.0 allows remote attackers to cause a denial of service via a malformed request for files with .HTR, .IDC, or .STM extensions.",8.6,UNKNOWN,UNKNOWN,UNKNOWN,1999-06-16 04:00:00.000,microsoft,0,9933,245,0,0,0
CVE-1999-0929,Novell NetWare with Novell-HTTP-Server or YAWN web servers allows remote attackers to conduct a denial of service via a large number of HTTP GET requests.,8.6,UNKNOWN,UNKNOWN,UNKNOWN,1999-06-16 04:00:00.000,novell,0,9933,7,0,0,0
CVE-1999-0742,"The Debian mailman package uses weak authentication, which allows attackers to gain privileges.",8.6,UNKNOWN,UNKNOWN,UNKNOWN,1999-06-22 04:00:00.000,debian,0,9927,26,0,0,0
CVE-1999-0723,The Windows NT Client Server Runtime Subsystem (CSRSS) can be subjected to a denial of service when all worker threads are waiting for user input.,8.6,UNKNOWN,UNKNOWN,UNKNOWN,1999-06-23 04:00:00.000,microsoft,0,9926,245,0,0,0
CVE-1999-0731,The KDE klock program allows local users to unlock a session using malformed input.,8.6,UNKNOWN,UNKNOWN,UNKNOWN,1999-06-23 04:00:00.000,caldera,0,9926,9,0,0,0
CVE-1999-1019,"SpectroSERVER in Cabletron Spectrum Enterprise Manager 5.0 installs a directory tree with insecure permissions, which allows local users to replace a privileged executable (processd) with a Trojan horse, facilitating a root or Administrator compromise.",8.6,UNKNOWN,UNKNOWN,UNKNOWN,1999-06-23 04:00:00.000,cabletron,0,9926,2,0,0,0
CVE-1999-0748,Buffer overflows in Red Hat net-tools package.,8.6,UNKNOWN,UNKNOWN,UNKNOWN,1999-06-24 04:00:00.000,redhat,0,9925,24,0,0,0
CVE-1999-1470,"Eastman Work Management 3.21 stores passwords in cleartext in the COMMON and LOCATOR registry keys, which could allow local users to gain privileges.",8.6,UNKNOWN,UNKNOWN,UNKNOWN,1999-06-24 04:00:00.000,eastman_software,0,9925,1,0,0,0
CVE-1999-0778,Buffer overflow in Xi Graphics Accelerated-X server allows local users to gain root access via a long display or query parameter.,8.6,UNKNOWN,UNKNOWN,UNKNOWN,1999-06-25 04:00:00.000,xi_graphics,0,9924,1,0,0,0
CVE-1999-1164,"Microsoft Outlook client allows remote attackers to cause a denial of service by sending multiple email messages with the same X-UIDL headers, which causes Outlook to hang.",8.6,UNKNOWN,UNKNOWN,UNKNOWN,1999-06-25 04:00:00.000,microsoft,0,9924,245,0,0,0
CVE-1999-0733,Buffer overflow in VMWare 1.0.1 for Linux via a long HOME environmental variable.,8.6,UNKNOWN,UNKNOWN,UNKNOWN,1999-06-26 04:00:00.000,vmware,0,9923,5,0,0,0
CVE-1999-0938,MBone SDR Package allows remote attackers to execute commands via shell metacharacters in Session Initiation Protocol (SIP) messages.,8.6,UNKNOWN,UNKNOWN,UNKNOWN,1999-06-28 04:00:00.000,university_college_london,0,9921,1,0,0,0
CVE-1999-1365,"Windows NT searches a user's home directory (%systemroot% by default) before other directories to find critical programs such as NDDEAGNT.EXE, EXPLORER.EXE, USERINIT.EXE or TASKMGR.EXE, which could allow local users to bypass access restrictions or gain privileges by placing a Trojan horse program into the root directory, which is writable by default.",8.6,UNKNOWN,UNKNOWN,UNKNOWN,1999-06-28 04:00:00.000,microsoft,0,9921,245,0,0,0
CVE-2000-0353,"Pine 4.x allows a remote attacker to execute arbitrary commands via an index.html file which executes lynx and obtains a uudecoded file from a malicious web server, which is then executed by Pine.",8.6,UNKNOWN,UNKNOWN,UNKNOWN,1999-06-28 04:00:00.000,university_of_washington,0,9921,7,0,0,0
CVE-1999-0916,WebTrends software stores account names and passwords in a file which does not have restricted access permissions.,8.6,UNKNOWN,UNKNOWN,UNKNOWN,1999-06-29 04:00:00.000,webtrends,0,9920,1,0,0,0
CVE-1999-0140,Denial of service in RAS/PPTP on NT systems.,8.6,UNKNOWN,UNKNOWN,UNKNOWN,1999-06-30 04:00:00.000,microsoft,0,9919,245,0,0,0
CVE-1999-0726,An attacker can conduct a denial of service in Windows NT by executing a program with a malformed file image header.,8.6,UNKNOWN,UNKNOWN,UNKNOWN,1999-06-30 04:00:00.000,microsoft,0,9919,245,0,0,0
CVE-1999-1348,"Linuxconf on Red Hat Linux 6.0 and earlier does not properly disable PAM-based access to the shutdown command, which could allow local users to cause a denial of service.",8.6,UNKNOWN,UNKNOWN,UNKNOWN,1999-06-30 04:00:00.000,redhat,0,9919,24,0,0,0
CVE-1999-0688,Buffer overflows in HP Software Distributor (SD) for HPUX 10.x and 11.x.,8.6,UNKNOWN,UNKNOWN,UNKNOWN,1999-07-01 04:00:00.000,hp,0,9918,67,0,0,0
CVE-1999-0690,HP CDE program includes the current directory in root's PATH variable.,8.6,UNKNOWN,UNKNOWN,UNKNOWN,1999-07-01 04:00:00.000,cde,0,9918,7,0,0,0
CVE-1999-0696,Buffer overflow in CDE Calendar Manager Service Daemon (rpc.cmsd).,8.6,UNKNOWN,UNKNOWN,UNKNOWN,1999-07-01 04:00:00.000,hp,0,9918,67,0,0,0
CVE-1999-0707,The default FTP configuration in HP Visualize Conference allows conference users to send a file to other participants without authorization.,8.6,UNKNOWN,UNKNOWN,UNKNOWN,1999-07-01 04:00:00.000,hp,0,9918,67,0,0,0
CVE-1999-0889,Cisco 675 routers running CBOS allow remote attackers to establish telnet sessions if an exec or superuser password has not been set.,8.6,UNKNOWN,UNKNOWN,UNKNOWN,1999-07-01 04:00:00.000,cisco,0,9918,41,0,0,0
CVE-1999-1394,"BSD 4.4 based operating systems, when running at security level 1, allow the root user to clear the immutable and append-only flags for files by unmounting the file system and using a file system editor such as fsdb to directly modify the file through a device.",8.6,UNKNOWN,UNKNOWN,UNKNOWN,1999-07-02 04:00:00.000,bsd,0,9917,3,0,0,0
CVE-1999-0918,"Denial of service in various Windows systems via malformed, fragmented IGMP packets.",8.6,UNKNOWN,UNKNOWN,UNKNOWN,1999-07-03 04:00:00.000,microsoft,0,9916,245,0,0,0
CVE-1999-0728,A Windows NT user can disable the keyboard or mouse by directly calling the IOCTLs which control them.,8.6,UNKNOWN,UNKNOWN,UNKNOWN,1999-07-06 04:00:00.000,microsoft,0,9913,245,0,0,0
CVE-1999-0752,Denial of service in Netscape Enterprise Server via a buffer overflow in the SSL handshake.,8.6,UNKNOWN,UNKNOWN,UNKNOWN,1999-07-06 04:00:00.000,netscape,0,9913,27,0,0,0
CVE-1999-1478,The Sun HotSpot Performance Engine VM allows a remote attacker to cause a denial of service on any server running HotSpot via a URL that includes the [ character.,8.6,UNKNOWN,UNKNOWN,UNKNOWN,1999-07-06 04:00:00.000,microsoft,0,9913,245,0,0,0
CVE-1999-1537,"IIS 3.x and 4.x does not distinguish between pages requiring encryption and those that do not, which allows remote attackers to cause a denial of service (resource exhaustion) via SSL requests to the HTTPS port for normally unencrypted files, which will cause IIS to perform extra work to send the files over SSL.",8.6,UNKNOWN,UNKNOWN,UNKNOWN,1999-07-07 04:00:00.000,microsoft,0,9912,245,0,0,0
CVE-1999-0809,"Netscape Communicator 4.x with Javascript enabled does not warn a user of cookie settings, even if they have selected the option to ""Only accept cookies originating from the same server as the page being viewed"".",8.6,UNKNOWN,UNKNOWN,UNKNOWN,1999-07-09 04:00:00.000,netscape,0,9910,27,0,0,0
CVE-1999-1543,MacOS uses weak encryption for passwords that are stored in the Users & Groups Data File.,8.6,UNKNOWN,UNKNOWN,UNKNOWN,1999-07-10 04:00:00.000,apple,0,9909,32,0,0,0
CVE-1999-1166,"Linux 2.0.37 does not properly encode the Custom segment limit, which allows local users to gain root privileges by accessing and modifying kernel memory.",8.6,UNKNOWN,UNKNOWN,UNKNOWN,1999-07-11 04:00:00.000,linux,0,9908,24,0,0,0
CVE-1999-1460,BMC PATROL SNMP Agent before 3.2.07 allows local users to create arbitrary world-writeable files as root by specifying the target file as the second argument to the snmpmagt program.,8.6,UNKNOWN,UNKNOWN,UNKNOWN,1999-07-13 04:00:00.000,bmc,0,9906,5,0,0,0
CVE-1999-1545,"Joe's Own Editor (joe) 2.8 sets the world-readable permission on its crash-save file, DEADJOE, which could allow local users to read files that were being edited by other users.",8.6,UNKNOWN,UNKNOWN,UNKNOWN,1999-07-14 04:00:00.000,joes_own_editor,0,9905,1,0,0,0
CVE-1999-1086,"Novell 5 and earlier, when running over IPX with a packet signature level less than 3, allows remote attackers to gain administrator privileges by spoofing the MAC address in IPC fragmented packets that make NetWare Core Protocol (NCP) calls.",8.6,UNKNOWN,UNKNOWN,UNKNOWN,1999-07-15 04:00:00.000,novell,0,9904,7,0,0,0
CVE-1999-1518,"Operating systems with shared memory implementations based on BSD 4.4 code allow a user to conduct a denial of service and bypass memory limits (e.g., as specified with rlimits) using mmap or shmget to allocate memory and cause page faults.",8.6,UNKNOWN,UNKNOWN,UNKNOWN,1999-07-15 04:00:00.000,freebsd,0,9904,33,0,0,0
CVE-1999-0692,"The default configuration of the Array Services daemon (arrayd) disables authentication, allowing remote users to gain root privileges.",8.6,UNKNOWN,UNKNOWN,UNKNOWN,1999-07-19 04:00:00.000,sgi,0,9900,69,0,0,0
CVE-1999-1011,"The Remote Data Service (RDS) DataFactory component of Microsoft Data Access Components (MDAC) in IIS 3.x and 4.x exposes unsafe methods, which allows remote attackers to execute arbitrary commands.",8.6,UNKNOWN,UNKNOWN,UNKNOWN,1999-07-19 04:00:00.000,microsoft,0,9900,245,0,0,0
CVE-1999-1378,"dbmlparser.exe CGI guestbook program does not perform a chroot operation properly, which allows remote attackers to read arbitrary files.",8.6,UNKNOWN,UNKNOWN,UNKNOWN,1999-07-19 04:00:00.000,dbmlparser.exe,0,9900,1,0,0,0
CVE-1999-0721,Denial of service in Windows NT Local Security Authority (LSA) through a malformed LSA request.,8.6,UNKNOWN,UNKNOWN,UNKNOWN,1999-07-20 04:00:00.000,microsoft,0,9899,245,0,0,0
CVE-1999-1535,"Buffer overflow in AspUpload.dll in Persits Software AspUpload before 1.4.0.2 allows remote attackers to cause a denial of service, and possibly execute arbitrary commands, via a long argument in the HTTP request.",8.6,UNKNOWN,UNKNOWN,UNKNOWN,1999-07-20 04:00:00.000,persits,0,9899,1,0,0,0
CVE-1999-1560,"Vulnerability in a script in Texas A&M University (TAMU) Tiger allows local users to execute arbitrary commands as the Tiger user, usually root.",8.6,UNKNOWN,UNKNOWN,UNKNOWN,1999-07-20 04:00:00.000,tamu,0,9899,2,0,0,0
CVE-1999-0810,Denial of service in Samba NETBIOS name service daemon (nmbd).,8.6,UNKNOWN,UNKNOWN,UNKNOWN,1999-07-21 04:00:00.000,samba,0,9898,4,0,0,0
CVE-1999-0811,Buffer overflow in Samba smbd program via a malformed message command.,8.6,UNKNOWN,UNKNOWN,UNKNOWN,1999-07-21 04:00:00.000,samba,0,9898,4,0,0,0
CVE-1999-1165,"GNU fingerd 1.37 does not properly drop privileges before accessing user information, which could allow local users to (1) gain root privileges via a malicious program in the .fingerrc file, or (2) read arbitrary files via symbolic links from .plan, .forward, or .project files.",8.6,UNKNOWN,UNKNOWN,UNKNOWN,1999-07-21 04:00:00.000,gnu,0,9898,11,0,0,0
CVE-1999-1338,Delegate proxy 5.9.3 and earlier creates files and directories in the DGROOT with world-writable permissions.,8.6,UNKNOWN,UNKNOWN,UNKNOWN,1999-07-21 04:00:00.000,delegate,0,9898,1,0,0,0
CVE-1999-0224,Denial of service in Windows NT messenger service through a long username.,8.6,UNKNOWN,UNKNOWN,UNKNOWN,1999-07-23 04:00:00.000,microsoft,0,9896,245,0,0,0
CVE-1999-0710,"The Squid package in Red Hat Linux 5.2 and 6.0, and other distributions, installs cachemgr.cgi in a public web directory, which allows remote attackers to use it as an intermediary to connect to other systems.",8.6,UNKNOWN,UNKNOWN,UNKNOWN,1999-07-25 04:00:00.000,redhat,0,9894,24,0,0,0
CVE-1999-1018,"IPChains in Linux kernels 2.2.10 and earlier does not reassemble IP fragments before checking the header information, which allows a remote attacker to bypass the filtering rules using several fragments with 0 offsets.",8.6,UNKNOWN,UNKNOWN,UNKNOWN,1999-07-27 04:00:00.000,linux,0,9892,24,0,0,0
CVE-1999-1017,"Seattle Labs Emurl 2.0, and possibly earlier versions, stores e-mail attachments in a specific directory with scripting enabled, which allows a malicious ASP file attachment to execute when the recipient opens the message.",8.6,UNKNOWN,UNKNOWN,UNKNOWN,1999-07-28 04:00:00.000,seattle_lab_software,0,9891,4,0,0,0
CVE-2000-0323,"The Microsoft Jet database engine allows an attacker to modify text files via a database query, aka the ""Text I-ISAM"" vulnerability.",8.6,UNKNOWN,UNKNOWN,UNKNOWN,1999-07-28 04:00:00.000,microsoft,0,9891,245,0,0,0
CVE-1999-0700,"Buffer overflow in Microsoft Phone Dialer (dialer.exe), via a malformed dialer entry in the dialer.ini file.",8.6,UNKNOWN,UNKNOWN,UNKNOWN,1999-07-29 04:00:00.000,microsoft,0,9890,245,0,0,0
CVE-1999-0770,"Firewall-1 sets a long timeout for connections that begin with ACK or other packets except SYN, allowing an attacker to conduct a denial of service via a large number of connection attempts to unresponsive systems.",8.6,UNKNOWN,UNKNOWN,UNKNOWN,1999-07-29 04:00:00.000,checkpoint,0,9890,5,0,0,0
CVE-1999-1078,"WS_FTP Pro 6.0 uses weak encryption for passwords in its initialization files, which allows remote attackers to easily decrypt the passwords and gain privileges.",8.6,UNKNOWN,UNKNOWN,UNKNOWN,1999-07-29 04:00:00.000,ipswitch,0,9890,8,0,0,0
CVE-1999-0683,Denial of service in Gauntlet Firewall via a malformed ICMP packet.,8.6,UNKNOWN,UNKNOWN,UNKNOWN,1999-07-30 04:00:00.000,network_associates,0,9889,2,0,0,0
CVE-1999-1130,"Default configuration of the search engine in Netscape Enterprise Server 3.5.1, and possibly other versions, allows remote attackers to read the source of JHTML files by specifying a search command using the HTML-tocrec-demo1.pat pattern file.",8.6,UNKNOWN,UNKNOWN,UNKNOWN,1999-07-30 04:00:00.000,netscape,0,9889,27,0,0,0
CVE-1999-1227,Ethereal allows local users to overwrite arbitrary files via a symlink attack on the packet capture file.,8.6,UNKNOWN,UNKNOWN,UNKNOWN,1999-07-30 04:00:00.000,ethereal_group,0,9889,2,0,0,0
CVE-1999-1536,".sbstart startup script in AcuShop Salesbuilder is world writable, which allows local users to gain privileges by appending commands to the file.",8.6,UNKNOWN,UNKNOWN,UNKNOWN,1999-07-30 04:00:00.000,acushop,0,9889,1,0,0,0
CVE-1999-0672,Buffer overflow in Fujitsu Chocoa IRC client via IRC channel topics.,8.6,UNKNOWN,UNKNOWN,UNKNOWN,1999-08-01 04:00:00.000,fujitsu,0,9887,1,0,0,0
CVE-1999-1337,"FTP client in Midnight Commander (mc) before 4.5.11 stores usernames and passwords for visited sites in plaintext in the world-readable history file, which allows other local users to gain privileges.",8.6,UNKNOWN,UNKNOWN,UNKNOWN,1999-08-01 04:00:00.000,midnight_commander,0,9887,2,0,0,0
CVE-1999-0671,Buffer overflow in ToxSoft NextFTP client through CWD command.,8.6,UNKNOWN,UNKNOWN,UNKNOWN,1999-08-03 04:00:00.000,toxsoft,0,9885,1,0,0,0
CVE-1999-0677,The WebRamp web administration utility has a default password.,8.6,UNKNOWN,UNKNOWN,UNKNOWN,1999-08-03 04:00:00.000,ramp_networks,0,9885,4,0,0,0
CVE-1999-0703,"OpenBSD, BSDI, and other Unix operating systems allow users to set chflags and fchflags on character and block devices.",8.6,UNKNOWN,UNKNOWN,UNKNOWN,1999-08-03 04:00:00.000,bsdi,0,9885,16,0,0,0
CVE-1999-0719,The Guile plugin for the Gnumeric spreadsheet package allows attackers to execute arbitrary code.,8.6,UNKNOWN,UNKNOWN,UNKNOWN,1999-08-05 04:00:00.000,gnu,0,9883,11,0,0,0
CVE-1999-0913,dfire.cgi script in Dragon-Fire IDS allows remote users to execute commands via shell metacharacters.,8.6,UNKNOWN,UNKNOWN,UNKNOWN,1999-08-05 04:00:00.000,network_security_wizards,0,9883,1,0,0,0
CVE-1999-0682,"Microsoft Exchange 5.5 allows a remote attacker to relay email (i.e. spam) using encapsulated SMTP addresses, even if the anti-relaying features are enabled.",8.6,UNKNOWN,UNKNOWN,UNKNOWN,1999-08-06 04:00:00.000,microsoft,0,9882,245,0,0,0
CVE-1999-0727,A kernel leak in the OpenBSD kernel allows IPsec packets to be sent unencrypted.,8.6,UNKNOWN,UNKNOWN,UNKNOWN,1999-08-06 04:00:00.000,openbsd,0,9882,9,0,0,0
CVE-1999-1524,"FlowPoint DSL router firmware versions prior to 3.0.8 allows a remote attacker to exploit a password recovery feature from the network and conduct brute force password guessing, instead of limiting the feature to the serial console port.",8.6,UNKNOWN,UNKNOWN,UNKNOWN,1999-08-07 04:00:00.000,flowpoint,0,9881,1,0,0,0
CVE-1999-0673,Buffer overflow in ALMail32 POP3 client via From: or To: headers.,8.6,UNKNOWN,UNKNOWN,UNKNOWN,1999-08-08 04:00:00.000,crear,0,9880,1,0,0,0
CVE-1999-0722,The default configuration of Cobalt RaQ2 servers allows remote users to install arbitrary software packages.,8.6,UNKNOWN,UNKNOWN,UNKNOWN,1999-08-08 04:00:00.000,sun,0,9880,115,0,0,0
CVE-1999-0674,The BSD profil system call allows a local user to modify the internal data space of a program via profiling and execve.,8.6,UNKNOWN,UNKNOWN,UNKNOWN,1999-08-09 04:00:00.000,netbsd,0,9879,9,0,0,0
CVE-1999-0675,Check Point FireWall-1 can be subjected to a denial of service via UDP packets that are sent through VPN-1 to port 0 of a host.,8.6,UNKNOWN,UNKNOWN,UNKNOWN,1999-08-09 04:00:00.000,checkpoint,0,9879,5,0,0,0
CVE-1999-0676,sdtcm_convert in Solaris 2.6 allows a local user to overwrite sensitive files via a symlink attack.,8.6,UNKNOWN,UNKNOWN,UNKNOWN,1999-08-09 04:00:00.000,sun,0,9879,115,0,0,0
CVE-1999-0680,"Windows NT Terminal Server performs extra work when a client opens a new connection but before it is authenticated, allowing for a denial of service.",8.6,UNKNOWN,UNKNOWN,UNKNOWN,1999-08-09 04:00:00.000,microsoft,0,9879,245,0,0,0
CVE-1999-0813,"Cfingerd with ALLOW_EXECUTION enabled does not properly drop privileges when it executes a program on behalf of the user, allowing local users to gain root privileges.",8.6,UNKNOWN,UNKNOWN,UNKNOWN,1999-08-10 04:00:00.000,infodrom,0,9878,3,0,0,0
CVE-1999-0694,Denial of service in AIX ptrace system call allows local users to crash the system.,8.6,UNKNOWN,UNKNOWN,UNKNOWN,1999-08-11 04:00:00.000,ibm,0,9877,55,0,0,0
CVE-1999-0814,Red Hat pump DHCP client allows remote attackers to gain root access in some configurations.,8.6,UNKNOWN,UNKNOWN,UNKNOWN,1999-08-11 04:00:00.000,redhat,0,9877,24,0,0,0
CVE-1999-0861,Race condition in the SSL ISAPI filter in IIS and other servers may leak information in plaintext.,8.6,UNKNOWN,UNKNOWN,UNKNOWN,1999-08-11 04:00:00.000,microsoft,0,9877,245,0,0,0
CVE-1999-0867,Denial of service in IIS 4.0 via a flood of HTTP requests with malformed headers.,8.6,UNKNOWN,UNKNOWN,UNKNOWN,1999-08-11 04:00:00.000,microsoft,0,9877,245,0,0,0
CVE-1999-0875,DHCP clients with ICMP Router Discovery Protocol (IRDP) enabled allow remote attackers to modify their default routes.,8.6,UNKNOWN,UNKNOWN,UNKNOWN,1999-08-11 04:00:00.000,microsoft,0,9877,245,0,0,0
CVE-1999-0724,Buffer overflow in OpenBSD procfs and fdescfs file systems via uio_offset in the readdir() function.,8.6,UNKNOWN,UNKNOWN,UNKNOWN,1999-08-12 04:00:00.000,openbsd,0,9876,9,0,0,0
CVE-1999-1336,3Com HiPer Access Router Card (HiperARC) 4.0 through 4.2.29 allows remote attackers to cause a denial of service (reboot) via a flood of IAC packets to the telnet port.,8.6,UNKNOWN,UNKNOWN,UNKNOWN,1999-08-12 04:00:00.000,3com,0,9876,3,0,0,0
CVE-1999-0679,Buffer overflow in hybrid-6 IRC server commonly used on EFnet allows remote attackers to execute commands via m_invite invite option.,8.6,UNKNOWN,UNKNOWN,UNKNOWN,1999-08-13 04:00:00.000,hybrid_network,0,9875,2,0,0,0
CVE-1999-0746,"A default configuration of in.identd in SuSE Linux waits 120 seconds between requests, allowing a remote attacker to conduct a denial of service.",8.6,UNKNOWN,UNKNOWN,UNKNOWN,1999-08-16 04:00:00.000,slackware,0,9872,12,0,0,0
CVE-1999-0749,Buffer overflow in Microsoft Telnet client in Windows 95 and Windows 98 via a malformed Telnet argument.,8.6,UNKNOWN,UNKNOWN,UNKNOWN,1999-08-16 04:00:00.000,microsoft,0,9872,245,0,0,0
CVE-1999-0888,"dbsnmp in Oracle Intelligent Agent allows local users to gain privileges by setting the ORACLE_HOME environmental variable, which dbsnmp uses to find the nmiconf.tcl script.",8.6,UNKNOWN,UNKNOWN,UNKNOWN,1999-08-16 04:00:00.000,oracle,0,9872,15,0,0,0
CVE-1999-0753,The w3-msql CGI script provided with Mini SQL allows remote attackers to view restricted directories.,8.6,UNKNOWN,UNKNOWN,UNKNOWN,1999-08-17 04:00:00.000,hughes,0,9871,4,0,0,0
CVE-1999-0745,Buffer overflow in Source Code Browser Program Database Name Server Daemon (pdnsd) for the IBM AIX C Set ++ compiler.,8.6,UNKNOWN,UNKNOWN,UNKNOWN,1999-08-18 04:00:00.000,ibm,0,9870,55,0,0,0
CVE-1999-0747,Denial of service in BSDi Symmetric Multiprocessing (SMP) when an fstat call is made when the system has a high CPU load.,8.6,UNKNOWN,UNKNOWN,UNKNOWN,1999-08-18 04:00:00.000,bsdi,0,9870,16,0,0,0
CVE-1999-0725,"When IIS is run with a default language of Chinese, Korean, or Japanese, it allows a remote attacker to view the source code of certain files, a.k.a. ""Double Byte Code Page"".",8.6,UNKNOWN,UNKNOWN,UNKNOWN,1999-08-19 04:00:00.000,microsoft,0,9869,245,0,0,0
CVE-1999-0732,The logging facility of the Debian smtp-refuser package allows local users to delete arbitrary files using symbolic links.,8.6,UNKNOWN,UNKNOWN,UNKNOWN,1999-08-19 04:00:00.000,debian,0,9869,26,0,0,0
CVE-1999-0734,A default configuration of CiscoSecure Access Control Server (ACS) allows remote users to modify the server database without authentication.,8.6,UNKNOWN,UNKNOWN,UNKNOWN,1999-08-19 04:00:00.000,cisco,0,9869,41,0,0,0
CVE-1999-0740,Remote attackers can cause a denial of service on Linux in.telnetd telnet daemon through a malformed TERM environmental variable.,8.6,UNKNOWN,UNKNOWN,UNKNOWN,1999-08-19 04:00:00.000,redhat,0,9869,24,0,0,0
CVE-1999-0741,QMS CrownNet Unix Utilities for 2060 allows root to log on without a password.,8.6,UNKNOWN,UNKNOWN,UNKNOWN,1999-08-19 04:00:00.000,qms,0,9869,1,0,0,0
CVE-1999-0743,Trn allows local users to overwrite other users' files via symlinks.,8.6,UNKNOWN,UNKNOWN,UNKNOWN,1999-08-20 04:00:00.000,debian,0,9868,26,0,0,0
CVE-1999-1561,"Nullsoft SHOUTcast server stores the administrative password in plaintext in a configuration file (sc_serv.conf), which could allow a local user to gain administrative privileges on the server.",8.6,UNKNOWN,UNKNOWN,UNKNOWN,1999-08-20 04:00:00.000,nullsoft,0,9868,1,0,0,0
CVE-1999-1565,Man2html 2.1 and earlier allows local users to overwrite arbitrary files via a symlink attack on a temporary file.,8.6,UNKNOWN,UNKNOWN,UNKNOWN,1999-08-20 04:00:00.000,earl_hood,0,9868,1,0,0,0
CVE-2000-0325,"The Microsoft Jet database engine allows an attacker to execute commands via a database query, aka the ""VBA Shell"" vulnerability.",8.6,UNKNOWN,UNKNOWN,UNKNOWN,1999-08-20 04:00:00.000,microsoft,0,9868,245,0,0,0
CVE-2000-1206,"Vulnerability in Apache httpd before 1.3.11, when configured for mass virtual hosting using mod_rewrite, or mod_vhost_alias in Apache 1.3.9, allows remote attackers to retrieve arbitrary files.",8.6,UNKNOWN,UNKNOWN,UNKNOWN,1999-08-20 04:00:00.000,apache,0,9868,18,0,0,0
CVE-1999-0668,"The scriptlet.typelib ActiveX control is marked as ""safe for scripting"" for Internet Explorer, which allows a remote attacker to execute arbitrary commands as demonstrated by Bubbleboy.",8.6,UNKNOWN,UNKNOWN,UNKNOWN,1999-08-21 04:00:00.000,microsoft,0,9867,245,0,0,0
CVE-2000-0355,pg and pb in SuSE pbpg 1.x package allows an attacker to read arbitrary files.,8.6,UNKNOWN,UNKNOWN,UNKNOWN,1999-08-21 04:00:00.000,bent_bagger,0,9867,1,0,0,0
CVE-1999-0878,Buffer overflow in WU-FTPD and related FTP servers allows remote attackers to gain root privileges via MAPPING_CHDIR.,8.6,UNKNOWN,UNKNOWN,UNKNOWN,1999-08-22 04:00:00.000,beroftpd,0,9866,1,0,0,0
CVE-1999-1064,Multiple buffer overflows in WindowMaker 0.52 through 0.60.0 allow attackers to cause a denial of service and possibly execute arbitrary commands by executing WindowMaker with a long program name (argv[0]).,8.6,UNKNOWN,UNKNOWN,UNKNOWN,1999-08-22 04:00:00.000,windowmaker,0,9866,3,0,0,0
CVE-2000-0374,"The default configuration of kdm in Caldera and Mandrake Linux, and possibly other distributions, allows XDMCP connections from any host, which allows remote attackers to obtain sensitive information or bypass additional access restrictions.",8.6,UNKNOWN,UNKNOWN,UNKNOWN,1999-08-22 04:00:00.000,caldera,0,9866,9,0,0,0
CVE-1999-0720,The pt_chown command in Linux allows local users to modify TTY terminal devices that belong to other users.,8.6,UNKNOWN,UNKNOWN,UNKNOWN,1999-08-23 04:00:00.000,linux,0,9865,24,0,0,0
CVE-1999-1052,"Microsoft FrontPage stores form results in a default location in /_private/form_results.txt, which is world-readable and accessible in the document root, which allows remote attackers to read possibly sensitive information submitted by other users.",8.6,UNKNOWN,UNKNOWN,UNKNOWN,1999-08-24 04:00:00.000,microsoft,0,9864,245,0,0,0
CVE-2000-0328,"Windows NT 4.0 generates predictable random TCP initial sequence numbers (ISN), which allows remote attackers to perform spoofing and session hijacking.",8.6,UNKNOWN,UNKNOWN,UNKNOWN,1999-08-24 04:00:00.000,microsoft,0,9864,245,0,0,0
CVE-1999-0768,Buffer overflow in Vixie Cron on Red Hat systems via the MAILTO environmental variable.,8.6,UNKNOWN,UNKNOWN,UNKNOWN,1999-08-25 04:00:00.000,redhat,0,9863,24,0,0,0
CVE-1999-0769,Vixie Cron on Linux systems allows local users to set parameters of sendmail commands via the MAILTO environmental variable.,8.6,UNKNOWN,UNKNOWN,UNKNOWN,1999-08-25 04:00:00.000,paul_vixie,0,9863,3,0,0,0
CVE-1999-0872,Buffer overflow in Vixie cron allows local users to gain root access via a long MAILTO environment variable in a crontab file.,8.6,UNKNOWN,UNKNOWN,UNKNOWN,1999-08-25 04:00:00.000,paul_vixie,0,9863,3,0,0,0
CVE-1999-1235,"Internet Explorer 5.0 records the username and password for FTP servers in the URL history, which could allow (1) local users to read the information from another user's index.dat, or (2) people who are physically observing (""shoulder surfing"") another user to read the information from the status bar when the user moves the mouse over a link.",8.6,UNKNOWN,UNKNOWN,UNKNOWN,1999-08-25 04:00:00.000,microsoft,0,9863,245,0,0,0
CVE-1999-0939,Denial of service in Debian IRC Epic/epic4 client via a long string.,8.6,UNKNOWN,UNKNOWN,UNKNOWN,1999-08-26 04:00:00.000,debian,0,9862,26,0,0,0
CVE-1999-0911,"Buffer overflow in ProFTPD, wu-ftpd, and beroftpd allows remote attackers to gain root access via a series of MKD and CWD commands that create nested directories.",8.6,UNKNOWN,UNKNOWN,UNKNOWN,1999-08-27 04:00:00.000,proftpd_project,0,9861,3,0,0,0
CVE-1999-1016,"Microsoft HTML control as used in (1) Internet Explorer 5.0, (2) FrontPage Express, (3) Outlook Express 5, and (4) Eudora, and possibly others, allows remote malicious web site or HTML emails to cause a denial of service (100% CPU consumption) via large HTML form fields such as text inputs in a table cell.",8.6,UNKNOWN,UNKNOWN,UNKNOWN,1999-08-27 04:00:00.000,microsoft,0,9861,245,0,0,0
CVE-1999-1354,"E-mail client in Softarc FirstClass Internet Server 5.506 and earlier stores usernames and passwords in cleartext in the files (1) home.fc for version 5.506, (2) network.fc for version 3.5, or (3) FCCLIENT.LOG when logging is enabled.",8.6,UNKNOWN,UNKNOWN,UNKNOWN,1999-08-30 04:00:00.000,softarc,0,9858,1,0,0,0
CVE-1999-1513,"Management information base (MIB) for a 3Com SuperStack II hub running software version 2.10 contains an object identifier (.1.3.6.1.4.1.43.10.4.2) that is accessible by a read-only community string, but lists the entire table of community strings, which could allow attackers to conduct unauthorized activities.",8.6,UNKNOWN,UNKNOWN,UNKNOWN,1999-08-30 04:00:00.000,3com,0,9858,3,0,0,0
CVE-1999-0774,"Buffer overflows in Mars NetWare Emulation (NWE, mars_nwe) package via long directory names.",8.6,UNKNOWN,UNKNOWN,UNKNOWN,1999-08-31 04:00:00.000,martin_stover,0,9857,1,0,0,0
CVE-1999-1515,"A non-default configuration in TenFour TFS Gateway 4.0 allows an attacker to cause a denial of service via messages with incorrect sender and recipient addresses, which causes the gateway to continuously try to return the message every 10 seconds.",8.6,UNKNOWN,UNKNOWN,UNKNOWN,1999-08-31 04:00:00.000,tenfour,0,9857,2,0,0,0
CVE-1999-0669,"The Eyedog ActiveX control is marked as ""safe for scripting"" for Internet Explorer, which allows a remote attacker to execute arbitrary commands as demonstrated by Bubbleboy.",8.6,UNKNOWN,UNKNOWN,UNKNOWN,1999-09-01 04:00:00.000,microsoft,0,9856,245,0,0,0
CVE-1999-0670,Buffer overflow in the Eyedog ActiveX control allows a remote attacker to execute arbitrary commands.,8.6,UNKNOWN,UNKNOWN,UNKNOWN,1999-09-01 04:00:00.000,microsoft,0,9856,245,0,0,0
CVE-1999-0705,Buffer overflow in INN inews program.,8.6,UNKNOWN,UNKNOWN,UNKNOWN,1999-09-01 04:00:00.000,isc,0,9856,14,0,0,0
CVE-1999-0891,"The ""download behavior"" in Internet Explorer 5 allows remote attackers to read arbitrary files via a server-side redirect.",8.6,UNKNOWN,UNKNOWN,UNKNOWN,1999-09-01 04:00:00.000,microsoft,0,9856,245,0,0,0
CVE-1999-1129,Cisco Catalyst 2900 Virtual LAN (VLAN) switches allow remote attackers to inject 802.1q frames into another VLAN by forging the VLAN identifier in the trunking tag.,8.6,UNKNOWN,UNKNOWN,UNKNOWN,1999-09-01 04:00:00.000,cisco,0,9856,41,0,0,0
CVE-1999-0685,Buffer overflow in Netscape Communicator via EMBED tags in the pluginspage option.,8.6,UNKNOWN,UNKNOWN,UNKNOWN,1999-09-02 04:00:00.000,netscape,0,9855,27,0,0,0
CVE-1999-1356,"Compaq Integration Maintenance Utility as used in Compaq Insight Manager agent before SmartStart 4.50 modifies the legal notice caption (LegalNoticeCaption) and text (LegalNoticeText) in Windows NT, which could produce a legal notice that is in violation of the security policy.",8.6,UNKNOWN,UNKNOWN,UNKNOWN,1999-09-02 04:00:00.000,compaq,0,9855,4,0,0,0
CVE-1999-1516,A buffer overflow in TenFour TFS Gateway SMTP mail server 3.2 allows an attacker to crash the mail server and possibly execute arbitrary code by offering more than 128 bytes in a MAIL FROM string.,8.6,UNKNOWN,UNKNOWN,UNKNOWN,1999-09-02 04:00:00.000,tenfour,0,9855,2,0,0,0
CVE-1999-1564,FreeBSD 3.2 and possibly other versions allows a local user to cause a denial of service (panic) with a large number accesses of an NFS v3 mounted directory from a large number of processes.,8.6,UNKNOWN,UNKNOWN,UNKNOWN,1999-09-02 04:00:00.000,freebsd,0,9855,33,0,0,0
CVE-1999-0925,UnityMail allows remote attackers to conduct a denial of service via a large number of MIME headers.,8.6,UNKNOWN,UNKNOWN,UNKNOWN,1999-09-03 04:00:00.000,messagemedia,0,9854,1,0,0,0
CVE-1999-0926,Apache allows remote attackers to conduct a denial of service via a large number of MIME headers.,8.6,UNKNOWN,UNKNOWN,UNKNOWN,1999-09-03 04:00:00.000,apache,0,9854,18,0,0,0
CVE-1999-1562,"gFTP FTP client 1.13, and other versions before 2.0.0, records a password in plaintext in (1) the log window, or (2) in a log file.",8.6,UNKNOWN,UNKNOWN,UNKNOWN,1999-09-05 04:00:00.000,gftp,0,9852,1,0,0,0
CVE-2000-0489,"FreeBSD, NetBSD, and OpenBSD allow an attacker to cause a denial of service by creating a large number of socket pairs using the socketpair function, setting a large buffer size via setsockopt, then writing large buffers.",8.6,UNKNOWN,UNKNOWN,UNKNOWN,1999-09-05 04:00:00.000,freebsd,0,9852,33,0,0,0
CVE-1999-1353,"Nosque MsgCore 2.14 stores passwords in cleartext: (1) the administrator password in the AdmPasswd registry key, and (2) user passwords in the Userbase.dbf data file, which could allow local users to gain privileges.",8.6,UNKNOWN,UNKNOWN,UNKNOWN,1999-09-07 04:00:00.000,nosque,0,9850,1,0,0,0
CVE-1999-0767,"Buffer overflow in Solaris libc, ufsrestore, and rcp via LC_MESSAGES environmental variable.",8.6,UNKNOWN,UNKNOWN,UNKNOWN,1999-09-08 04:00:00.000,sun,0,9849,115,0,0,0
CVE-1999-0697,SCO Doctor allows local users to gain root privileges through a Tools option.,8.6,UNKNOWN,UNKNOWN,UNKNOWN,1999-09-09 04:00:00.000,sco,0,9848,27,0,0,0
CVE-1999-1377,Matt Wright's download.cgi 1.0 allows remote attackers to read arbitrary files via a .. (dot dot) in the f parameter.,8.6,UNKNOWN,UNKNOWN,UNKNOWN,1999-09-09 04:00:00.000,matt_wright,0,9848,9,0,0,0
CVE-1999-0702,"Internet Explorer 5.0 and 5.01 allows remote attackers to modify or execute files via the Import/Export Favorites feature, aka the ""ImportExportFavorites"" vulnerability.",8.6,UNKNOWN,UNKNOWN,UNKNOWN,1999-09-10 04:00:00.000,microsoft,0,9847,245,0,0,0
CVE-1999-0910,"Microsoft Site Server and Commercial Internet System (MCIS) do not set an expiration for a cookie, which could then be cached by a proxy and inadvertently used by a different user.",8.6,UNKNOWN,UNKNOWN,UNKNOWN,1999-09-10 04:00:00.000,microsoft,0,9847,245,0,0,0
CVE-1999-1575,"The Kodak/Wang (1) Image Edit (imgedit.ocx), (2) Image Annotation (imgedit.ocx), (3) Image Scan (imgscan.ocx), (4) Thumbnail Image (imgthumb.ocx), (5) Image Admin (imgadmin.ocx), (6) HHOpen (hhopen.ocx), (7) Registration Wizard (regwizc.dll), and (8) IE Active Setup (setupctl.dll) ActiveX controls for Internet Explorer (IE) 4.01 and 5.0 are marked as ""Safe for Scripting,"" which allows remote attackers to create and modify files and execute arbitrary commands.",8.6,UNKNOWN,UNKNOWN,UNKNOWN,1999-09-10 04:00:00.000,microsoft,0,9847,245,0,0,0
CVE-1999-1521,Computalynx CMail 2.4 and CMail 2.3 SP2 SMTP servers are vulnerable to a buffer overflow attack in the MAIL FROM command that may allow a remote attacker to execute arbitrary code on the server.,8.6,UNKNOWN,UNKNOWN,UNKNOWN,1999-09-12 04:00:00.000,computalynx,0,9845,1,0,0,0
CVE-1999-0687,"The ToolTalk ttsession daemon uses weak RPC authentication, which allows a remote attacker to execute commands.",8.6,UNKNOWN,UNKNOWN,UNKNOWN,1999-09-13 04:00:00.000,cde,0,9844,7,0,0,0
CVE-1999-0689,The CDE dtspcd daemon allows local users to execute arbitrary commands via a symlink attack.,8.6,UNKNOWN,UNKNOWN,UNKNOWN,1999-09-13 04:00:00.000,cde,0,9844,7,0,0,0
CVE-1999-0691,Buffer overflow in the AddSuLog function of the CDE dtaction utility allows local users to gain root privileges via a long user name.,8.6,UNKNOWN,UNKNOWN,UNKNOWN,1999-09-13 04:00:00.000,cde,0,9844,7,0,0,0
CVE-1999-0750,"Hotmail allows Javascript to be executed via the HTML STYLE tag, allowing remote attackers to execute commands on the user's Hotmail account.",8.6,UNKNOWN,UNKNOWN,UNKNOWN,1999-09-13 04:00:00.000,microsoft,0,9844,245,0,0,0
CVE-1999-0751,Buffer overflow in Accept command in Netscape Enterprise Server 3.6 with the SSL Handshake Patch.,8.6,UNKNOWN,UNKNOWN,UNKNOWN,1999-09-13 04:00:00.000,netscape,0,9844,27,0,0,0
CVE-1999-0759,Buffer overflow in FuseMAIL POP service via long USER and PASS commands.,8.6,UNKNOWN,UNKNOWN,UNKNOWN,1999-09-13 04:00:00.000,fuseware,0,9844,1,0,0,0
CVE-1999-1014,Buffer overflow in mail command in Solaris 2.7 and 2.7 allows local users to gain privileges via a long -m argument.,8.6,UNKNOWN,UNKNOWN,UNKNOWN,1999-09-13 04:00:00.000,sun,0,9844,115,0,0,0
CVE-1999-1053,"guestbook.pl cleanses user-inserted SSI commands by removing text between ""<!--"" and ""-->"" separators, which allows remote attackers to execute arbitrary commands when guestbook.pl is run on Apache 1.3.9 and possibly other versions, since Apache allows other closing sequences besides ""-->"".",8.6,UNKNOWN,UNKNOWN,UNKNOWN,1999-09-13 04:00:00.000,apache,0,9844,18,0,0,0
CVE-1999-0817,"Lynx WWW client allows a remote attacker to specify command-line parameters which Lynx uses when calling external programs to handle certain protocols, e.g. telnet.",8.6,UNKNOWN,UNKNOWN,UNKNOWN,1999-09-15 04:00:00.000,university_of_kansas,0,9842,2,0,0,0
CVE-1999-0704,Buffer overflow in Berkeley automounter daemon (amd) logging facility provided in the Linux am-utils package and others.,8.6,UNKNOWN,UNKNOWN,UNKNOWN,1999-09-16 04:00:00.000,bsdi,0,9841,16,0,0,0
CVE-1999-0890,iHTML Merchant allows remote attackers to obtain sensitive information or execute commands via a code parsing error.,8.6,UNKNOWN,UNKNOWN,UNKNOWN,1999-09-16 04:00:00.000,ihtml_merchant,0,9841,1,0,0,0
CVE-1999-0907,sccw allows local users to read arbitrary files.,8.6,UNKNOWN,UNKNOWN,UNKNOWN,1999-09-16 04:00:00.000,steven_j._merrifield,0,9841,1,0,0,0
CVE-1999-0953,WWWBoard stores encrypted passwords in a password file that is under the web root and thus accessible by remote attackers.,8.6,UNKNOWN,UNKNOWN,UNKNOWN,1999-09-16 04:00:00.000,matt_wright,0,9841,9,0,0,0
CVE-1999-0954,WWWBoard has a default username and default password.,8.6,UNKNOWN,UNKNOWN,UNKNOWN,1999-09-16 04:00:00.000,matt_wright,0,9841,9,0,0,0
CVE-1999-0787,The SSH authentication agent follows symlinks via a UNIX domain socket.,8.6,UNKNOWN,UNKNOWN,UNKNOWN,1999-09-17 04:00:00.000,ssh,0,9840,9,0,0,0
CVE-1999-0886,The security descriptor for RASMAN allows users to point to an alternate location via the Windows NT Service Control Manager.,8.6,UNKNOWN,UNKNOWN,UNKNOWN,1999-09-17 04:00:00.000,microsoft,0,9840,245,0,0,0
CVE-1999-0909,"Multihomed Windows systems allow a remote attacker to bypass IP source routing restrictions via a malformed packet with IP options, aka the ""Spoofed Route Pointer"" vulnerability.",8.6,UNKNOWN,UNKNOWN,UNKNOWN,1999-09-20 04:00:00.000,microsoft,0,9837,245,0,0,0
CVE-1999-0708,Buffer overflow in cfingerd allows local users to gain root privileges via a long GECOS field.,8.6,UNKNOWN,UNKNOWN,UNKNOWN,1999-09-21 04:00:00.000,infodrom,0,9836,3,0,0,0
CVE-1999-0786,The dynamic linker in Solaris allows a local user to create arbitrary files via the LD_PROFILE environmental variable and a symlink attack.,8.6,UNKNOWN,UNKNOWN,UNKNOWN,1999-09-22 04:00:00.000,sun,0,9835,115,0,0,0
CVE-1999-0912,FreeBSD VFS cache (vfs_cache) allows local users to cause a denial of service by opening a large number of files.,8.6,UNKNOWN,UNKNOWN,UNKNOWN,1999-09-22 04:00:00.000,freebsd,0,9835,33,0,0,0
CVE-1999-0777,"IIS FTP servers may allow a remote attacker to read or delete files on the server, even if they have ""No Access"" permissions.",8.6,UNKNOWN,UNKNOWN,UNKNOWN,1999-09-23 04:00:00.000,microsoft,0,9834,245,0,0,0
CVE-1999-0906,Buffer overflow in sccw allows local users to gain root access via the HOME environmental variable.,8.6,UNKNOWN,UNKNOWN,UNKNOWN,1999-09-23 04:00:00.000,suse,0,9834,8,0,0,0
CVE-1999-0908,Denial of service in Solaris TCP streams driver via a malicious connection that causes the server to panic as a result of recursive calls to mutex_enter.,8.6,UNKNOWN,UNKNOWN,UNKNOWN,1999-09-23 04:00:00.000,sun,0,9834,115,0,0,0
CVE-1999-1013,named-xfer in AIX 4.1.5 and 4.2.1 allows members of the system group to overwrite system files to gain root access via the -f parameter and a malformed zone file.,8.6,UNKNOWN,UNKNOWN,UNKNOWN,1999-09-23 04:00:00.000,ibm,0,9834,55,0,0,0
CVE-1999-1477,Buffer overflow in GNOME libraries 1.0.8 allows local user to gain root access via a long --espeaker argument in programs such as nethack.,8.6,UNKNOWN,UNKNOWN,UNKNOWN,1999-09-23 04:00:00.000,gnome,0,9834,2,0,0,0
CVE-1999-1534,Buffer overflow in (1) nlservd and (2) rnavc in Knox Software Arkeia backup product allows local users to obtain root access via a long HOME environmental variable.,8.6,UNKNOWN,UNKNOWN,UNKNOWN,1999-09-23 04:00:00.000,knox_software,0,9834,2,0,0,0
CVE-1999-1351,"Directory traversal vulnerability in KVIrc IRC client 0.9.0 with the ""Listen to !nick <soundname> requests"" option enabled allows remote attackers to read arbitrary files via a .. (dot dot) in a DCC GET request.",8.6,UNKNOWN,UNKNOWN,UNKNOWN,1999-09-24 04:00:00.000,kvirc,0,9833,1,0,0,0
CVE-1999-1484,Buffer overflow in MSN Setup BBS 4.71.0.10 ActiveX control (setupbbs.ocx) allows a remote attacker to execute arbitrary commands via the methods (1) vAddNewsServer or (2) bIsNewsServerConfigured.,8.6,UNKNOWN,UNKNOWN,UNKNOWN,1999-09-24 04:00:00.000,microsoft,0,9833,245,0,0,0
CVE-1999-1578,"Buffer overflow in Registration Wizard ActiveX control (regwizc.dll, InvokeRegWizard) 3.0.0.0 for Internet Explorer 4.01 and 5 allows remote attackers to execute arbitrary commands.",8.6,UNKNOWN,UNKNOWN,UNKNOWN,1999-09-24 04:00:00.000,microsoft,0,9833,245,0,0,0
CVE-1999-0788,Arkiea nlservd allows remote attackers to conduct a denial of service.,8.6,UNKNOWN,UNKNOWN,UNKNOWN,1999-09-26 04:00:00.000,knox_software,0,9831,2,0,0,0
CVE-1999-0940,Buffer overflow in mutt mail client allows remote attackers to execute commands via malformed MIME messages.,8.6,UNKNOWN,UNKNOWN,UNKNOWN,1999-09-27 04:00:00.000,mutt,0,9830,2,0,0,0
CVE-1999-1576,"Buffer overflow in Adobe Acrobat ActiveX control (pdf.ocx, PDF.PdfCtrl.1) 1.3.188 for Acrobat Reader 4.0 allows remote attackers to execute arbitrary code via the pdf.setview method.",8.6,UNKNOWN,UNKNOWN,UNKNOWN,1999-09-27 04:00:00.000,adobe,0,9830,15,0,0,0
CVE-1999-0789,Buffer overflow in AIX ftpd in the libc library.,8.6,UNKNOWN,UNKNOWN,UNKNOWN,1999-09-28 04:00:00.000,ibm,0,9829,55,0,0,0
CVE-1999-1352,"mknod in Linux 2.2 follows symbolic links, which could allow local users to overwrite files or gain privileges.",8.6,UNKNOWN,UNKNOWN,UNKNOWN,1999-09-28 04:00:00.000,linux,0,9829,24,0,0,0
CVE-1999-1350,"ARCAD Systemhaus 0.078-5 installs critical programs and files with world-writeable permissions, which could allow local users to gain privileges by replacing a program with a Trojan horse.",8.6,UNKNOWN,UNKNOWN,UNKNOWN,1999-09-29 04:00:00.000,arcad_systemhaus,0,9828,1,0,0,0
CVE-1999-0931,Buffer overflow in Mediahouse Statistics Server allows remote attackers to execute commands.,8.6,UNKNOWN,UNKNOWN,UNKNOWN,1999-09-30 04:00:00.000,mediahouse_software,0,9827,2,0,0,0
CVE-1999-0932,"Mediahouse Statistics Server allows remote attackers to read the administrator password, which is stored in cleartext in the ss.cfg file.",8.6,UNKNOWN,UNKNOWN,UNKNOWN,1999-09-30 04:00:00.000,mediahouse_software,0,9827,2,0,0,0
CVE-1999-1469,"Buffer overflow in w3-auth CGI program in miniSQL package allows remote attackers to execute arbitrary commands via an HTTP request with (1) a long URL, or (2) a long User-Agent MIME header.",8.6,UNKNOWN,UNKNOWN,UNKNOWN,1999-09-30 04:00:00.000,hughes_technologies,0,9827,1,0,0,0
CVE-1999-1583,Buffer overflow in nslookup for AIX 4.3 allows local users to execute arbitrary code via a long hostname command line argument.,8.6,UNKNOWN,UNKNOWN,UNKNOWN,1999-09-30 04:00:00.000,ibm,0,9827,55,0,0,0
CVE-1999-0794,Microsoft Excel does not warn a user when a macro is present in a Symbolic Link (SYLK) format file.,8.6,UNKNOWN,UNKNOWN,UNKNOWN,1999-10-01 04:00:00.000,microsoft,0,9826,245,0,0,0
CVE-1999-0877,Internet Explorer 5 allows remote attackers to read files via an ExecCommand method called on an IFRAME.,8.6,UNKNOWN,UNKNOWN,UNKNOWN,1999-10-01 04:00:00.000,microsoft,0,9826,245,0,0,0
CVE-1999-0879,Buffer overflow in WU-FTPD and related FTP servers allows remote attackers to gain root privileges via macro variables in a message file.,8.6,UNKNOWN,UNKNOWN,UNKNOWN,1999-10-01 04:00:00.000,bsdi,0,9826,16,0,0,0
CVE-1999-0880,"Denial of service in WU-FTPD via the SITE NEWER command, which does not free memory properly.",8.6,UNKNOWN,UNKNOWN,UNKNOWN,1999-10-01 04:00:00.000,bsdi,0,9826,16,0,0,0
CVE-1999-0933,TeamTrack web server allows remote attackers to read arbitrary files via a .. (dot dot) attack.,8.6,UNKNOWN,UNKNOWN,UNKNOWN,1999-10-01 04:00:00.000,teamshare,0,9826,1,0,0,0
CVE-1999-1236,"Internet Anywhere Mail Server 2.3.1 stores passwords in plaintext in the msgboxes.dbf file, which could allow local users to gain privileges by extracting the passwords from msgboxes.dbf.",8.6,UNKNOWN,UNKNOWN,UNKNOWN,1999-10-01 04:00:00.000,true_north,0,9826,4,0,0,0
CVE-1999-1500,"Internet Anywhere POP3 Mail Server 2.3.1 allows remote attackers to cause a denial of service (crash) via (1) LIST, (2) TOP, or (3) UIDL commands using letters as arguments.",8.6,UNKNOWN,UNKNOWN,UNKNOWN,1999-10-01 04:00:00.000,true_north,0,9826,4,0,0,0
CVE-2000-0016,Buffer overflow in Internet Anywhere POP3 Mail Server allows remote attackers to cause a denial of service or execute commands via a long username.,8.6,UNKNOWN,UNKNOWN,UNKNOWN,1999-10-01 04:00:00.000,true_north,0,9826,4,0,0,0
CVE-2000-0047,Buffer overflow in Yahoo Pager/Messenger client allows remote attackers to cause a denial of service via a long URL within a message.,8.6,UNKNOWN,UNKNOWN,UNKNOWN,1999-10-01 04:00:00.000,yahoo,0,9826,1,0,0,0
CVE-1999-0942,UnixWare dos7utils allows a local user to gain root privileges by using the STATICMERGE environmental variable to find a script which it executes.,8.6,UNKNOWN,UNKNOWN,UNKNOWN,1999-10-04 04:00:00.000,sco,0,9823,27,0,0,0
CVE-1999-1454,"Macromedia ""The Matrix"" screen saver on Windows 95 with the ""Password protected"" option enabled allows attackers with physical access to the machine to bypass the password prompt by pressing the ESC (Escape) key.",8.6,UNKNOWN,UNKNOWN,UNKNOWN,1999-10-04 04:00:00.000,macromedia,0,9823,4,0,0,0
CVE-1999-1523,"Buffer overflow in Sambar Web Server 4.2.1 allows remote attackers to cause a denial of service, and possibly execute arbitrary commands, via a long HTTP GET request.",8.6,UNKNOWN,UNKNOWN,UNKNOWN,1999-10-04 04:00:00.000,sambar,0,9823,2,0,0,0
CVE-1999-1540,shell-lock in Cactus Software Shell Lock uses weak encryption (trivial encoding) which allows attackers to easily decrypt and obtain the source code.,8.6,UNKNOWN,UNKNOWN,UNKNOWN,1999-10-04 04:00:00.000,cactus_software,0,9823,2,0,0,0
CVE-1999-1541,"shell-lock in Cactus Software Shell Lock allows local users to read or modify decoded shell files before they are executed, via a symlink attack on a temporary file.",8.6,UNKNOWN,UNKNOWN,UNKNOWN,1999-10-04 04:00:00.000,cactus_software,0,9823,2,0,0,0
CVE-1999-1542,"RPMMail before 1.4 allows remote attackers to execute commands via an e-mail message with shell metacharacters in the ""MAIL FROM"" command.",8.6,UNKNOWN,UNKNOWN,UNKNOWN,1999-10-04 04:00:00.000,redhat,0,9823,24,0,0,0
CVE-1999-1344,Auto_FTP.pl script in Auto_FTP 0.2 stores usernames and passwords in plaintext in the auto_ftp.conf configuration file.,8.6,UNKNOWN,UNKNOWN,UNKNOWN,1999-10-05 04:00:00.000,auto_ftp,0,9822,2,0,0,0
CVE-1999-1345,"Auto_FTP.pl script in Auto_FTP 0.2 uses the /tmp/ftp_tmp as a shared directory with insecure permissions, which allows local users to (1) send arbitrary files to the remote server by placing them in the directory, and (2) view files that are being transferred.",8.6,UNKNOWN,UNKNOWN,UNKNOWN,1999-10-05 04:00:00.000,auto_ftp,0,9822,2,0,0,0
CVE-1999-1357,"Netscape Communicator 4.04 through 4.7 (and possibly other versions) in various UNIX operating systems converts the 0x8b character to a ""<"" sign, and the 0x9b character to a "">"" sign, which could allow remote attackers to attack other clients via cross-site scripting (CSS) in CGI programs that do not filter these characters.",8.6,UNKNOWN,UNKNOWN,UNKNOWN,1999-10-05 04:00:00.000,netscape,0,9822,27,0,0,0
CVE-1999-0791,"Hybrid Network cable modems do not include an authentication mechanism for administration, allowing remote attackers to compromise the system through the HSMP protocol.",8.6,UNKNOWN,UNKNOWN,UNKNOWN,1999-10-06 04:00:00.000,hybrid_network,0,9821,2,0,0,0
CVE-1999-1349,"NFS daemon (nfsd.exe) for Omni-NFS/X 6.1 allows remote attackers to cause a denial of service (resource exhaustion) via certain packets, possibly with the Urgent (URG) flag set, to port 111.",8.6,UNKNOWN,UNKNOWN,UNKNOWN,1999-10-06 04:00:00.000,xlink_technology,0,9821,1,0,0,0
CVE-1999-1346,"PAM configuration file for rlogin in Red Hat Linux 6.1 and earlier includes a less restrictive rule before a more restrictive one, which allows users to access the host via rlogin even if rlogin has been explicitly disabled using the /etc/nologin file.",8.6,UNKNOWN,UNKNOWN,UNKNOWN,1999-10-07 04:00:00.000,redhat,0,9820,24,0,0,0
CVE-1999-1347,"Xsession in Red Hat Linux 6.1 and earlier can allow local users with restricted accounts to bypass execution of the .xsession file by starting kde, gnome or anotherlevel from kdm.",8.6,UNKNOWN,UNKNOWN,UNKNOWN,1999-10-07 04:00:00.000,redhat,0,9820,24,0,0,0
CVE-1999-1522,"Vulnerability in htmlparse.pike in Roxen Web Server 1.3.11 and earlier, possibly related to recursive parsing and referer tags in RXML.",8.6,UNKNOWN,UNKNOWN,UNKNOWN,1999-10-07 04:00:00.000,roxen,0,9820,1,0,0,0
CVE-1999-1082,"Directory traversal vulnerability in Jana proxy web server 1.40 allows remote attackers to ready arbitrary files via a ""......"" (modified dot dot) attack.",8.6,UNKNOWN,UNKNOWN,UNKNOWN,1999-10-08 04:00:00.000,t._hauck,0,9819,2,0,0,0
CVE-1999-1083,Directory traversal vulnerability in Jana proxy web server 1.45 allows remote attackers to ready arbitrary files via a .. (dot dot) attack.,8.6,UNKNOWN,UNKNOWN,UNKNOWN,1999-10-08 04:00:00.000,t._hauck,0,9819,2,0,0,0
CVE-2000-0369,"The IDENT server in Caldera Linux 2.3 creates multiple threads for each IDENT request, which allows remote attackers to cause a denial of service.",8.6,UNKNOWN,UNKNOWN,UNKNOWN,1999-10-08 04:00:00.000,caldera,0,9819,9,0,0,0
CVE-1999-0893,userOsa in SCO OpenServer allows local users to corrupt files via a symlink attack.,8.6,UNKNOWN,UNKNOWN,UNKNOWN,1999-10-11 04:00:00.000,sco,0,9816,27,0,0,0
CVE-1999-1343,HTTP server for Xerox DocuColor 4 LP allows remote attackers to cause a denial of service (hang) via a long URL that contains a large number of . characters.,8.6,UNKNOWN,UNKNOWN,UNKNOWN,1999-10-13 04:00:00.000,xerox,0,9814,1,0,0,0
CVE-2000-0356,Pluggable Authentication Modules (PAM) in Red Hat Linux 6.1 does not properly lock access to disabled NIS accounts.,8.6,UNKNOWN,UNKNOWN,UNKNOWN,1999-10-13 04:00:00.000,redhat,0,9814,24,0,0,0
CVE-1999-0943,Buffer overflow in OpenLink 3.2 allows remote attackers to gain privileges via a long GET request to the web configurator.,8.6,UNKNOWN,UNKNOWN,UNKNOWN,1999-10-15 04:00:00.000,openlink,0,9812,1,0,0,0
CVE-1999-1342,ICQ ActiveList Server allows remote attackers to cause a denial of service (crash) via malformed packets to the server's UDP port.,8.6,UNKNOWN,UNKNOWN,UNKNOWN,1999-10-17 04:00:00.000,icq,0,9810,1,0,0,0
CVE-1999-1047,"When BSDI patches for Gauntlet 5.0 BSDI are installed in a particular order, Gauntlet allows remote attackers to bypass firewall access restrictions, and does not log the activities.",8.6,UNKNOWN,UNKNOWN,UNKNOWN,1999-10-18 04:00:00.000,bsdi,0,9809,16,0,0,0
CVE-1999-0895,Firewall-1 does not properly restrict access to LDAP attributes.,8.6,UNKNOWN,UNKNOWN,UNKNOWN,1999-10-20 04:00:00.000,checkpoint,0,9807,5,0,0,0
CVE-1999-0766,The Microsoft Java Virtual Machine allows a malicious Java applet to execute arbitrary commands outside of the sandbox environment.,8.6,UNKNOWN,UNKNOWN,UNKNOWN,1999-10-21 04:00:00.000,microsoft,0,9806,245,0,0,0
CVE-1999-0905,Denial of service in Axent Raptor firewall via malformed zero-length IP options.,8.6,UNKNOWN,UNKNOWN,UNKNOWN,1999-10-21 04:00:00.000,axent,0,9806,1,0,0,0
CVE-2000-0327,"Microsoft Virtual Machine (VM) allows remote attackers to escape the Java sandbox and execute commands via an applet containing an illegal cast operation, aka the ""Virtual Machine Verifier"" vulnerability.",8.6,UNKNOWN,UNKNOWN,UNKNOWN,1999-10-21 04:00:00.000,microsoft,0,9806,245,0,0,0
CVE-1999-0951,Buffer overflow in OmniHTTPd CGI program imagemap.exe allows remote attackers to execute commands.,8.6,UNKNOWN,UNKNOWN,UNKNOWN,1999-10-22 04:00:00.000,omnicron,0,9805,2,0,0,0
CVE-1999-1341,"Linux kernel before 2.3.18 or 2.2.13pre15, with SLIP and PPP options, allows local unprivileged users to forge IP packets via the TIOCSETD option on tty devices.",8.6,UNKNOWN,UNKNOWN,UNKNOWN,1999-10-22 04:00:00.000,linux,0,9805,24,0,0,0
CVE-2000-0362,Buffer overflows in Linux cdwtools 093 and earlier allows local users to gain root privileges.,8.6,UNKNOWN,UNKNOWN,UNKNOWN,1999-10-22 04:00:00.000,suse,0,9805,8,0,0,0
CVE-2000-0363,Linux cdwtools 093 and earlier allows local users to gain root privileges via the /tmp directory.,8.6,UNKNOWN,UNKNOWN,UNKNOWN,1999-10-22 04:00:00.000,suse,0,9805,8,0,0,0
CVE-1999-0900,Buffer overflow in rpc.yppasswdd allows a local user to gain privileges via MD5 hash generation.,8.6,UNKNOWN,UNKNOWN,UNKNOWN,1999-10-23 04:00:00.000,linux-nis,0,9804,3,0,0,0
CVE-1999-0901,ypserv allows a local user to modify the GECOS and login shells of other users.,8.6,UNKNOWN,UNKNOWN,UNKNOWN,1999-10-23 04:00:00.000,linux-nis,0,9804,3,0,0,0
CVE-1999-0902,ypserv allows local administrators to modify password tables.,8.6,UNKNOWN,UNKNOWN,UNKNOWN,1999-10-23 04:00:00.000,linux-nis,0,9804,3,0,0,0
CVE-1999-0944,IBM WebSphere ikeyman tool uses weak encryption to store a password for a key database that is used for SSL connections.,8.6,UNKNOWN,UNKNOWN,UNKNOWN,1999-10-24 04:00:00.000,UNKNOWN,0,9803,151,0,0,0
CVE-1999-0883,Zeus web server allows remote attackers to read arbitrary files by specifying the file name in an option to the search engine.,8.6,UNKNOWN,UNKNOWN,UNKNOWN,1999-10-25 04:00:00.000,zeus_technologies,0,9802,2,0,0,0
CVE-1999-0884,The Zeus web server administrative interface uses weak encryption for its passwords.,8.6,UNKNOWN,UNKNOWN,UNKNOWN,1999-10-25 04:00:00.000,zeus_technologies,0,9802,2,0,0,0
CVE-1999-0881,Falcon web server allows remote attackers to read arbitrary files via a .. (dot dot) attack.,8.6,UNKNOWN,UNKNOWN,UNKNOWN,1999-10-26 04:00:00.000,blueface,0,9801,1,0,0,0
CVE-1999-0903,genfilt in the AIX Packet Filtering Module does not properly filter traffic to destination ports greater than 32767.,8.6,UNKNOWN,UNKNOWN,UNKNOWN,1999-10-26 04:00:00.000,ibm,0,9801,55,0,0,0
CVE-1999-1076,"Idle locking function in MacOS 9 allows local users to bypass the password protection of idled sessions by selecting the ""Log Out"" option and selecting a ""Cancel"" option in the dialog box for an application that attempts to verify that the user wants to log out, which returns the attacker into the locked session.",8.6,UNKNOWN,UNKNOWN,UNKNOWN,1999-10-26 04:00:00.000,apple,0,9801,32,0,0,0
CVE-1999-1234,"LSA (LSASS.EXE) in Windows NT 4.0 allows remote attackers to cause a denial of service via a NULL policy handle in a call to (1) SamrOpenDomain, (2) SamrEnumDomainUsers, and (3) SamrQueryDomainInfo.",8.6,UNKNOWN,UNKNOWN,UNKNOWN,1999-10-26 04:00:00.000,microsoft,0,9801,245,0,0,0
CVE-1999-0882,Falcon web server allows remote attackers to determine the absolute path of the web root via long file names.,8.6,UNKNOWN,UNKNOWN,UNKNOWN,1999-10-28 04:00:00.000,falcon,0,9799,1,0,0,0
CVE-1999-0915,URL Live! web server allows remote attackers to read arbitrary files via a .. (dot dot) attack.,8.6,UNKNOWN,UNKNOWN,UNKNOWN,1999-10-28 04:00:00.000,pacific_software,0,9799,1,0,0,0
CVE-1999-0950,Buffer overflow in WFTPD FTP server allows remote attackers to gain root access via	a series of MKD and CWD commands that create nested directories.,8.6,UNKNOWN,UNKNOWN,UNKNOWN,1999-10-28 04:00:00.000,texas_imperial_software,0,9799,1,0,0,0
CVE-1999-1226,"Netscape Communicator 4.7 and earlier allows remote attackers to cause a denial of service, and possibly execute arbitrary commands, via a long certificate key.",8.6,UNKNOWN,UNKNOWN,UNKNOWN,1999-10-28 04:00:00.000,netscape,0,9799,27,0,0,0
CVE-1999-1532,"Netscape Messaging Server 3.54, 3.55, and 3.6 allows a remote attacker to cause a denial of service (memory exhaustion) via a series of long RCPT TO commands.",8.6,UNKNOWN,UNKNOWN,UNKNOWN,1999-10-29 04:00:00.000,netscape,0,9798,27,0,0,0
CVE-1999-0873,Buffer overflow in Skyfull mail server via MAIL FROM command.,8.6,UNKNOWN,UNKNOWN,UNKNOWN,1999-10-30 04:00:00.000,sky_communications,0,9797,1,0,0,0
CVE-1999-1577,Buffer overflow in HHOpen ActiveX control (hhopen.ocx) 1.0.0.1 for Internet Explorer 4.01 and 5 allows remote attackers to execute arbitrary commands via long arguments to the OpenHelp method.,8.6,UNKNOWN,UNKNOWN,UNKNOWN,1999-10-31 04:00:00.000,microsoft,0,9796,245,0,0,0
CVE-1999-0354,"Internet Explorer 4.x or 5.x with Word 97 allows arbitrary execution of Visual Basic programs to the IE client through the Word 97 template, which doesn't warn the user that the template contains executable content.  Also applies to Outlook when the client views a malicious email message.",8.6,UNKNOWN,UNKNOWN,UNKNOWN,1999-11-01 05:00:00.000,microsoft,0,9795,245,0,0,0
CVE-1999-0827,"By default, Internet Explorer 5.0 and other versions enables the ""Navigate sub-frames across different domains"" option, which allows frame spoofing.",8.6,UNKNOWN,UNKNOWN,UNKNOWN,1999-11-01 05:00:00.000,microsoft,0,9795,245,0,0,0
CVE-1999-0829,HP Secure Web Console uses weak encryption.,8.6,UNKNOWN,UNKNOWN,UNKNOWN,1999-11-01 05:00:00.000,hp,0,9795,67,0,0,0
CVE-1999-0830,Buffer overflow in SCO UnixWare Xsco command via a long argument.,8.6,UNKNOWN,UNKNOWN,UNKNOWN,1999-11-01 05:00:00.000,sco,0,9795,27,0,0,0
CVE-1999-0854,"Ultimate Bulletin Board stores data files in the cgi-bin directory, allowing remote attackers to view the data if an error occurs when the HTTP server attempts to execute the file.",8.6,UNKNOWN,UNKNOWN,UNKNOWN,1999-11-01 05:00:00.000,infopop,0,9795,1,0,0,0
CVE-1999-1077,"Idle locking function in MacOS 9 allows local attackers to bypass the password protection of idled sessions via the programmer's switch or CMD-PWR keyboard sequence, which brings up a debugger that the attacker can use to disable the lock.",8.6,UNKNOWN,UNKNOWN,UNKNOWN,1999-11-01 05:00:00.000,apple,0,9795,32,0,0,0
CVE-1999-1517,"runtar in the Amanda backup system used in various UNIX operating systems executes tar with root privileges, which allows a user to overwrite or read arbitrary files by providing the target files to runtar.",8.6,UNKNOWN,UNKNOWN,UNKNOWN,1999-11-01 05:00:00.000,freebsd,0,9795,33,0,0,0
CVE-1999-0946,Buffer overflow in Yamaha MidiPlug via a Text variable in an EMBED tag.,8.6,UNKNOWN,UNKNOWN,UNKNOWN,1999-11-02 05:00:00.000,yamaha,0,9794,1,0,0,0
CVE-1999-0947,"AN-HTTPd provides example CGI scripts test.bat, input.bat, input2.bat, and envout.bat, which allow remote attackers to execute commands via shell metacharacters.",8.6,UNKNOWN,UNKNOWN,UNKNOWN,1999-11-02 05:00:00.000,an,0,9794,1,0,0,0
CVE-1999-0948,Buffer overflow in uum program for Canna input system allows local users to gain root privileges.,8.6,UNKNOWN,UNKNOWN,UNKNOWN,1999-11-02 05:00:00.000,sgi,0,9794,69,0,0,0
CVE-1999-0949,Buffer overflow in canuum program for Canna input system allows local users to gain root privileges.,8.6,UNKNOWN,UNKNOWN,UNKNOWN,1999-11-02 05:00:00.000,sgi,0,9794,69,0,0,0
CVE-1999-1531,Buffer overflow in IBM HomePagePrint 1.0.7 for Windows98J allows a malicious Web site to execute arbitrary code on a viewer's system via a long IMG_SRC HTML tag.,8.6,UNKNOWN,UNKNOWN,UNKNOWN,1999-11-02 05:00:00.000,ibm,0,9794,55,0,0,0
CVE-1999-0885,Alibaba web server allows remote attackers to execute commands via a pipe character in a malformed URL.,8.6,UNKNOWN,UNKNOWN,UNKNOWN,1999-11-03 05:00:00.000,computer_software_manufaktur,0,9793,3,0,0,0
CVE-1999-0904,Buffer overflow in BFTelnet allows remote attackers to cause a denial of service via a long username.,8.6,UNKNOWN,UNKNOWN,UNKNOWN,1999-11-03 05:00:00.000,byte_fusion,0,9793,1,0,0,0
CVE-1999-0843,Denial of service in Cisco routers running NAT via a PORT command from an FTP client to a Telnet port.,8.6,UNKNOWN,UNKNOWN,UNKNOWN,1999-11-04 05:00:00.000,cisco,0,9792,41,0,0,0
CVE-1999-0887,FTGate web interface server allows remote attackers to read files via a .. (dot dot) attack.,8.6,UNKNOWN,UNKNOWN,UNKNOWN,1999-11-04 05:00:00.000,floosietek,0,9792,1,0,0,0
CVE-1999-0896,Buffer overflow in RealNetworks RealServer administration utility allows remote attackers to execute arbitrary commands via a long username and password.,8.6,UNKNOWN,UNKNOWN,UNKNOWN,1999-11-04 05:00:00.000,realnetworks,0,9792,5,0,0,0
CVE-1999-0898,Buffer overflows in Windows NT 4.0 print spooler allow remote attackers to gain privileges or cause a denial of service via a malformed spooler request.,8.6,UNKNOWN,UNKNOWN,UNKNOWN,1999-11-04 05:00:00.000,microsoft,0,9792,245,0,0,0
CVE-1999-0899,The Windows NT 4.0 print spooler allows a local user to execute arbitrary commands due to inappropriate permissions that allow the user to specify an alternate print provider.,8.6,UNKNOWN,UNKNOWN,UNKNOWN,1999-11-04 05:00:00.000,microsoft,0,9792,245,0,0,0
CVE-1999-1065,"Palm Pilot HotSync Manager 3.0.4 in Windows 98 allows remote attackers to cause a denial of service, and possibly execute arbitrary commands, via a long string to port 14238 while the manager is in network mode.",8.6,UNKNOWN,UNKNOWN,UNKNOWN,1999-11-04 05:00:00.000,palm_pilot,0,9792,1,0,0,0
CVE-1999-1340,Buffer overflow in faxalter in hylafax 4.0.2 allows local users to gain privileges via a long -m command line argument.,8.6,UNKNOWN,UNKNOWN,UNKNOWN,1999-11-04 05:00:00.000,hylafax,0,9792,1,0,0,0
CVE-1999-1509,Directory traversal vulnerability in Etype Eserv 2.50 web server allows a remote attacker to read any file in the file system via a .. (dot dot) in a URL.,8.6,UNKNOWN,UNKNOWN,UNKNOWN,1999-11-04 05:00:00.000,etype,0,9792,1,0,0,0
CVE-1999-1571,"Buffer overflow in sar for SCO OpenServer 5.0.0 through 5.0.5 may allow local users to gain root privileges via a long -f parameter, a different vulnerability than CVE-1999-1570.",8.6,UNKNOWN,UNKNOWN,UNKNOWN,1999-11-04 05:00:00.000,sco,0,9792,27,0,0,0
CVE-1999-1529,"A buffer overflow exists in the HELO command in Trend Micro Interscan VirusWall SMTP gateway 3.23/3.3 for NT, which may allow an attacker to execute arbitrary code.",8.6,UNKNOWN,UNKNOWN,UNKNOWN,1999-11-07 05:00:00.000,trend_micro,0,9789,5,0,0,0
CVE-1999-1533,Eicon Technology Diva LAN ISDN modem allows a remote attacker to cause a denial of service (hang) via a long password argument to the login.htm file in its HTTP service.,8.6,UNKNOWN,UNKNOWN,UNKNOWN,1999-11-07 05:00:00.000,trend_micro,0,9789,5,0,0,0
CVE-1999-0821,FreeBSD seyon allows local users to gain privileges by providing a malicious program in the -emulator argument.,8.6,UNKNOWN,UNKNOWN,UNKNOWN,1999-11-08 05:00:00.000,freebsd,0,9788,33,0,0,0
CVE-1999-0863,"Buffer overflow in FreeBSD seyon via HOME environmental variable, -emulator argument, -modems argument, or the GUI.",8.6,UNKNOWN,UNKNOWN,UNKNOWN,1999-11-08 05:00:00.000,freebsd,0,9788,33,0,0,0
CVE-1999-1530,"cgiwrap as used on Cobalt RaQ 2.0 and RaQ 3i does not properly identify the user for running certain scripts, which allows a malicious site administrator to view or modify data located at another virtual site on the same system.",8.6,UNKNOWN,UNKNOWN,UNKNOWN,1999-11-08 05:00:00.000,sun,0,9788,115,0,0,0
CVE-1999-1550,"bigconf.conf in F5 BIG/ip 2.1.2 and earlier allows remote attackers to read arbitrary files by specifying the target file in the ""file"" parameter.",8.6,UNKNOWN,UNKNOWN,UNKNOWN,1999-11-08 05:00:00.000,f5,0,9788,2,0,0,0
CVE-2001-0679,A buffer overflow in InterScan VirusWall 3.23 and 3.3 allows a remote attacker to execute arbitrary code by sending a long HELO command to the server.,8.6,UNKNOWN,UNKNOWN,UNKNOWN,1999-11-08 05:00:00.000,trend_micro,0,9788,5,0,0,0
CVE-1999-0832,Buffer overflow in NFS server on Linux allows attackers to execute commands via a long pathname.,8.6,UNKNOWN,UNKNOWN,UNKNOWN,1999-11-09 05:00:00.000,debian,0,9787,26,0,0,0
CVE-1999-0983,Whois Internic Lookup program whois.cgi allows remote attackers to execute commands via shell metacharacters in the domain entry.,8.6,UNKNOWN,UNKNOWN,UNKNOWN,1999-11-09 05:00:00.000,internic,0,9787,1,0,0,0
CVE-1999-0984,Matt's Whois program whois.cgi allows remote attackers to execute commands via shell metacharacters in the domain entry.,8.6,UNKNOWN,UNKNOWN,UNKNOWN,1999-11-09 05:00:00.000,matts_whois,0,9787,1,0,0,0
CVE-1999-0985,CC Whois program whois.cgi allows remote attackers to execute commands via shell metacharacters in the domain entry.,8.6,UNKNOWN,UNKNOWN,UNKNOWN,1999-11-09 05:00:00.000,cc,0,9787,1,0,0,0
CVE-1999-1111,Vulnerability in StackGuard before 1.21 allows remote attackers to bypass the Random and Terminator Canary security mechanisms by using a non-linear attack which directly modifies a pointer to a return address instead of using a buffer overflow to reach the return address entry itself.,8.6,UNKNOWN,UNKNOWN,UNKNOWN,1999-11-09 05:00:00.000,immunix,0,9787,1,0,0,0
CVE-1999-1112,"Buffer overflow in IrfanView32 3.07 and earlier allows attackers to execute arbitrary commands via a long string after the ""8BPS"" image type in a Photo Shop image header.",8.6,UNKNOWN,UNKNOWN,UNKNOWN,1999-11-09 05:00:00.000,irfanview,0,9787,1,0,0,0
CVE-1999-0833,Buffer overflow in BIND 8.2 via NXT records.,8.6,UNKNOWN,UNKNOWN,UNKNOWN,1999-11-10 05:00:00.000,isc,0,9786,14,0,0,0
CVE-1999-0835,Denial of service in BIND named via malformed SIG records.,8.6,UNKNOWN,UNKNOWN,UNKNOWN,1999-11-10 05:00:00.000,ibm,0,9786,55,0,0,0
CVE-1999-0837,Denial of service in BIND by improperly closing TCP sessions via so_linger.,8.6,UNKNOWN,UNKNOWN,UNKNOWN,1999-11-10 05:00:00.000,isc,0,9786,14,0,0,0
CVE-1999-0848,"Denial of service in BIND named via consuming more than ""fdmax"" file descriptors.",8.6,UNKNOWN,UNKNOWN,UNKNOWN,1999-11-10 05:00:00.000,isc,0,9786,14,0,0,0
CVE-1999-0849,Denial of service in BIND named via maxdname.,8.6,UNKNOWN,UNKNOWN,UNKNOWN,1999-11-10 05:00:00.000,isc,0,9786,14,0,0,0
CVE-1999-0851,Denial of service in BIND named via naptr.,8.6,UNKNOWN,UNKNOWN,UNKNOWN,1999-11-10 05:00:00.000,ibm,0,9786,55,0,0,0
CVE-1999-1511,"Buffer overflows in Xtramail 1.11 allow attackers to cause a denial of service (crash) and possibly execute arbitrary commands via (1) a long PASS command in the POP3 service, (2) a long HELO command in the SMTP service, or (3) a long user name in the Control Service.",8.6,UNKNOWN,UNKNOWN,UNKNOWN,1999-11-10 05:00:00.000,artisoft,0,9786,1,0,0,0
CVE-1999-1539,"Buffer overflow in FTP server in QPC Software's QVT/Term Plus versions 4.2d and 4.3 and QVT/Net 4.3 allows remote attackers to cause a denial of service, and possibly execute arbitrary commands, via a long (1) user name or (2) password.",8.6,UNKNOWN,UNKNOWN,UNKNOWN,1999-11-10 05:00:00.000,qpc_software,0,9786,1,0,0,0
CVE-2000-0329,"A Microsoft ActiveX control allows a remote attacker to execute a malicious cabinet file via an attachment and an embedded script in an HTML mail, aka the ""Active Setup Control"" vulnerability.",8.6,UNKNOWN,UNKNOWN,UNKNOWN,1999-11-11 05:00:00.000,microsoft,0,9785,245,0,0,0
CVE-1999-1050,"Directory traversal vulnerability in Matt Wright FormHandler.cgi script allows remote attackers to read arbitrary files via (1) a .. (dot dot) in the reply_message_attach attachment parameter, or (2) by specifying the filename as a template.",8.6,UNKNOWN,UNKNOWN,UNKNOWN,1999-11-12 05:00:00.000,matt_wright,0,9784,9,0,0,0
CVE-2000-0330,"The networking software in Windows 95 and Windows 98 allows remote attackers to execute commands via a long file name string, aka the ""File Access URL"" vulnerability.",8.6,UNKNOWN,UNKNOWN,UNKNOWN,1999-11-12 05:00:00.000,microsoft,0,9784,245,0,0,0
CVE-2000-0165,The Delegate application proxy has several buffer overflows which allow a remote attacker to execute commands.,8.6,UNKNOWN,UNKNOWN,UNKNOWN,1999-11-13 05:00:00.000,etl,0,9783,1,0,0,0
CVE-1999-1110,"Windows Media Player ActiveX object as used in Internet Explorer 5.0 returns a specific error code when a file does not exist, which allows remote malicious web sites to determine the existence of files on the client.",8.6,UNKNOWN,UNKNOWN,UNKNOWN,1999-11-14 05:00:00.000,microsoft,0,9782,245,0,0,0
CVE-1999-1528,"ProSoft Netware Client 5.12 on Macintosh MacOS 9 does not automatically log a user out of the NDS tree when the user logs off the system, which allows other users of the same system access to the unprotected NDS session.",8.6,UNKNOWN,UNKNOWN,UNKNOWN,1999-11-14 05:00:00.000,prosoft_engineering,0,9782,1,0,0,0
CVE-1999-1190,"Buffer overflow in POP3 server of Admiral Systems EmailClub 1.05 allows remote attackers to execute arbitrary commands via a long ""From"" header in an e-mail message.",8.6,UNKNOWN,UNKNOWN,UNKNOWN,1999-11-15 05:00:00.000,admiral_systems,0,9781,1,0,0,0
CVE-1999-1051,"Default configuration in Matt Wright FormHandler.cgi script allows arbitrary directories to be used for attachments, and only restricts access to the /etc/ directory, which allows remote attackers to read arbitrary files via the reply_message_attach attachment parameter.",8.6,UNKNOWN,UNKNOWN,UNKNOWN,1999-11-16 05:00:00.000,matt_wright,0,9780,9,0,0,0
CVE-1999-1457,"Buffer overflow in thttpd HTTP server before 2.04-31 allows remote attackers to execute arbitrary commands via a long date string, which is not properly handled by the tdate_parse function.",8.6,UNKNOWN,UNKNOWN,UNKNOWN,1999-11-16 05:00:00.000,thttpd,0,9780,1,0,0,0
CVE-1999-1508,Web server in Tektronix PhaserLink Printer 840.0 and earlier allows a remote attacker to gain administrator access by directly calling undocumented URLs such as ncl_items.html and ncl_subjects.html.,8.6,UNKNOWN,UNKNOWN,UNKNOWN,1999-11-16 05:00:00.000,tek,0,9780,1,0,0,0
CVE-1999-1549,"Lynx 2.x does not properly distinguish between internal and external HTML, which may allow a local attacker to read a ""secure"" hidden form value from a temporary file and craft a LYNXOPTIONS: URL that causes Lynx to modify the user's configuration file and execute commands.",7.8,LOCAL,LOW,NONE,1999-11-16 05:00:00.000,lynx_project,0,9780,1,0,1,0
CVE-1999-0793,Internet Explorer allows remote attackers to read files by redirecting data to a Javascript applet.,8.6,UNKNOWN,UNKNOWN,UNKNOWN,1999-11-17 05:00:00.000,microsoft,0,9779,245,0,0,0
CVE-1999-1092,"tin 1.40 creates the .tin directory with insecure permissions, which allows local users to read passwords from the .inputhistory file.",8.6,UNKNOWN,UNKNOWN,UNKNOWN,1999-11-17 05:00:00.000,iain_lea,0,9779,1,0,0,0
CVE-1999-1519,Gene6 G6 FTP Server 2.0 allows a remote attacker to cause a denial of service (resource exhaustion) via a long (1) user name or (2) password.,8.6,UNKNOWN,UNKNOWN,UNKNOWN,1999-11-17 05:00:00.000,gene6,0,9779,1,0,0,0
CVE-2000-0073,Buffer overflow in Microsoft Rich Text Format (RTF) reader allows attackers to cause a denial of service via a malformed control word.,8.6,UNKNOWN,UNKNOWN,UNKNOWN,1999-11-17 05:00:00.000,microsoft,0,9779,245,0,0,0
CVE-1999-0987,Windows NT does not properly download a system policy if the domain user logs into the domain with a space at the end of the domain name.,8.6,UNKNOWN,UNKNOWN,UNKNOWN,1999-11-18 05:00:00.000,microsoft,0,9778,245,0,0,0
CVE-2000-0352,"Pine before version 4.21 does not properly filter shell metacharacters from URLs, which allows remote attackers to execute arbitrary commands via a malformed URL.",8.6,UNKNOWN,UNKNOWN,UNKNOWN,1999-11-18 05:00:00.000,university_of_washington,0,9778,7,0,0,0
CVE-1999-0831,Denial of service in Linux syslogd via a large number of connections.,8.6,UNKNOWN,UNKNOWN,UNKNOWN,1999-11-19 05:00:00.000,cobalt,0,9777,1,0,0,0
CVE-1999-0999,Microsoft SQL 7.0 server allows a remote attacker to cause a denial of service via a malformed TDS packet.,8.6,UNKNOWN,UNKNOWN,UNKNOWN,1999-11-19 05:00:00.000,microsoft,0,9777,245,0,0,0
CVE-1999-1475,"ProFTPd 1.2 compiled with the mod_sqlpw module records user passwords in the wtmp log file, which allows local users to obtain the passwords and gain privileges by reading wtmp, e.g. via the last command.",8.6,UNKNOWN,UNKNOWN,UNKNOWN,1999-11-19 05:00:00.000,proftpd_project,0,9777,3,0,0,0
CVE-1999-0818,Buffer overflow in Solaris kcms_configure via a long NETPATH environmental variable.,8.6,UNKNOWN,UNKNOWN,UNKNOWN,1999-11-20 05:00:00.000,sun,0,9776,115,0,0,0
CVE-1999-1058,"Buffer overflow in Vermillion FTP Daemon VFTPD 1.23 allows remote attackers to cause a denial of service, and possibly execute arbitrary commands, via several long CWD commands.",8.6,UNKNOWN,UNKNOWN,UNKNOWN,1999-11-22 05:00:00.000,arcane_software,0,9774,1,0,0,0
CVE-1999-1527,"Internal HTTP server in Sun Netbeans Java IDE in Netbeans Developer 3.0 Beta and Forte Community Edition 1.0 Beta does not properly restrict access to IP addresses as specified in its configuration, which allows arbitrary remote attackers to access the server.",8.6,UNKNOWN,UNKNOWN,UNKNOWN,1999-11-23 05:00:00.000,sun,0,9773,115,0,0,0
CVE-2000-0531,Linux gpm program allows local users to cause a denial of service by flooding the /dev/gpmctl device with STREAM sockets.,8.6,UNKNOWN,UNKNOWN,UNKNOWN,1999-11-23 05:00:00.000,caldera,0,9773,9,0,0,0
CVE-1999-0844,Denial of service in MDaemon WorldClient and WebConfig services via a long URL.,8.6,UNKNOWN,UNKNOWN,UNKNOWN,1999-11-24 05:00:00.000,deerfield,0,9772,3,0,0,0
CVE-1999-1163,Vulnerability in HP Series 800 S/X/V Class servers allows remote attackers to gain access to the S/X/V Class console via the Service Support Processor (SSP) Teststation.,8.6,UNKNOWN,UNKNOWN,UNKNOWN,1999-11-24 05:00:00.000,hp,0,9772,67,0,0,0
CVE-1999-1189,"Buffer overflow in Netscape Navigator/Communicator 4.7 for Windows 95 and Windows 98 allows remote attackers to cause a denial of service, and possibly execute arbitrary commands, via a long argument after the ? character in a URL that references an .asp, .cgi, .html, or .pl file.",8.6,UNKNOWN,UNKNOWN,UNKNOWN,1999-11-24 05:00:00.000,netscape,0,9772,27,0,0,0
CVE-1999-1548,Cabletron SmartSwitch Router (SSR) 8000 firmware 2.x can only handle 200 ARP requests per second allowing a denial of service attack to succeed with a flood of ARP requests exceeding that limit.,8.6,UNKNOWN,UNKNOWN,UNKNOWN,1999-11-24 05:00:00.000,cabletron,0,9772,2,0,0,0
CVE-1999-0317,Buffer overflow in Linux su command gives root access to local users.,8.6,UNKNOWN,UNKNOWN,UNKNOWN,1999-11-25 05:00:00.000,linux,0,9771,24,0,0,0
CVE-1999-0845,Buffer overflow in SCO su program allows local users to gain root access via a long username.,8.6,UNKNOWN,UNKNOWN,UNKNOWN,1999-11-25 05:00:00.000,sco,0,9771,27,0,0,0
CVE-1999-1547,Oracle Web Listener 2.1 allows remote attackers to bypass access restrictions by replacing a character in the URL with its HTTP-encoded (hex) equivalent.,8.6,UNKNOWN,UNKNOWN,UNKNOWN,1999-11-25 05:00:00.000,oracle,0,9771,15,0,0,0
CVE-1999-0387,A legacy credential caching mechanism used in Windows 95 and Windows 98 systems allows attackers to read plaintext network passwords.,8.6,UNKNOWN,UNKNOWN,UNKNOWN,1999-11-29 05:00:00.000,microsoft,0,9767,245,0,0,0
CVE-1999-0839,Windows NT Task Scheduler installed with Internet Explorer 5 allows a user to gain privileges by modifying the job after it has been scheduled.,8.6,UNKNOWN,UNKNOWN,UNKNOWN,1999-11-29 05:00:00.000,microsoft,0,9767,245,0,0,0
CVE-1999-0842,Symantec Mail-Gear 1.0 web interface server allows remote users to read arbitrary files via a .. (dot dot) attack.,8.6,UNKNOWN,UNKNOWN,UNKNOWN,1999-11-29 05:00:00.000,symantec,0,9767,5,0,0,0
CVE-1999-0847,"Buffer overflow in free internet chess server (FICS) program, xboard.",8.6,UNKNOWN,UNKNOWN,UNKNOWN,1999-11-29 05:00:00.000,freechess.org,0,9767,1,0,0,0
CVE-1999-0822,Buffer overflow in Qpopper (qpop) 3.0 allows remote root access via AUTH command.,8.6,UNKNOWN,UNKNOWN,UNKNOWN,1999-11-30 05:00:00.000,qualcomm,0,9766,6,0,0,0
CVE-1999-0824,"A Windows NT user can use SUBST to map a drive letter to a folder, which is not unmapped after the user logs off, potentially allowing that user to modify the location of folders accessed by later users.",8.6,UNKNOWN,UNKNOWN,UNKNOWN,1999-11-30 05:00:00.000,microsoft,0,9766,245,0,0,0
CVE-1999-0840,Buffer overflow in CDE dtmail and dtmailpr programs allows local users to gain privileges via a long -f option.,8.6,UNKNOWN,UNKNOWN,UNKNOWN,1999-11-30 05:00:00.000,sun,0,9766,115,0,0,0
CVE-1999-0841,Buffer overflow in CDE mailtool allows local users to gain root privileges via a long MIME Content-Type.,8.6,UNKNOWN,UNKNOWN,UNKNOWN,1999-11-30 05:00:00.000,sun,0,9766,115,0,0,0
CVE-1999-0819,"NTMail does not disable the VRFY command, even if the administrator has explicitly disabled it.",8.6,UNKNOWN,UNKNOWN,UNKNOWN,1999-12-01 05:00:00.000,microsoft,0,9765,245,0,0,0
CVE-1999-0820,FreeBSD seyon allows users to gain privileges via a modified PATH variable for finding the xterm and seyon-emu commands.,8.6,UNKNOWN,UNKNOWN,UNKNOWN,1999-12-01 05:00:00.000,freebsd,0,9765,33,0,0,0
CVE-1999-0823,Buffer overflow in FreeBSD xmindpath allows local users to gain privileges via -f argument.,8.6,UNKNOWN,UNKNOWN,UNKNOWN,1999-12-01 05:00:00.000,freebsd,0,9765,33,0,0,0
CVE-1999-0826,Buffer overflow in FreeBSD angband allows local users to gain privileges.,8.6,UNKNOWN,UNKNOWN,UNKNOWN,1999-12-01 05:00:00.000,freebsd,0,9765,33,0,0,0
CVE-1999-0834,Buffer overflow in RSAREF2 via the encryption and decryption functions in the RSAREF library.,8.6,UNKNOWN,UNKNOWN,UNKNOWN,1999-12-01 05:00:00.000,rsa,0,9765,1,0,0,0
CVE-1999-0838,Buffer overflow in Serv-U FTP 2.5 allows remote users to conduct a denial of service via the SITE command.,8.6,UNKNOWN,UNKNOWN,UNKNOWN,1999-12-01 05:00:00.000,deerfield,0,9765,3,0,0,0
CVE-1999-0846,Denial of service in MDaemon 2.7 via a large number of connection attempts.,8.6,UNKNOWN,UNKNOWN,UNKNOWN,1999-12-01 05:00:00.000,deerfield,0,9765,3,0,0,0
CVE-1999-0853,Buffer overflow in Netscape Enterprise Server and Netscape FastTrack Server allows remote attackers to gain privileges via the HTTP Basic Authentication procedure.,8.6,UNKNOWN,UNKNOWN,UNKNOWN,1999-12-01 05:00:00.000,netscape,0,9765,27,0,0,0
CVE-1999-0855,Buffer overflow in FreeBSD gdc program.,8.6,UNKNOWN,UNKNOWN,UNKNOWN,1999-12-01 05:00:00.000,freebsd,0,9765,33,0,0,0
CVE-1999-0856,login in Slackware 7.0 allows remote attackers to identify valid users on the system by reporting an encryption error when an account is locked or does not exist.,8.6,UNKNOWN,UNKNOWN,UNKNOWN,1999-12-01 05:00:00.000,slackware,0,9765,12,0,0,0
CVE-1999-0857,FreeBSD gdc program allows local users to modify files via a symlink attack.,8.6,UNKNOWN,UNKNOWN,UNKNOWN,1999-12-01 05:00:00.000,freebsd,0,9765,33,0,0,0
CVE-1999-0859,"Solaris arp allows local users to read files via the -f parameter, which lists lines in the file that do not parse properly.",8.6,UNKNOWN,UNKNOWN,UNKNOWN,1999-12-01 05:00:00.000,sun,0,9765,115,0,0,0
CVE-1999-0860,Solaris chkperm allows local users to read files owned by bin via the VMSYS environmental variable and a symlink attack.,8.6,UNKNOWN,UNKNOWN,UNKNOWN,1999-12-01 05:00:00.000,sun,0,9765,115,0,0,0
CVE-1999-0963,FreeBSD mount_union command allows local users to gain root privileges via a symlink attack.,8.6,UNKNOWN,UNKNOWN,UNKNOWN,1999-12-01 05:00:00.000,freebsd,0,9765,33,0,0,0
CVE-2000-0004,ZBServer Pro allows remote attackers to read source code for executable files by inserting a . (dot) into the URL.,8.6,UNKNOWN,UNKNOWN,UNKNOWN,1999-12-01 05:00:00.000,zbsoft,0,9765,2,0,0,0
CVE-2000-0021,Lotus Domino HTTP server allows remote attackers to determine the real path of the server via a request to a non-existent script in /cgi-bin.,8.6,UNKNOWN,UNKNOWN,UNKNOWN,1999-12-01 05:00:00.000,lotus,0,9765,4,0,0,0
CVE-1999-0828,"UnixWare pkg commands such as pkginfo, pkgcat, and pkgparam allow local users to read arbitrary files via the dacread permission.",8.6,UNKNOWN,UNKNOWN,UNKNOWN,1999-12-02 05:00:00.000,sco,0,9764,27,0,0,0
CVE-1999-0850,The default permissions for Endymion MailMan allow local users to read email or modify files.,8.6,UNKNOWN,UNKNOWN,UNKNOWN,1999-12-02 05:00:00.000,endymion,0,9764,1,0,0,0
CVE-1999-0852,IBM WebSphere sets permissions that allow a local user to modify a deinstallation script or its data files stored in /usr/bin.,8.6,UNKNOWN,UNKNOWN,UNKNOWN,1999-12-02 05:00:00.000,ibm,0,9764,55,0,0,0
CVE-1999-0858,Internet Explorer 5 allows a remote attacker to modify the IE client's proxy configuration via a malicious Web Proxy Auto-Discovery (WPAD) server.,8.6,UNKNOWN,UNKNOWN,UNKNOWN,1999-12-02 05:00:00.000,microsoft,0,9764,245,0,0,0
CVE-1999-0862,Insecure directory permissions in RPM distribution for PostgreSQL allows local users to gain privileges by reading a plaintext password file.,8.6,UNKNOWN,UNKNOWN,UNKNOWN,1999-12-02 05:00:00.000,postgresql,0,9764,1,0,0,0
CVE-2000-0366,"dump in Debian GNU/Linux 2.1 does not properly restore symlinks, which allows a local user to modify the ownership of arbitrary files.",8.6,UNKNOWN,UNKNOWN,UNKNOWN,1999-12-02 05:00:00.000,debian,0,9764,26,0,0,0
CVE-1999-0825,The default permissions for UnixWare /var/mail allow local users to read and modify other users' mail.,8.6,UNKNOWN,UNKNOWN,UNKNOWN,1999-12-03 05:00:00.000,sco,0,9763,27,0,0,0
CVE-1999-0864,UnixWare programs that dump core allow a local user to modify files via a symlink attack on the ./core.pid file.,8.6,UNKNOWN,UNKNOWN,UNKNOWN,1999-12-03 05:00:00.000,sco,0,9763,27,0,0,0
CVE-1999-0865,Buffer overflow in CommuniGatePro via a long string to the HTTP configuration port.,8.6,UNKNOWN,UNKNOWN,UNKNOWN,1999-12-03 05:00:00.000,stalker,0,9763,2,0,0,0
CVE-1999-0866,Buffer overflow in UnixWare xauto program allows local users to gain root privilege.,8.6,UNKNOWN,UNKNOWN,UNKNOWN,1999-12-03 05:00:00.000,sco,0,9763,27,0,0,0
CVE-2000-0139,Internet Anywhere POP3 Mail Server allows local users to cause a denial of service via a malformed RETR command.,8.6,UNKNOWN,UNKNOWN,UNKNOWN,1999-12-03 05:00:00.000,true_north,0,9763,4,0,0,0
CVE-2000-0357,"ORBit and esound in Red Hat Linux 6.1 do not use sufficiently random numbers, which allows local users to guess the authentication keys.",8.6,UNKNOWN,UNKNOWN,UNKNOWN,1999-12-03 05:00:00.000,redhat,0,9763,24,0,0,0
CVE-2000-0358,ORBit and gnome-session in Red Hat Linux 6.1 allows remote attackers to crash a program.,8.6,UNKNOWN,UNKNOWN,UNKNOWN,1999-12-03 05:00:00.000,redhat,0,9763,24,0,0,0
CVE-1999-0988,UnixWare pkgtrans allows local users to read arbitrary files via a symlink attack.,8.6,UNKNOWN,UNKNOWN,UNKNOWN,1999-12-04 05:00:00.000,sco,0,9762,27,0,0,0
CVE-1999-0982,The Sun Web-Based Enterprise Management (WBEM) installation script stores a password in plaintext in a world readable file.,8.6,UNKNOWN,UNKNOWN,UNKNOWN,1999-12-05 05:00:00.000,sun,0,9761,115,0,0,0
CVE-1999-0990,Error messages generated by gdm with the VerboseAuth setting allows an attacker to identify valid users on a system.,8.6,UNKNOWN,UNKNOWN,UNKNOWN,1999-12-05 05:00:00.000,gnome,0,9761,2,0,0,0
CVE-1999-0989,Buffer overflow in Internet Explorer 5 directshow filter (MSDXM.OCX) allows remote attackers to execute commands via the vnd.ms.radio protocol.,8.6,UNKNOWN,UNKNOWN,UNKNOWN,1999-12-06 05:00:00.000,microsoft,0,9760,245,0,0,0
CVE-1999-0991,Buffer overflow in GoodTech Telnet Server NT allows remote users to cause a denial of service via a long login name.,8.6,UNKNOWN,UNKNOWN,UNKNOWN,1999-12-06 05:00:00.000,goodtech,0,9760,1,0,0,0
CVE-1999-0973,Buffer overflow in Solaris snoop program allows remote attackers to gain root privileges via a long domain name when snoop is running in verbose mode.,8.6,UNKNOWN,UNKNOWN,UNKNOWN,1999-12-07 05:00:00.000,sun,0,9759,115,0,0,0
CVE-1999-0976,"Sendmail allows local users to reinitialize the aliases database via the newaliases command, then cause a denial of service by interrupting Sendmail.",8.6,UNKNOWN,UNKNOWN,UNKNOWN,1999-12-07 05:00:00.000,eric_allman,0,9759,13,0,0,0
CVE-1999-0981,"Internet Explorer 5.01 and earlier allows a remote attacker to create a reference to a client window and use a server-side redirect to access local files via that window, aka ""Server-side Page Reference Redirect.""",8.6,UNKNOWN,UNKNOWN,UNKNOWN,1999-12-08 05:00:00.000,microsoft,0,9758,245,0,0,0
CVE-1999-0986,The ping command in Linux 2.0.3x allows local users to cause a denial of service by sending large packets with the -R (record route) option.,8.6,UNKNOWN,UNKNOWN,UNKNOWN,1999-12-08 05:00:00.000,debian,0,9758,26,0,0,0
CVE-1999-0972,Buffer overflow in Xshipwars xsw program.,8.6,UNKNOWN,UNKNOWN,UNKNOWN,1999-12-09 05:00:00.000,wolfpack_development,0,9757,1,0,0,0
CVE-1999-0974,Buffer overflow in Solaris snoop allows remote attackers to gain root privileges via GETQUOTA requests to the rpc.rquotad service.,8.6,UNKNOWN,UNKNOWN,UNKNOWN,1999-12-09 05:00:00.000,sun,0,9757,115,0,0,0
CVE-1999-0978,htdig allows remote attackers to execute commands via filenames with shell metacharacters.,8.6,UNKNOWN,UNKNOWN,UNKNOWN,1999-12-09 05:00:00.000,debian,0,9757,26,0,0,0
CVE-1999-0975,The Windows help system can allow a local user to execute commands as another user by editing a table of contents metafile with a .CNT extension and modifying the topic action to include the commands to be executed when the .hlp file is accessed.,8.6,UNKNOWN,UNKNOWN,UNKNOWN,1999-12-10 05:00:00.000,microsoft,0,9756,245,0,0,0
CVE-1999-0977,Buffer overflow in Solaris sadmind allows remote attackers to gain root privileges using a NETMGT_PROC_SERVICE request.,8.6,UNKNOWN,UNKNOWN,UNKNOWN,1999-12-10 05:00:00.000,sun,0,9756,115,0,0,0
CVE-1999-0289,The Apache web server for Win32 may provide access to restricted files when a . (dot) is appended to a requested URL.,8.6,UNKNOWN,UNKNOWN,UNKNOWN,1999-12-12 05:00:00.000,apache,0,9754,18,0,0,0
CVE-1999-1009,The Disney Go Express Search allows remote attackers to access and modify search information for users by connecting to an HTTP server on the user's system.,8.6,UNKNOWN,UNKNOWN,UNKNOWN,1999-12-12 05:00:00.000,disney,0,9754,1,0,0,0
CVE-1999-0993,Modifications to ACLs (Access Control Lists) in Microsoft Exchange  5.5 do not take effect until the directory store cache is refreshed.,8.6,UNKNOWN,UNKNOWN,UNKNOWN,1999-12-13 05:00:00.000,microsoft,0,9753,245,0,0,0
CVE-1999-1003,War FTP Daemon 1.70 allows remote attackers to cause a denial of service by flooding it with connections.,8.6,UNKNOWN,UNKNOWN,UNKNOWN,1999-12-13 05:00:00.000,jgaa,0,9753,2,0,0,0
CVE-1999-1007,Buffer overflow in VDO Live Player allows remote attackers to execute commands on the VDO client via a malformed .vdo file.,8.6,UNKNOWN,UNKNOWN,UNKNOWN,1999-12-13 05:00:00.000,vdonet,0,9753,1,0,0,0
CVE-1999-1010,"An SSH 1.2.27 server allows a client to use the ""none"" cipher, even if it is not allowed by the server policy.",8.6,UNKNOWN,UNKNOWN,UNKNOWN,1999-12-14 05:00:00.000,openbsd,0,9752,9,0,0,0
CVE-2000-0068,"daynad program in Intel InBusiness E-mail Station does not require authentication, which allows remote attackers to modify its configuration, delete files, or read mail.",8.6,UNKNOWN,UNKNOWN,UNKNOWN,1999-12-14 05:00:00.000,intel,0,9752,3,0,0,0
CVE-2000-0361,"The PPP wvdial.lxdialog script in wvdial 1.4 and earlier creates a .config file with world readable permissions, which allows a local attacker in the dialout group to access login and password information.",8.6,UNKNOWN,UNKNOWN,UNKNOWN,1999-12-14 05:00:00.000,suse,0,9752,8,0,0,0
CVE-1999-0934,classifieds.cgi allows remote attackers to read arbitrary files via shell metacharacters.,8.6,UNKNOWN,UNKNOWN,UNKNOWN,1999-12-15 05:00:00.000,UNKNOWN,0,9751,151,0,0,0
CVE-1999-0935,classifieds.cgi allows remote attackers to execute arbitrary commands by specifying them in a hidden variable in a CGI form.,8.6,UNKNOWN,UNKNOWN,UNKNOWN,1999-12-15 05:00:00.000,UNKNOWN,0,9751,151,0,0,0
CVE-1999-0996,Buffer overflow in Infoseek Ultraseek search engine allows remote attackers to execute commands via a long GET request.,8.6,UNKNOWN,UNKNOWN,UNKNOWN,1999-12-15 05:00:00.000,infoseek,0,9751,1,0,0,0
CVE-1999-0994,"Windows NT with SYSKEY reuses the keystream that is used for encrypting SAM password hashes, allowing an attacker to crack passwords.",8.6,UNKNOWN,UNKNOWN,UNKNOWN,1999-12-16 05:00:00.000,microsoft,0,9750,245,0,0,0
CVE-1999-0995,"Windows NT Local Security Authority (LSA) allows remote attackers to cause a denial of service via malformed arguments to the LsaLookupSids function which looks up the SID, aka ""Malformed Security Identifier Request.""",8.6,UNKNOWN,UNKNOWN,UNKNOWN,1999-12-16 05:00:00.000,microsoft,0,9750,245,0,0,0
CVE-1999-0998,Cisco Cache Engine allows an attacker to replace content in the cache.,8.6,UNKNOWN,UNKNOWN,UNKNOWN,1999-12-16 05:00:00.000,cisco,0,9750,41,0,0,0
CVE-1999-1000,The web administration interface for Cisco Cache Engine allows remote attackers to view performance statistics.,8.6,UNKNOWN,UNKNOWN,UNKNOWN,1999-12-16 05:00:00.000,cisco,0,9750,41,0,0,0
CVE-1999-1001,Cisco Cache Engine allows a remote attacker to gain access via a null username and password.,8.6,UNKNOWN,UNKNOWN,UNKNOWN,1999-12-16 05:00:00.000,cisco,0,9750,41,0,0,0
CVE-1999-1004,Buffer overflow in the POP server POProxy for the Norton Anti-Virus protection NAV2000 program via a large USER command.,8.6,UNKNOWN,UNKNOWN,UNKNOWN,1999-12-16 05:00:00.000,symantec,0,9750,5,0,0,0
CVE-1999-1005,Groupwise web server GWWEB.EXE allows remote attackers to read arbitrary files with .htm extensions via a .. (dot dot) attack using the HELP parameter.,8.6,UNKNOWN,UNKNOWN,UNKNOWN,1999-12-19 05:00:00.000,netscape,0,9747,27,0,0,0
CVE-1999-1006,Groupwise web server GWWEB.EXE allows remote attackers to determine the real path of the web server via the HELP parameter.,8.6,UNKNOWN,UNKNOWN,UNKNOWN,1999-12-19 05:00:00.000,novell,0,9747,7,0,0,0
CVE-1999-0997,"wu-ftp with FTP conversion enabled allows an attacker to execute commands via a malformed file name that is interpreted as an argument to the program that does the conversion, e.g. tar or uncompress.",8.6,UNKNOWN,UNKNOWN,UNKNOWN,1999-12-20 05:00:00.000,millenux_gmbh,0,9746,1,0,0,0
CVE-2000-0020,DNS PRO allows remote attackers to conduct a denial of service via a large number of connections.,8.6,UNKNOWN,UNKNOWN,UNKNOWN,1999-12-20 05:00:00.000,man_and_mice,0,9746,1,0,0,0
CVE-1999-1497,"Ipswitch IMail 5.0 and 6.0 uses weak encryption to store passwords in registry keys, which allows local attackers to read passwords for e-mail accounts.",8.6,UNKNOWN,UNKNOWN,UNKNOWN,1999-12-21 05:00:00.000,ipswitch,0,9745,8,0,0,0
CVE-2000-0017,Buffer overflow in Linux linuxconf package allows remote attackers to gain root privileges via a long parameter.,8.6,UNKNOWN,UNKNOWN,UNKNOWN,1999-12-21 05:00:00.000,redhat,0,9745,24,0,0,0
CVE-2000-0022,Lotus Domino HTTP server does not properly disable anonymous access for the cgi-bin directory.,8.6,UNKNOWN,UNKNOWN,UNKNOWN,1999-12-21 05:00:00.000,lotus,0,9745,4,0,0,0
CVE-2000-0023,Buffer overflow in Lotus Domino HTTP server allows remote attackers to cause a denial of service via a long URL.,8.6,UNKNOWN,UNKNOWN,UNKNOWN,1999-12-21 05:00:00.000,lotus,0,9745,4,0,0,0
CVE-2000-0024,"IIS does not properly canonicalize URLs, potentially allowing remote attackers to bypass access restrictions in third-party software via escape characters, aka the ""Escape Character Parsing"" vulnerability.",8.6,UNKNOWN,UNKNOWN,UNKNOWN,1999-12-21 05:00:00.000,microsoft,0,9745,245,0,0,0
CVE-2000-0025,"IIS 4.0 and Site Server 3.0 allow remote attackers to read source code for ASP files if the file is in a virtual directory whose name includes extensions such as .com, .exe, .sh, .cgi, or .dll, aka the ""Virtual Directory Naming"" vulnerability.",8.6,UNKNOWN,UNKNOWN,UNKNOWN,1999-12-21 05:00:00.000,microsoft,0,9745,245,0,0,0
CVE-2000-0026,Buffer overflow in UnixWare i2odialogd daemon allows remote attackers to gain root access via a long username/password authorization string.,8.6,UNKNOWN,UNKNOWN,UNKNOWN,1999-12-21 05:00:00.000,windowmaker,0,9745,3,0,0,0
CVE-1999-1066,"Quake 1 server responds to an initial UDP game connection request with a large amount of traffic, which allows remote attackers to use the server as an amplifier in a ""Smurf"" style attack on another host, by spoofing the connection request.",8.6,UNKNOWN,UNKNOWN,UNKNOWN,1999-12-22 05:00:00.000,sgi,0,9744,69,0,0,0
CVE-1999-1109,"Sendmail before 8.10.0 allows remote attackers to cause a denial of service by sending a series of ETRN commands then disconnecting from the server, while Sendmail continues to process the commands after the connection has been terminated.",8.6,UNKNOWN,UNKNOWN,UNKNOWN,1999-12-22 05:00:00.000,sendmail,0,9744,4,0,0,0
CVE-2000-0002,Buffer overflow in ZBServer Pro 1.50 allows remote attackers to execute commands via a long GET request.,8.6,UNKNOWN,UNKNOWN,UNKNOWN,1999-12-22 05:00:00.000,zbsoft,0,9744,2,0,0,0
CVE-2000-0018,wmmon in FreeBSD allows local users to gain privileges via the .wmmonrc configuration file.,8.6,UNKNOWN,UNKNOWN,UNKNOWN,1999-12-22 05:00:00.000,windowmaker,0,9744,3,0,0,0
CVE-2000-0030,Solaris dmispd dmi_cmd allows local users to fill up restricted disk space by adding files to the /var/dmi/db database.,8.6,UNKNOWN,UNKNOWN,UNKNOWN,1999-12-22 05:00:00.000,sun,0,9744,115,0,0,0
CVE-2000-0032,Solaris dmi_cmd allows local users to crash the dmispd daemon by adding a malformed file to the /var/dmi/db database.,8.6,UNKNOWN,UNKNOWN,UNKNOWN,1999-12-22 05:00:00.000,sun,0,9744,115,0,0,0
CVE-2000-0034,"Netscape 4.7 records user passwords in the preferences.js file during an IMAP or POP session, even if the user has not enabled ""remember passwords.""",8.6,UNKNOWN,UNKNOWN,UNKNOWN,1999-12-22 05:00:00.000,netscape,0,9744,27,0,0,0
CVE-2000-0036,"Outlook Express 5 for Macintosh downloads attachments to HTML mail without prompting the user, aka the ""HTML Mail Attachment"" vulnerability.",8.6,UNKNOWN,UNKNOWN,UNKNOWN,1999-12-22 05:00:00.000,microsoft,0,9744,245,0,0,0
CVE-2000-0119,"The default configurations for McAfee Virus Scan and Norton Anti-Virus virus checkers do not check files in the RECYCLED folder that is used by the Windows Recycle Bin utility, which allows attackers to store malicious code without detection.",8.6,UNKNOWN,UNKNOWN,UNKNOWN,1999-12-22 05:00:00.000,mcafee,0,9744,2,0,0,0
CVE-2000-0001,RealMedia server allows remote attackers to cause a denial of service via a long ramgen request.,8.6,UNKNOWN,UNKNOWN,UNKNOWN,1999-12-23 05:00:00.000,realnetworks,0,9743,5,0,0,0
CVE-2000-0028,Internet Explorer 5.0 and 5.01 allows remote attackers to bypass the cross frame security policy and read files via the external.NavigateAndFind function.,8.6,UNKNOWN,UNKNOWN,UNKNOWN,1999-12-23 05:00:00.000,microsoft,0,9743,245,0,0,0
CVE-2000-0038,glFtpD includes a default glftpd user account with a default password and a UID of 0.,8.6,UNKNOWN,UNKNOWN,UNKNOWN,1999-12-23 05:00:00.000,glftpd,0,9743,2,0,0,0
CVE-2000-0040,glFtpD allows local users to gain privileges via metacharacters in the SITE ZIPCHK command.,8.6,UNKNOWN,UNKNOWN,UNKNOWN,1999-12-23 05:00:00.000,glftpd,0,9743,2,0,0,0
CVE-1999-0892,Buffer overflow in Netscape Communicator before 4.7 via a dynamic font whose length field is less than the size of the font.,8.6,UNKNOWN,UNKNOWN,UNKNOWN,1999-12-24 05:00:00.000,netscape,0,9742,27,0,0,0
CVE-1999-0455,"The Expression Evaluator sample application in ColdFusion allows remote attackers to read or delete files on the server via exprcalc.cfm, which does not restrict access to the server properly.",8.6,UNKNOWN,UNKNOWN,UNKNOWN,1999-12-25 05:00:00.000,allaire,0,9741,2,0,0,0
CVE-1999-0477,"The Expression Evaluator in the ColdFusion Application Server allows a remote attacker to upload files to the server via openfile.cfm, which does not restrict access to the server properly.",8.6,UNKNOWN,UNKNOWN,UNKNOWN,1999-12-25 05:00:00.000,allaire,0,9741,2,0,0,0
CVE-2000-0006,strace allows local users to read arbitrary files via memory mapped file names.,8.6,UNKNOWN,UNKNOWN,UNKNOWN,1999-12-25 05:00:00.000,paul_kranenburg,0,9741,1,0,0,0
CVE-2000-0008,"FTPPro allows local users to read sensitive information, which is stored in plain text.",8.6,UNKNOWN,UNKNOWN,UNKNOWN,1999-12-26 05:00:00.000,1st_choice_software,0,9740,1,0,0,0
CVE-2000-0010,WebWho+ whois.cgi program allows remote attackers to execute commands via shell metacharacters in the TLD parameter.,8.6,UNKNOWN,UNKNOWN,UNKNOWN,1999-12-26 05:00:00.000,tony_greenwood,0,9740,1,0,0,0
CVE-2000-0012,Buffer overflow in w3-msql CGI program in miniSQL package allows remote attackers to execute commands.,8.6,UNKNOWN,UNKNOWN,UNKNOWN,1999-12-27 05:00:00.000,hughes,0,9739,4,0,0,0
CVE-2000-0027,IBM Network Station Manager NetStation allows local users to gain privileges via a symlink attack.,8.6,UNKNOWN,UNKNOWN,UNKNOWN,1999-12-27 05:00:00.000,ibm,0,9739,55,0,0,0
CVE-2000-0029,UnixWare pis and mkpis commands allow local users to gain privileges via a symlink attack.,8.6,UNKNOWN,UNKNOWN,UNKNOWN,1999-12-27 05:00:00.000,sco,0,9739,27,0,0,0
CVE-2000-0033,InterScan VirusWall SMTP scanner does not properly scan messages with malformed attachments.,8.6,UNKNOWN,UNKNOWN,UNKNOWN,1999-12-27 05:00:00.000,trend_micro,0,9739,5,0,0,0
CVE-2019-18988,"TeamViewer Desktop through 14.7.1965 allows a bypass of remote-login access control because the same key is used for different customers' installations. It used a shared AES key for all installations since at least as far back as v7.0.43148, and used it for at least OptionsPasswordAES in the current version of the product. If an attacker were to know this key, they could decrypt protect information stored in the registry or configuration files of TeamViewer. With versions before v9.x , this allowed for attackers to decrypt the Unattended Access password to the system (which allows for remote login to the system as well as headless file browsing). The latest version still uses the same key for OptionPasswordAES but appears to have changed how the Unattended Access password is stored. While in most cases an attacker requires an existing session on a system, if the registry/configuration keys were stored off of the machine (such as in a file share or online), an attacker could then decrypt the required password to login to the system.",7.0,LOCAL,LOW,NONE,2020-02-07 16:15:10.033,teamviewer,1,2392,1,0,1,0
CVE-2015-7755,"Juniper ScreenOS 6.2.0r15 through 6.2.0r18, 6.3.0r12 before 6.3.0r12b, 6.3.0r13 before 6.3.0r13b, 6.3.0r14 before 6.3.0r14b, 6.3.0r15 before 6.3.0r15b, 6.3.0r16 before 6.3.0r16b, 6.3.0r17 before 6.3.0r17b, 6.3.0r18 before 6.3.0r18b, 6.3.0r19 before 6.3.0r19b, and 6.3.0r20 before 6.3.0r21 allows remote attackers to obtain administrative access by entering an unspecified password during a (1) SSH or (2) TELNET session.",9.8,NETWORK,NONE,NONE,2015-12-19 14:59:01.453,juniper,1,3903,2,1,1,1
CVE-2008-0655,Multiple unspecified vulnerabilities in Adobe Reader and Acrobat before 8.1.2 have unknown impact and attack vectors.,8.8,NETWORK,NONE,REQUIRED,2008-02-07 21:00:00.000,adobe,1,6775,15,1,0,1
CVE-2026-20131,"A vulnerability in the web-based management interface of Cisco Secure Firewall Management Center (FMC) Software could allow an unauthenticated, remote attacker to execute arbitrary Java code as root&nbsp;on an affected device.

This vulnerability is due to insecure deserialization of a user-supplied Java byte stream. An attacker could exploit this vulnerability by sending a crafted serialized Java object to the web-based management interface of an affected device. A successful exploit could allow the attacker to execute arbitrary code on the device and elevate privileges to root.
Note: If the FMC management interface does not have public internet access, the attack surface that is associated with this vulnerability is reduced.",10.0,NETWORK,NONE,NONE,2026-03-04 18:16:27.153,cisco,1,175,41,1,1,1
CVE-2025-64446,"A relative path traversal vulnerability in Fortinet FortiWeb 8.0.0 through 8.0.1, FortiWeb 7.6.0 through 7.6.4, FortiWeb 7.4.0 through 7.4.9, FortiWeb 7.2.0 through 7.2.11, FortiWeb 7.0.0 through 7.0.11 may allow an attacker to execute administrative commands on the system via crafted HTTP or HTTPS requests.",9.8,NETWORK,NONE,NONE,2025-11-14 16:15:58.567,fortinet,1,285,6,1,1,1
CVE-2014-6352,"Microsoft Windows Vista SP2, Windows Server 2008 SP2 and R2 SP1, Windows 7 SP1, Windows 8, Windows 8.1, Windows Server 2012 Gold and R2, and Windows RT Gold and 8.1 allow remote attackers to execute arbitrary code via a crafted OLE object, as exploited in the wild in October 2014 with a crafted PowerPoint document.",7.8,LOCAL,NONE,REQUIRED,2014-10-22 14:55:06.247,microsoft,1,4326,245,1,0,0
CVE-2023-34192,Cross Site Scripting vulnerability in Zimbra ZCS v.8.8.15 allows a remote authenticated attacker to execute arbitrary code via a crafted script to the /h/autoSaveDraft function.,9.0,NETWORK,LOW,REQUIRED,2023-07-06 16:15:10.047,synacor,1,1147,7,0,0,1
CVE-2018-5430,"The Spring web flows of TIBCO Software Inc.'s TIBCO JasperReports Server, TIBCO JasperReports Server Community Edition, TIBCO JasperReports Server for ActiveMatrix BPM, TIBCO Jaspersoft for AWS with Multi-Tenancy, and TIBCO Jaspersoft Reporting and Analytics for AWS contain a vulnerability which may allow any authenticated user read-only access to the contents of the web application, including key configuration files. Affected releases include TIBCO Software Inc.'s TIBCO JasperReports Server: versions up to and including 6.2.4; 6.3.0; 6.3.2; 6.3.3;6.4.0; 6.4.2, TIBCO JasperReports Server Community Edition: versions up to and including 6.4.2, TIBCO JasperReports Server for ActiveMatrix BPM: versions up to and including 6.4.2, TIBCO Jaspersoft for AWS with Multi-Tenancy: versions up to and including 6.4.2, TIBCO Jaspersoft Reporting and Analytics for AWS: versions up to and including 6.4.2.",8.8,NETWORK,LOW,NONE,2018-04-17 18:29:00.293,tibco,1,3053,1,0,1,1
CVE-2017-9841,"Util/PHP/eval-stdin.php in PHPUnit before 4.8.28 and 5.x before 5.6.3 allows remote attackers to execute arbitrary PHP code via HTTP POST data beginning with a ""<?php "" substring, as demonstrated by an attack on a site with an exposed /vendor folder, i.e., external access to the /vendor/phpunit/phpunit/src/Util/PHP/eval-stdin.php URI.",9.8,NETWORK,NONE,NONE,2017-06-27 17:29:00.177,phpunit_project,1,3347,1,1,1,1
CVE-2025-67038,An issue was discovered in Lantronix EDS5000 2.1.0.0R3. The HTTP RPC module executes a shell command to write logs when user's authantication fails. The username is directly concatenated with the command without any sanitization. This allow attackers to inject arbitrary OS commands into the username parameter. Injected commands are executed with root privileges.,9.8,NETWORK,NONE,NONE,2026-03-11 17:16:52.010,lantronix,1,168,1,1,1,1
CVE-2019-6340,"Some field types do not properly sanitize data from non-form sources in Drupal 8.5.x before 8.5.11 and Drupal 8.6.x before 8.6.10. This can lead to arbitrary PHP code execution in some cases. A site is only affected by this if one of the following conditions is met: The site has the Drupal 8 core RESTful Web Services (rest) module enabled and allows PATCH or POST requests, or the site has another web services module enabled, like JSON:API in Drupal 8, or Services or RESTful Web Services in Drupal 7. (Note: The Drupal 7 Services module itself does not require an update at this time, but you should apply other contributed updates associated with this advisory if Services is in use.)",8.1,NETWORK,NONE,NONE,2019-02-21 21:29:00.343,drupal,1,2743,1,1,1,1
CVE-2023-25280,OS Command injection vulnerability in D-Link DIR820LA1_FW105B03 allows attackers to escalate privileges to root via a crafted payload with the ping_addr parameter to ping.ccp.,9.8,NETWORK,NONE,NONE,2023-03-16 01:15:46.780,dlink,1,1259,9,1,1,1
CVE-2016-0189,"The Microsoft (1) JScript 5.8 and (2) VBScript 5.7 and 5.8 engines, as used in Internet Explorer 9 through 11 and other products, allow remote attackers to execute arbitrary code or cause a denial of service (memory corruption) via a crafted web site, aka ""Scripting Engine Memory Corruption Vulnerability,"" a different vulnerability than CVE-2016-0187.",7.5,NETWORK,NONE,REQUIRED,2016-05-11 01:59:30.537,microsoft,1,3759,245,1,0,1
CVE-2024-37079,vCenter Server contains a heap-overflow vulnerability in the implementation of the DCERPC protocol. A malicious actor with network access to vCenter Server may trigger this vulnerability by sending a specially crafted network packet potentially leading to remote code execution.,9.8,NETWORK,NONE,NONE,2024-06-18 06:15:11.350,vmware,1,799,5,1,1,1
CVE-2014-0196,"The n_tty_write function in drivers/tty/n_tty.c in the Linux kernel through 3.14.3 does not properly manage tty driver access in the ""LECHO & !OPOST"" case, which allows local users to cause a denial of service (memory corruption and system crash) or gain privileges by triggering a race condition involving read and write operations with long strings.",5.5,LOCAL,LOW,NONE,2014-05-07 10:55:04.337,linux,1,4494,24,0,1,0
CVE-2026-42897,Improper neutralization of input during web page generation ('cross-site scripting') in Microsoft Exchange Server allows an unauthorized attacker to perform spoofing over a network.,8.1,NETWORK,NONE,REQUIRED,2026-05-14 18:16:49.360,microsoft,1,104,245,1,0,1
CVE-2018-14558,"An issue was discovered on Tenda AC7 devices with firmware through V15.03.06.44_CN(AC7), AC9 devices with firmware through V15.03.05.19(6318)_CN(AC9), and AC10 devices with firmware through V15.03.06.23_CN(AC10). A command Injection vulnerability allows attackers to execute arbitrary OS commands via a crafted goform/setUsbUnload request. This occurs because the ""formsetUsbUnload"" function executes a dosystemCmd function with untrusted input.",9.8,NETWORK,NONE,NONE,2018-10-30 18:29:00.580,tenda,1,2857,1,1,1,1
CVE-2022-21587,"Vulnerability in the Oracle Web Applications Desktop Integrator product of Oracle E-Business Suite (component: Upload). Supported versions that are affected are 12.2.3-12.2.11. Easily exploitable vulnerability allows unauthenticated attacker with network access via HTTP to compromise Oracle Web Applications Desktop Integrator. Successful attacks of this vulnerability can result in takeover of Oracle Web Applications Desktop Integrator. CVSS 3.1 Base Score 9.8 (Confidentiality, Integrity and Availability impacts). CVSS Vector: (CVSS:3.1/AV:N/AC:L/PR:N/UI:N/S:U/C:H/I:H/A:H).",9.8,NETWORK,NONE,NONE,2022-10-18 21:15:10.960,oracle,1,1408,15,1,1,1
CVE-2022-22706,"Arm Mali GPU Kernel Driver allows a non-privileged user to achieve write access to read-only memory pages. This affects Midgard r26p0 through r31p0, Bifrost r0p0 through r35p0, and Valhall r19p0 through r35p0.",7.8,LOCAL,LOW,NONE,2022-03-03 15:15:08.610,arm,1,1637,1,0,1,0
CVE-2019-16928,"Exim 4.92 through 4.92.2 allows remote code execution, a different vulnerability than CVE-2019-15846. There is a heap-based buffer overflow in string_vformat in string.c involving a long EHLO command.",9.8,NETWORK,NONE,NONE,2019-09-27 21:15:10.017,exim,1,2525,1,1,1,1
CVE-2018-11138,The '/common/download_agent_installer.php' script in the Quest KACE System Management Appliance 8.0.318 is accessible by anonymous users and can be abused to execute arbitrary commands on the system.,9.8,NETWORK,NONE,NONE,2018-05-31 18:29:00.557,quest,1,3009,1,1,1,1
CVE-2025-24200,"An authorization issue was addressed with improved state management. This issue is fixed in iOS 15.8.4 and iPadOS 15.8.4, iOS 16.7.11 and iPadOS 16.7.11, iOS 18.3.1 and iPadOS 18.3.1, iPadOS 17.7.5. A physical attack may disable USB Restricted Mode on a locked device. Apple is aware of a report that this issue may have been exploited in an extremely sophisticated attack against specific targeted individuals.",6.1,PHYSICAL,NONE,NONE,2025-02-10 19:15:40.107,apple,1,562,32,1,1,0
CVE-2023-32435,"A memory corruption issue was addressed with improved state management. This issue is fixed in macOS Ventura 13.3, Safari 16.4, iOS 16.4 and iPadOS 16.4, iOS 15.7.7 and iPadOS 15.7.7. Processing web content may lead to arbitrary code execution. Apple is aware of a report that this issue may have been actively exploited against versions of iOS released before iOS 15.7.",8.8,NETWORK,NONE,REQUIRED,2023-06-23 18:15:13.767,apple,1,1160,32,1,0,1
CVE-2023-41992,"The issue was addressed with improved checks. This issue is fixed in macOS Monterey 12.7, iOS 16.7 and iPadOS 16.7, macOS Ventura 13.6. A local attacker may be able to elevate their privileges. Apple is aware of a report that this issue may have been actively exploited against versions of iOS before iOS 16.7.",7.8,LOCAL,LOW,NONE,2023-09-21 19:15:11.520,apple,1,1070,32,0,1,0
CVE-2021-44026,Roundcube before 1.3.17 and 1.4.x before 1.4.12 is prone to a potential SQL injection via search or search_params.,9.8,NETWORK,NONE,NONE,2021-11-19 04:15:07.197,roundcube,1,1741,1,1,1,1
CVE-2008-0015,"Stack-based buffer overflow in the CComVariant::ReadFromStream function in the Active Template Library (ATL), as used in the MPEG2TuneRequest ActiveX control in msvidctl.dll in DirectShow, in Microsoft Windows 2000 SP4, XP SP2 and SP3, Server 2003 SP2, Vista Gold, SP1, and SP2, and Server 2008 Gold and SP2 allows remote attackers to execute arbitrary code via a crafted web page, as exploited in the wild in July 2009, aka ""Microsoft Video ActiveX Control Vulnerability.""",8.8,NETWORK,NONE,REQUIRED,2009-07-07 23:30:00.187,microsoft,1,6258,245,1,0,1
CVE-2013-1690,"Mozilla Firefox before 22.0, Firefox ESR 17.x before 17.0.7, Thunderbird before 17.0.7, and Thunderbird ESR 17.x before 17.0.7 do not properly handle onreadystatechange events in conjunction with page reloading, which allows remote attackers to cause a denial of service (application crash) or possibly execute arbitrary code via a crafted web site that triggers an attempt to execute data at an unmapped memory location.",8.8,NETWORK,NONE,REQUIRED,2013-06-26 03:19:10.793,mozilla,1,4809,1,1,0,1
CVE-2021-23874,Arbitrary Process Execution vulnerability in McAfee Total Protection (MTP) prior to 16.0.30 allows a local user to gain elevated privileges and execute arbitrary code bypassing MTP self-defense.,8.2,LOCAL,LOW,REQUIRED,2021-02-10 11:15:12.943,mcafee,1,2023,2,0,0,0
CVE-2021-26857,Microsoft Exchange Server Remote Code Execution Vulnerability,7.8,LOCAL,NONE,REQUIRED,2021-03-03 00:15:12.167,microsoft,1,2002,245,1,0,0
CVE-2025-48700,"An issue was discovered in Zimbra Collaboration (ZCS) 8.8.15 and 9.0 and 10.0 and 10.1. A Cross-Site Scripting (XSS) vulnerability in the Zimbra Classic UI allows attackers to execute arbitrary JavaScript within the user's session, potentially leading to unauthorized access to sensitive information. This issue arises from insufficient sanitization of HTML content, specifically involving crafted tag structures and attribute values that include an @import directive and other script injection vectors. The vulnerability is triggered when a user views a crafted e-mail message in the Classic UI, requiring no additional user interaction.",6.1,NETWORK,NONE,REQUIRED,2025-06-23 15:15:27.930,synacor,1,429,7,1,0,1
CVE-2023-2136,Integer overflow in Skia in Google Chrome prior to 112.0.5615.137 allowed a remote attacker who had compromised the renderer process to potentially perform a sandbox escape via a crafted HTML page. (Chromium security severity: High),9.6,NETWORK,NONE,REQUIRED,2023-04-19 04:15:31.607,google,1,1225,17,1,0,1
CVE-2024-38189,Microsoft Project Remote Code Execution Vulnerability,8.8,NETWORK,NONE,REQUIRED,2024-08-13 18:15:27.733,microsoft,1,743,245,1,0,1
CVE-2025-31200,"A memory corruption issue was addressed with improved bounds checking. This issue is fixed in iOS 18.4.1 and iPadOS 18.4.1, macOS Sequoia 15.4.1, tvOS 18.4.1, visionOS 2.4.1, watchOS 11.5. Processing an audio stream in a maliciously crafted media file may result in code execution. Apple is aware of a report that this issue may have been exploited in an extremely sophisticated attack against specific targeted individuals on versions of iOS released before iOS 18.4.1.",9.8,NETWORK,NONE,NONE,2025-04-16 19:15:54.540,apple,1,497,32,1,1,1
CVE-2021-36955,Windows Common Log File System Driver Elevation of Privilege Vulnerability,7.8,LOCAL,LOW,NONE,2021-09-15 12:15:13.197,microsoft,1,1806,245,0,1,0
CVE-2023-48365,"Qlik Sense Enterprise for Windows before August 2023 Patch 2 allows unauthenticated remote code execution, aka QB-21683. Due to improper validation of HTTP headers, a remote attacker is able to elevate their privilege by tunneling HTTP requests, allowing them to execute HTTP requests on the backend server that hosts the repository application. The fixed versions are August 2023 Patch 2, May 2023 Patch 6, February 2023 Patch 10, November 2022 Patch 12, August 2022 Patch 14, May 2022 Patch 16, February 2022 Patch 15, and November 2021 Patch 17. NOTE: this issue exists because of an incomplete fix for CVE-2023-41265.",9.6,NETWORK,LOW,NONE,2023-11-15 22:15:28.027,qlik,1,1015,1,0,1,1
CVE-2025-68686,"An Exposure of Sensitive Information to an Unauthorized Actor vulnerability [CWE-200] vulnerability in Fortinet FortiOS 7.6.0 through 7.6.1, FortiOS 7.4.0 through 7.4.6, FortiOS 7.2 all versions, FortiOS 7.0 all versions, FortiOS 6.4 all versions may allow a remote unauthenticated attacker to bypass the patch developed for the symbolic link persistency mechanism observed in some post-exploit cases, via crafted HTTP requests. An attacker would need first to have compromised the product via another vulnerability, at filesystem level.",5.9,NETWORK,NONE,NONE,2026-02-10 16:16:09.630,fortinet,1,197,6,1,1,1
CVE-2024-21182,"Vulnerability in the Oracle WebLogic Server product of Oracle Fusion Middleware (component: Core).  Supported versions that are affected are 12.2.1.4.0 and  14.1.1.0.0. Easily exploitable vulnerability allows unauthenticated attacker with network access via T3, IIOP to compromise Oracle WebLogic Server.  Successful attacks of this vulnerability can result in  unauthorized access to critical data or complete access to all Oracle WebLogic Server accessible data. CVSS 3.1 Base Score 7.5 (Confidentiality impacts).  CVSS Vector: (CVSS:3.1/AV:N/AC:L/PR:N/UI:N/S:U/C:H/I:N/A:N).",7.5,NETWORK,NONE,NONE,2024-07-16 23:15:22.660,oracle,1,770,15,1,1,1
CVE-2024-49039,Windows Task Scheduler Elevation of Privilege Vulnerability,8.8,LOCAL,LOW,NONE,2024-11-12 18:15:44.160,microsoft,1,652,245,0,1,0
CVE-2025-6543,"Memory overflow vulnerability leading to unintended control flow and Denial of Service in NetScaler ADC and NetScaler Gateway when configured as Gateway (VPN virtual server, ICA Proxy, CVPN, RDP Proxy) OR AAA virtual server",9.8,NETWORK,NONE,NONE,2025-06-25 13:15:27.293,citrix,1,427,7,1,1,1
CVE-2022-20700,"Multiple vulnerabilities in Cisco Small Business RV160, RV260, RV340, and RV345 Series Routers could allow an attacker to do any of the following: Execute arbitrary code Elevate privileges Execute arbitrary commands Bypass authentication and authorization protections Fetch and run unsigned software Cause denial of service (DoS) For more information about these vulnerabilities, see the Details section of this advisory.",10.0,NETWORK,NONE,NONE,2022-02-10 18:15:09.033,cisco,1,1658,41,1,1,1
CVE-2021-34523,Microsoft Exchange Server Elevation of Privilege Vulnerability,9.0,LOCAL,NONE,NONE,2021-07-14 18:15:12.347,microsoft,1,1869,245,1,1,0
CVE-2020-9819,"A memory consumption issue was addressed with improved memory handling. This issue is fixed in iOS 13.5 and iPadOS 13.5, iOS 12.4.7, watchOS 6.2.5, watchOS 5.3.7. Processing a maliciously crafted mail message may lead to heap corruption.",4.3,NETWORK,NONE,REQUIRED,2020-06-09 17:15:13.377,apple,1,2269,32,1,0,1
CVE-2023-47246,"In SysAid On-Premise before 23.3.36, a path traversal vulnerability leads to code execution after an attacker writes a file to the Tomcat webroot, as exploited in the wild in November 2023.",9.8,NETWORK,NONE,NONE,2023-11-10 06:15:30.510,sysaid,1,1020,1,1,1,1
CVE-2025-27920,"Output Messenger before 2.0.63 was vulnerable to a directory traversal attack through improper file path handling. By using ../ sequences in parameters, attackers could access sensitive files outside the intended directory, potentially leading to configuration leakage or arbitrary file access.",7.2,NETWORK,NONE,NONE,2025-05-05 16:15:50.857,srimax,1,478,1,1,1,1
CVE-2025-61884,Vulnerability in the Oracle Configurator product of Oracle E-Business Suite (component: Runtime UI).  Supported versions that are affected are 12.2.3-12.2.14. Easily exploitable vulnerability allows unauthenticated attacker with network access via HTTP to compromise Oracle Configurator.  Successful attacks of this vulnerability can result in  unauthorized access to critical data or complete access to all Oracle Configurator accessible data. CVSS 3.1 Base Score 7.5 (Confidentiality impacts).  CVSS Vector: (CVSS:3.1/AV:N/AC:L/PR:N/UI:N/S:U/C:H/I:N/A:N).,7.5,NETWORK,NONE,NONE,2025-10-12 03:15:34.720,oracle,1,318,15,1,1,1
CVE-2024-13159,Absolute path traversal in Ivanti EPM before the 2024 January-2025 Security Update and 2022 SU6 January-2025 Security Update allows a remote unauthenticated attacker to leak sensitive information.,9.8,NETWORK,NONE,NONE,2025-01-14 18:15:26.243,ivanti,1,589,9,1,1,1
CVE-2022-35914,/vendor/htmlawed/htmlawed/htmLawedTest.php in the htmlawed module for GLPI through 10.0.2 allows PHP code injection.,9.8,NETWORK,NONE,NONE,2022-09-19 16:15:11.253,glpi-project,1,1437,1,1,1,1
CVE-2015-5317,The Fingerprints pages in Jenkins before 1.638 and LTS before 1.625.2 might allow remote attackers to obtain sensitive job and build name information via a direct request.,7.5,NETWORK,NONE,NONE,2015-11-25 20:59:07.680,jenkins,1,3927,1,1,1,1
CVE-2017-8543,"Microsoft Windows XP SP3, Windows XP x64 XP2, Windows Server 2003 SP2, Windows Vista, Windows 7 SP1, Windows Server 2008 SP2 and R2 SP1, Windows 8, Windows 8.1 and Windows RT 8.1, Windows Server 2012 and R2, Windows 10 Gold, 1511, 1607, and 1703, and Windows Server 2016 allow an attacker to take control of the affected system when Windows Search fails to handle objects in memory, aka ""Windows Search Remote Code Execution Vulnerability"".",9.8,NETWORK,NONE,NONE,2017-06-15 01:29:04.490,microsoft,1,3359,245,1,1,1
CVE-2022-22718,Windows Print Spooler Elevation of Privilege Vulnerability,7.8,LOCAL,LOW,NONE,2022-02-09 17:15:10.280,microsoft,1,1659,245,0,1,0
CVE-2023-49897,"An OS command injection vulnerability exists in AE1021PE firmware version 2.0.9 and earlier and AE1021 firmware version 2.0.9 and earlier. If this vulnerability is exploited, an arbitrary OS command may be executed by an attacker who can log in to the product.",8.8,NETWORK,LOW,NONE,2023-12-06 07:15:41.883,fxc,1,994,1,0,1,1
CVE-2020-1147,"A remote code execution vulnerability exists in .NET Framework, Microsoft SharePoint, and Visual Studio when the software fails to check the source markup of XML file input, aka '.NET Framework, SharePoint Server, and Visual Studio Remote Code Execution Vulnerability'.",7.8,LOCAL,NONE,REQUIRED,2020-07-14 23:15:12.057,microsoft,1,2233,245,1,0,0
CVE-2023-6548,"Improper Control of Generation of Code ('Code Injection') in NetScaler ADC and NetScaler Gateway allows an attacker with access to NSIP, CLIP or SNIP with management interface to perform Authenticated (low privileged) remote code execution on Management Interface.",5.5,ADJACENT_NETWORK,LOW,NONE,2024-01-17 20:15:50.627,citrix,1,952,7,0,1,0
CVE-2023-45727,"Proself Enterprise/Standard Edition Ver5.62 and earlier, Proself Gateway Edition Ver1.65 and earlier, and Proself Mail Sanitize Edition Ver1.08 and earlier allow a remote unauthenticated attacker to conduct XML External Entity (XXE) attacks. By processing a specially crafted request containing malformed XML data, arbitrary files on the server containing account information may be read by the attacker.",7.5,NETWORK,NONE,NONE,2023-10-18 10:15:08.643,northgrid,1,1043,1,1,1,1
CVE-2024-7593,Incorrect implementation of an authentication algorithm in Ivanti vTM other than versions 22.2R1 or 22.7R2 allows a remote unauthenticated attacker to bypass authentication of the admin panel.,9.8,NETWORK,NONE,NONE,2024-08-13 19:15:16.940,ivanti,1,743,9,1,1,1
CVE-2022-4262,Type confusion in V8 in Google Chrome prior to 108.0.5359.94 allowed a remote attacker to potentially exploit heap corruption via a crafted HTML page. (Chromium security severity: High),8.8,NETWORK,NONE,REQUIRED,2022-12-02 21:15:12.247,google,1,1363,17,1,0,1
CVE-2025-47812,"In Wing FTP Server before 7.4.4. the user and admin web interfaces mishandle '\0' bytes, ultimately allowing injection of arbitrary Lua code into user session files. This can be used to execute arbitrary system commands with the privileges of the FTP service (root or SYSTEM by default). This is thus a remote code execution vulnerability that guarantees a total server compromise. This is also exploitable via anonymous FTP accounts.",10.0,NETWORK,NONE,NONE,2025-07-10 17:15:47.210,wftpserver,1,412,1,1,1,1
CVE-2010-0840,"Unspecified vulnerability in the Java Runtime Environment component in Oracle Java SE and Java for Business 6 Update 18, 5.0 Update 23, and 1.4.2_25 allows remote attackers to affect confidentiality, integrity, and availability via unknown vectors.  NOTE: the previous information was obtained from the March 2010 CPU.  Oracle has not commented on claims from a reliable researcher that this is related to improper checks when executing privileged methods in the Java Runtime Environment (JRE), which allows attackers to execute arbitrary code via (1) an untrusted object that extends the trusted class but has not modified a certain method, or (2) ""a similar trust issue with interfaces,"" aka ""Trusted Methods Chaining Remote Code Execution Vulnerability.""",9.8,NETWORK,NONE,NONE,2010-04-01 16:30:00.907,oracle,1,5991,15,1,1,1
CVE-2022-20775,"A vulnerability in the CLI of Cisco SD-WAN Software could allow an authenticated, local attacker to gain elevated privileges.

This vulnerability is due to improper access controls on commands within the application CLI. An attacker could exploit this vulnerability by running a maliciously crafted command on the application CLI. A successful exploit could allow the attacker to execute arbitrary commands as the root user.
Cisco has released software updates that address this vulnerability. There are no workarounds that address this vulnerability.
https://sec.cloudapps.cisco.com/security/center/content/CiscoSecurityAdvisory/cisco-sa-sd-wan-priv-E6e8tEdF",7.8,LOCAL,LOW,NONE,2022-09-30 19:15:11.467,cisco,1,1426,41,0,1,0
CVE-2012-0518,"Unspecified vulnerability in the Oracle Application Server Single Sign-On component in Oracle Fusion Middleware 10.1.4.3.0 allows remote attackers to affect integrity via unknown vectors related to Redirects, a different vulnerability than CVE-2012-3175.",4.7,NETWORK,NONE,REQUIRED,2012-10-16 23:55:03.087,oracle,1,5061,15,1,0,1
CVE-2025-24983,Use after free in Windows Win32 Kernel Subsystem allows an authorized attacker to elevate privileges locally.,7.0,LOCAL,LOW,NONE,2025-03-11 17:16:33.890,microsoft,1,533,245,0,1,0
CVE-2024-21762,"A out-of-bounds write in Fortinet FortiOS versions 7.4.0 through 7.4.2, 7.2.0 through 7.2.6, 7.0.0 through 7.0.13, 6.4.0 through 6.4.14, 6.2.0 through 6.2.15, 6.0.0 through 6.0.17, FortiProxy versions 7.4.0 through 7.4.2, 7.2.0 through 7.2.8, 7.0.0 through 7.0.14, 2.0.0 through 2.0.13, 1.2.0 through 1.2.13, 1.1.0 through 1.1.6, 1.0.0 through 1.0.7 allows attacker to execute unauthorized code or commands via specifically crafted requests",9.8,NETWORK,NONE,NONE,2024-02-09 09:15:08.087,fortinet,1,929,6,1,1,1
CVE-2018-13379,"An Improper Limitation of a Pathname to a Restricted Directory (""Path Traversal"") in Fortinet FortiOS 6.0.0 to 6.0.4, 5.6.3 to 5.6.7 and 5.4.6 to 5.4.12 and FortiProxy 2.0.0, 1.2.0 to 1.2.8, 1.1.0 to 1.1.6, 1.0.0 to 1.0.7 under SSL VPN web portal allows an unauthenticated attacker to download system files via special crafted HTTP resource requests.",9.1,NETWORK,NONE,NONE,2019-06-04 21:29:00.233,fortinet,1,2640,6,1,1,1
CVE-2023-29552,"The Service Location Protocol (SLP, RFC 2608) allows an unauthenticated, remote attacker to register arbitrary services. This could allow the attacker to use spoofed UDP traffic to conduct a denial-of-service attack with a significant amplification factor.",7.5,NETWORK,NONE,NONE,2023-04-25 16:15:09.537,netapp,1,1219,2,1,1,1
CVE-2018-8589,"An elevation of privilege vulnerability exists when Windows improperly handles calls to Win32k.sys, aka ""Windows Win32k Elevation of Privilege Vulnerability."" This affects Windows Server 2008, Windows 7, Windows Server 2008 R2.",7.8,LOCAL,LOW,NONE,2018-11-14 01:29:02.067,microsoft,1,2842,245,0,1,0
CVE-2023-20269,"A vulnerability in the remote access VPN feature of Cisco Adaptive Security Appliance (ASA) Software and Cisco Firepower Threat Defense (FTD) Software could allow an unauthenticated, remote attacker to conduct a brute force attack in an attempt to identify valid username and password combinations or an authenticated, remote attacker to establish a clientless SSL VPN session with an unauthorized user.
 This vulnerability is due to improper separation of authentication, authorization, and accounting (AAA) between the remote access VPN feature and the HTTPS management and site-to-site VPN features. An attacker could exploit this vulnerability by specifying a default connection profile/tunnel group while conducting a brute force attack or while establishing a clientless SSL VPN session using valid credentials. A successful exploit could allow the attacker to achieve one or both of the following:
  Identify valid credentials that could then be used to establish an unauthorized remote access VPN session. Establish a clientless SSL VPN session (only when running Cisco ASA Software Release 9.16 or earlier).  Notes:
  Establishing a client-based remote access VPN tunnel is not possible as these default connection profiles/tunnel groups do not and cannot have an IP address pool configured. This vulnerability does not allow an attacker to bypass authentication. To successfully establish a remote access VPN session, valid credentials are required, including a valid second factor if multi-factor authentication (MFA) is configured.  Cisco will release software updates that address this vulnerability. There are workarounds that address this vulnerability.",5.0,NETWORK,LOW,NONE,2023-09-06 18:15:08.303,cisco,1,1085,41,0,1,1
CVE-2021-21224,Type confusion in V8 in Google Chrome prior to 90.0.4430.85 allowed a remote attacker to execute arbitrary code inside a sandbox via a crafted HTML page.,8.8,NETWORK,NONE,REQUIRED,2021-04-26 17:15:08.703,google,1,1948,17,1,0,1
CVE-2026-20230,"A vulnerability in Cisco Unified Communications Manager (Unified CM) and Cisco Unified Communications Manager Session Management Edition (Unified CM SME) could allow an unauthenticated, remote attacker to conduct server-side request forgery (SSRF) attacks through an affected device.

This vulnerability is due to improper input validation for specific HTTP requests. An attacker could exploit this vulnerability by sending a crafted HTTP request to an affected device. A successful exploit could allow the attacker to write files to the underlying operating system that could be used later to elevate to root.
Note: Cisco has assigned this security advisory a Security Impact Rating (SIR) of Critical rather than High as the score indicates. The reason is that exploitation of this vulnerability could result in an attacker elevating privileges to root.
Note: To exploit this vulnerability, the WebDialer service must be enabled. WebDialer is disabled by default.",8.6,NETWORK,NONE,NONE,2026-06-03 18:16:20.160,cisco,1,84,41,1,1,1
CVE-2019-11043,"In PHP versions 7.1.x below 7.1.33, 7.2.x below 7.2.24 and 7.3.x below 7.3.11 in certain configurations of FPM setup it is possible to cause FPM module to write past allocated buffers into the space reserved for FCGI protocol data, thus opening the possibility of remote code execution.",8.7,NETWORK,NONE,NONE,2019-10-28 15:15:13.863,php,1,2494,5,1,1,1
CVE-2024-8956,"PTZOptics PT30X-SDI/NDI-xx before firmware 6.3.40 is vulnerable to an insufficient authentication issue. The camera does not properly enforce authentication to /cgi-bin/param.cgi when requests are sent without an HTTP Authorization header. The result is a remote and unauthenticated attacker can leak sensitive data such as usernames, password hashes, and configurations details. Additionally, the attacker can update individual configuration values or overwrite the whole file.",9.1,NETWORK,NONE,NONE,2024-09-17 20:15:07.287,ptzoptics,1,708,1,1,1,1
CVE-2024-28995,SolarWinds Serv-U was susceptible to a directory transversal vulnerability that would allow access to read sensitive files on the host machine.,8.6,NETWORK,NONE,NONE,2024-06-06 09:15:14.167,solarwinds,1,811,2,1,1,1
CVE-2020-14750,"Vulnerability in the Oracle WebLogic Server product of Oracle Fusion Middleware (component: Console). Supported versions that are affected are 10.3.6.0.0, 12.1.3.0.0, 12.2.1.3.0, 12.2.1.4.0 and 14.1.1.0.0. Easily exploitable vulnerability allows unauthenticated attacker with network access via HTTP to compromise Oracle WebLogic Server. Successful attacks of this vulnerability can result in takeover of Oracle WebLogic Server. CVSS 3.1 Base Score 9.8 (Confidentiality, Integrity and Availability impacts). CVSS Vector: (CVSS:3.1/AV:N/AC:L/PR:N/UI:N/S:U/C:H/I:H/A:H).",9.8,NETWORK,NONE,NONE,2020-11-02 21:15:24.493,oracle,1,2123,15,1,1,1
CVE-2022-47986,"IBM Aspera Faspex 4.4.2 Patch Level 1 and earlier could allow a remote attacker to execute arbitrary code on the system, caused by a YAML deserialization flaw. By sending a specially crafted obsolete API call, an attacker could exploit this vulnerability to execute arbitrary code on the system. The obsolete API call was removed in Faspex 4.4.2 PL2. IBM X-Force ID: 243512.",9.8,NETWORK,NONE,NONE,2023-02-17 16:15:10.873,ibm,1,1286,55,1,1,1
CVE-2024-43461,Windows MSHTML Platform Spoofing Vulnerability,8.8,NETWORK,NONE,REQUIRED,2024-09-10 17:15:33.410,microsoft,1,715,245,1,0,1
CVE-2022-2586,"It was discovered that a nft object or expression could reference a nft set on a different nft table, leading to a use-after-free once that table was deleted.",5.3,LOCAL,LOW,NONE,2024-01-08 18:15:44.620,linux,1,961,24,0,1,0
CVE-2021-22175,"When requests to the internal network for webhooks are enabled, a server-side request forgery vulnerability in GitLab affecting all versions starting from 10.5 was possible to exploit for an unauthenticated attacker even on a GitLab instance where registration is disabled",6.8,NETWORK,NONE,NONE,2021-06-11 16:15:09.023,gitlab,1,1902,1,1,1,1
CVE-2021-38003,Inappropriate implementation in V8 in Google Chrome prior to 95.0.4638.69 allowed a remote attacker to potentially exploit heap corruption via a crafted HTML page.,8.8,NETWORK,NONE,REQUIRED,2021-11-23 22:15:07.937,google,1,1737,17,1,0,1
CVE-2022-27593,"An externally controlled reference to a resource vulnerability has been reported to affect QNAP NAS running Photo Station. If exploited, This could allow an attacker to modify system files. We have already fixed the vulnerability in the following versions: QTS 5.0.1: Photo Station 6.1.2 and later QTS 5.0.0/4.5.x: Photo Station 6.0.22 and later QTS 4.3.6: Photo Station 5.7.18 and later QTS 4.3.3: Photo Station 5.4.15 and later QTS 4.2.6: Photo Station 5.2.14 and later",10.0,NETWORK,NONE,NONE,2022-09-08 11:15:19.503,qnap,1,1448,1,1,1,1
CVE-2009-1151,Static code injection vulnerability in setup.php in phpMyAdmin 2.11.x before 2.11.9.5 and 3.x before 3.1.3.1 allows remote attackers to inject arbitrary PHP code into a configuration file via the save action.,9.8,NETWORK,NONE,NONE,2009-03-26 14:30:00.267,phpmyadmin,1,6362,1,1,1,1
CVE-2025-25181,A SQL injection vulnerability in timeoutWarning.asp in Advantive VeraCore through 2025.1.0 allows remote attackers to execute arbitrary SQL commands via the PmSess1 parameter.,5.8,NETWORK,NONE,NONE,2025-02-03 20:15:37.477,advantive,1,569,1,1,1,1
CVE-2020-8195,"Improper input validation in Citrix ADC and Citrix Gateway versions before 13.0-58.30, 12.1-57.18, 12.0-63.21, 11.1-64.14 and 10.5-70.18 and Citrix SDWAN WAN-OP versions before 11.1.1a, 11.0.3d and 10.2.7 resulting in limited information disclosure to low privileged users.",6.5,NETWORK,LOW,NONE,2020-07-10 16:15:12.327,citrix,1,2238,7,0,1,1
CVE-2024-4947,Type Confusion in V8 in Google Chrome prior to 125.0.6422.60 allowed a remote attacker to execute arbitrary code inside a sandbox via a crafted HTML page. (Chromium security severity: High),9.6,NETWORK,NONE,REQUIRED,2024-05-15 21:15:09.273,google,1,833,17,1,0,1
CVE-2019-1214,"An elevation of privilege vulnerability exists when the Windows Common Log File System (CLFS) driver improperly handles objects in memory, aka 'Windows Common Log File System Driver Elevation of Privilege Vulnerability'.",7.8,LOCAL,LOW,NONE,2019-09-11 22:15:14.523,microsoft,1,2541,245,0,1,0
CVE-2020-0787,"An elevation of privilege vulnerability exists when the Windows Background Intelligent Transfer Service (BITS) improperly handles symbolic links, aka 'Windows Background Intelligent Transfer Service Elevation of Privilege Vulnerability'.",7.8,LOCAL,NONE,REQUIRED,2020-03-12 16:15:15.203,microsoft,1,2358,245,1,0,0
CVE-2021-39793,"In kbase_jd_user_buf_pin_pages of mali_kbase_mem.c, there is a possible out of bounds write due to a logic error in the code. This could lead to local escalation of privilege with no additional execution privileges needed. User interaction is not needed for exploitation.Product: AndroidVersions: Android kernelAndroid ID: A-210470189References: N/A",7.8,LOCAL,LOW,NONE,2022-03-16 15:15:12.430,google,1,1624,17,0,1,0
CVE-2021-39226,"Grafana is an open source data visualization platform. In affected versions unauthenticated and authenticated users are able to view the snapshot with the lowest database key by accessing the literal paths: /dashboard/snapshot/:key, or /api/snapshots/:key. If the snapshot ""public_mode"" configuration setting is set to true (vs default of false), unauthenticated users are able to delete the snapshot with the lowest database key by accessing the literal path: /api/snapshots-delete/:deleteKey. Regardless of the snapshot ""public_mode"" setting, authenticated users are able to delete the snapshot with the lowest database key by accessing the literal paths: /api/snapshots/:key, or /api/snapshots-delete/:deleteKey. The combination of deletion and viewing enables a complete walk through all snapshot data while resulting in complete snapshot data loss. This issue has been resolved in versions 8.1.6 and 7.5.11. If for some reason you cannot upgrade you can use a reverse proxy or similar to block access to the literal paths: /api/snapshots/:key, /api/snapshots-delete/:deleteKey, /dashboard/snapshot/:key, and /api/snapshots/:key. They have no normal function and can be disabled without side effects.",9.8,NETWORK,NONE,NONE,2021-10-05 18:15:07.947,grafana,1,1786,1,1,1,1
CVE-2023-29298,"Adobe ColdFusion versions 2018u16 (and earlier), 2021u6 (and earlier) and 2023.0.0.330468 (and earlier) are affected by an Improper Access Control vulnerability that could result in a Security feature bypass. An attacker could leverage this vulnerability to access the administration CFM and CFC endpoints. Exploitation of this issue does not require user interaction.",7.5,NETWORK,NONE,NONE,2023-07-12 16:15:11.623,adobe,1,1141,15,1,1,1
CVE-2022-41128,Windows Scripting Languages Remote Code Execution Vulnerability,8.8,NETWORK,NONE,REQUIRED,2022-11-09 22:15:25.453,microsoft,1,1386,245,1,0,1
CVE-2013-0629,"Adobe ColdFusion 9.0, 9.0.1, 9.0.2, and 10, when a password is not configured, allows attackers to access restricted directories via unspecified vectors, as exploited in the wild in January 2013.",7.5,NETWORK,NONE,NONE,2013-01-09 01:55:03.553,adobe,1,4977,15,1,1,1
CVE-2011-3544,"Unspecified vulnerability in the Java Runtime Environment component in Oracle Java SE JDK and JRE 7 and 6 Update 27 and earlier allows remote untrusted Java Web Start applications and untrusted Java applets to affect confidentiality, integrity, and availability via unknown vectors related to Scripting.",9.8,NETWORK,NONE,NONE,2011-10-19 21:55:01.097,oracle,1,5425,15,1,1,1
CVE-2023-41991,"A certificate validation issue was addressed. This issue is fixed in macOS Ventura 13.6, iOS 16.7 and iPadOS 16.7. A malicious app may be able to bypass signature validation. Apple is aware of a report that this issue may have been actively exploited against versions of iOS before iOS 16.7.",5.5,LOCAL,NONE,REQUIRED,2023-09-21 19:15:11.283,apple,1,1070,32,1,0,0
CVE-2018-14634,"An integer overflow flaw was found in the Linux kernel's create_elf_tables() function. An unprivileged local user with access to SUID (or otherwise privileged) binary could use this flaw to escalate their privileges on the system. Kernel versions 2.6.x, 3.10.x and 4.14.x are believed to be vulnerable.",7.8,LOCAL,LOW,NONE,2018-09-25 21:29:00.390,paloaltonetworks,1,2892,6,0,1,0
CVE-2013-2597,"Stack-based buffer overflow in the acdb_ioctl function in audio_acdb.c in the acdb audio driver for the Linux kernel 2.6.x and 3.x, as used in Qualcomm Innovation Center (QuIC) Android contributions for MSM devices and other products, allows attackers to gain privileges via an application that leverages /dev/msm_acdb access and provides a large size value in an ioctl argument.",8.4,LOCAL,NONE,NONE,2014-08-31 10:55:03.753,codeaurora,1,4378,1,1,1,0
CVE-2019-6223,"A logic issue existed in the handling of Group FaceTime calls. The issue was addressed with improved state management. This issue is fixed in iOS 12.1.4, macOS Mojave 10.14.3 Supplemental Update. The initiator of a Group FaceTime call may be able to cause the recipient to answer.",7.5,NETWORK,NONE,NONE,2019-03-05 16:29:02.060,apple,1,2731,32,1,1,1
CVE-2021-44228,"Apache Log4j2 2.0-beta9 through 2.15.0 (excluding security releases 2.12.2, 2.12.3, and 2.3.1) JNDI features used in configuration, log messages, and parameters do not protect against attacker controlled LDAP and other JNDI related endpoints. An attacker who can control log messages or log message parameters can execute arbitrary code loaded from LDAP servers when message lookup substitution is enabled. From log4j 2.15.0, this behavior has been disabled by default. From version 2.16.0 (along with 2.12.2, 2.12.3, and 2.3.1), this functionality has been completely removed. Note that this vulnerability is specific to log4j-core and does not affect log4net, log4cxx, or other Apache Logging Services projects.",10.0,NETWORK,NONE,NONE,2021-12-10 10:15:09.143,siemens,1,1720,1,1,1,1
CVE-2014-0160,"The (1) TLS and (2) DTLS implementations in OpenSSL 1.0.1 before 1.0.1g do not properly handle Heartbeat Extension packets, which allows remote attackers to obtain sensitive information from process memory via crafted packets that trigger a buffer over-read, as demonstrated by reading private keys, related to d1_both.c and t1_lib.c, aka the Heartbleed bug.",7.5,NETWORK,NONE,NONE,2014-04-07 22:55:03.893,openssl,1,4523,2,1,1,1
CVE-2024-43468,Microsoft Configuration Manager Remote Code Execution Vulnerability,9.8,NETWORK,NONE,NONE,2024-10-08 18:15:09.537,microsoft,1,687,245,1,1,1
CVE-2021-26828,OpenPLC ScadaBR through 0.9.1 on Linux and through 1.12.4 on Windows allows remote authenticated users to upload and execute arbitrary JSP files via view_edit.shtm.,8.8,NETWORK,LOW,NONE,2021-06-11 12:15:12.017,scadabr,1,1902,1,0,1,1
CVE-2016-11021,setSystemCommand on D-Link DCS-930L devices before 2.12 allows a remote attacker to execute code via an OS command in the SystemCommand parameter.,7.2,NETWORK,HIGH,NONE,2020-03-09 01:15:10.780,dlink,1,2361,9,0,1,1
CVE-2017-8464,"Windows Shell in Microsoft Windows Server 2008 SP2 and R2 SP1, Windows 7 SP1, Windows 8, Windows 8.1, Windows Server 2012 Gold and R2, Windows RT 8.1, Windows 10 Gold, 1511, 1607, 1703, and Windows Server 2016 allows local users or remote attackers to execute arbitrary code via a crafted .LNK file, which is not properly handled during icon display in Windows Explorer or any other application that parses the icon of the shortcut. aka ""LNK Remote Code Execution Vulnerability.""",8.8,NETWORK,NONE,REQUIRED,2017-06-15 01:29:02.727,microsoft,1,3359,245,1,0,1
CVE-2015-2051,The D-Link DIR-645 Wired/Wireless Router Rev. Ax with firmware 1.04b12 and earlier allows remote attackers to execute arbitrary commands via a GetDeviceSettings action to the HNAP interface.,8.8,ADJACENT_NETWORK,NONE,NONE,2015-02-23 17:59:08.320,dlink,1,4202,9,1,1,0
CVE-2017-6736,"The Simple Network Management Protocol (SNMP) subsystem of Cisco IOS and IOS XE Software contains multiple vulnerabilities that could allow an authenticated, remote attacker to remotely execute code on an affected system or cause an affected system to reload. An attacker could exploit these vulnerabilities by sending a crafted SNMP packet to an affected system via IPv4 or IPv6. Only traffic directed to an affected system can be used to exploit these vulnerabilities.
 The vulnerabilities are due to a buffer overflow condition in the SNMP subsystem of the affected software. The vulnerabilities affect all versions of SNMP - Versions 1, 2c, and 3. To exploit these vulnerabilities via SNMP Version 2c or earlier, the attacker must know the SNMP read-only community string for the affected system. To exploit these vulnerabilities via SNMP Version 3, the attacker must have user credentials for the affected system. A successful exploit could allow the attacker to execute arbitrary code and obtain full control of the affected system or cause the affected system to reload.
 Customers are advised to apply the workaround as contained in the Workarounds section below. Fixed software information is available via the Cisco IOS Software Checker. All devices that have enabled SNMP and have not explicitly excluded the affected MIBs or OIDs should be considered vulnerable.
   There are workarounds that address these vulnerabilities.",8.8,NETWORK,LOW,NONE,2017-07-17 21:29:00.213,cisco,1,3327,41,0,1,1
CVE-2023-29492,Novi Survey before 8.9.43676 allows remote attackers to execute arbitrary code on the server in the context of the service account. This does not provide access to stored survey or response data.,9.8,NETWORK,NONE,NONE,2023-04-11 05:15:07.393,3rdmill,1,1233,1,1,1,1
CVE-2021-25337,Improper access control in clipboard service in Samsung mobile devices prior to SMR Mar-2021 Release 1 allows untrusted applications to read or write certain local files.,4.4,LOCAL,NONE,REQUIRED,2021-03-04 21:15:13.667,samsung,1,2001,2,1,0,0
CVE-2023-28205,"A use after free issue was addressed with improved memory management. This issue is fixed in Safari 16.4.1, iOS 15.7.5 and iPadOS 15.7.5, iOS 16.4.1 and iPadOS 16.4.1, macOS Ventura 13.3.1. Processing maliciously crafted web content may lead to arbitrary code execution. Apple is aware of a report that this issue may have been actively exploited.",8.8,NETWORK,NONE,REQUIRED,2023-04-10 19:15:07.237,apple,1,1234,32,1,0,1
CVE-2012-5076,"Unspecified vulnerability in the Java Runtime Environment (JRE) component in Oracle Java SE 7 Update 7 and earlier allows remote attackers to affect confidentiality, integrity, and availability, related to JAX-WS.",9.8,NETWORK,NONE,NONE,2012-10-16 21:55:02.073,oracle,1,5062,15,1,1,1
CVE-2019-8605,"A use after free issue was addressed with improved memory management. This issue is fixed in iOS 12.3, macOS Mojave 10.14.5, tvOS 12.3, watchOS 5.2.1. A malicious application may be able to execute arbitrary code with system privileges.",7.8,LOCAL,NONE,REQUIRED,2019-12-18 18:15:28.833,apple,1,2443,32,1,0,0
CVE-2019-16920,"Unauthenticated remote code execution occurs in D-Link products such as DIR-655C, DIR-866L, DIR-652, and DHP-1565. The issue occurs when the attacker sends an arbitrary input to a ""PingTest"" device common gateway interface that could lead to common injection. An attacker who successfully triggers the command injection could achieve full system compromise. Later, it was independently found that these are also affected: DIR-855L, DAP-1533, DIR-862L, DIR-615, DIR-835, and DIR-825.",9.8,NETWORK,NONE,NONE,2019-09-27 12:15:10.017,dlink,1,2525,9,1,1,1
CVE-2019-7287,A memory corruption issue was addressed with improved input validation. This issue is fixed in iOS 12.1.4. An application may be able to execute arbitrary code with kernel privileges.,7.8,LOCAL,NONE,REQUIRED,2019-12-18 18:15:22.130,apple,1,2443,32,1,0,0
CVE-2021-20090,A path traversal vulnerability in the web interfaces of Buffalo WSR-2533DHPL2 firmware version <= 1.02 and WSR-2533DHP3 firmware version <= 1.24 could allow unauthenticated remote attackers to bypass authentication.,9.8,NETWORK,NONE,NONE,2021-04-29 15:15:10.630,buffalo,1,1945,1,1,1,1
CVE-2019-20500,"D-Link DWL-2600AP 4.2.0.15 Rev A devices have an authenticated OS command injection vulnerability via the Save Configuration functionality in the Web interface, using shell metacharacters in the admin.cgi?action=config_save configBackup or downloadServerip parameter.",7.8,LOCAL,LOW,NONE,2020-03-05 15:15:11.253,dlink,1,2365,9,0,1,0
CVE-2023-46604,"The Java OpenWire protocol marshaller is vulnerable to Remote Code 
Execution. This vulnerability may allow a remote attacker with network 
access to either a Java-based OpenWire broker or client to run arbitrary
 shell commands by manipulating serialized class types in the OpenWire 
protocol to cause either the client or the broker (respectively) to 
instantiate any class on the classpath.

Users are recommended to upgrade
 both brokers and clients to version 5.15.16, 5.16.7, 5.17.6, or 5.18.3 
which fixes this issue.",10.0,NETWORK,NONE,NONE,2023-10-27 15:15:14.017,apache,1,1034,18,1,1,1
CVE-2017-8570,"Microsoft Office allows a remote code execution vulnerability due to the way that it handles objects in memory, aka ""Microsoft Office Remote Code Execution Vulnerability"". This CVE ID is unique from CVE-2017-0243.",7.8,LOCAL,NONE,REQUIRED,2017-07-11 21:29:01.267,microsoft,1,3333,245,1,0,0
CVE-2018-4939,"Adobe ColdFusion Update 5 and earlier versions, ColdFusion 11 Update 13 and earlier versions have an exploitable Deserialization of Untrusted Data vulnerability. Successful exploitation could lead to arbitrary code execution.",9.8,NETWORK,NONE,NONE,2018-05-19 17:29:01.480,adobe,1,3021,15,1,1,1
CVE-2021-30900,"An out-of-bounds write issue was addressed with improved bounds checking. This issue is fixed in iOS 14.8.1 and iPadOS 14.8.1, iOS 15.1 and iPadOS 15.1. A malicious application may be able to execute arbitrary code with kernel privileges.",7.8,LOCAL,NONE,REQUIRED,2021-08-24 19:15:18.083,apple,1,1828,32,1,0,0
CVE-2022-42948,"Cobalt Strike 4.7.1 fails to properly escape HTML tags when they are displayed on Swing components. By injecting crafted HTML code, it is possible to remotely execute code in the Cobalt Strike UI.",9.8,NETWORK,NONE,NONE,2023-03-24 14:15:09.927,helpsystems,1,1251,1,1,1,1
CVE-2022-26134,"In affected versions of Confluence Server and Data Center, an OGNL injection vulnerability exists that would allow an unauthenticated attacker to execute arbitrary code on a Confluence Server or Data Center instance. The affected versions are from 1.3.0 before 7.4.17, from 7.13.0 before 7.13.7, from 7.14.0 before 7.14.3, from 7.15.0 before 7.15.2, from 7.16.0 before 7.16.4, from 7.17.0 before 7.17.4, and from 7.18.0 before 7.18.1.",9.8,NETWORK,NONE,NONE,2022-06-03 22:15:07.717,atlassian,1,1545,2,1,1,1
CVE-2025-48927,"The TeleMessage service through 2025-05-05 configures Spring Boot Actuator with an exposed heap dump endpoint at a /heapdump URI, as exploited in the wild in May 2025.",5.3,NETWORK,NONE,NONE,2025-05-28 17:15:24.837,smarsh,1,455,1,1,1,1
CVE-2023-38950,A path traversal vulnerability in the iclock API of ZKTeco BioTime v8.5.5 allows unauthenticated attackers to read arbitrary files via supplying a crafted payload. This vulnerability was fixed in version 9.0.120240617.19506 of ZKBioTime.,7.5,NETWORK,NONE,NONE,2023-08-03 23:15:11.117,zkteco,1,1118,1,1,1,1
CVE-2017-7921,"An Improper Authentication issue was discovered in Hikvision DS-2CD2xx2F-I Series V5.2.0 build 140721 to V5.4.0 build 160530, DS-2CD2xx0F-I Series V5.2.0 build 140721 to V5.4.0 Build 160401, DS-2CD2xx2FWD Series V5.3.1 build 150410 to V5.4.4 Build 161125, DS-2CD4x2xFWD Series V5.2.0 build 140721 to V5.4.0 Build 160414, DS-2CD4xx5 Series V5.2.0 build 140721 to V5.4.0 Build 160421, DS-2DFx Series V5.2.0 build 140805 to V5.4.5 Build 160928, and DS-2CD63xx Series V5.0.9 build 140305 to V5.3.5 Build 160106 devices. The improper authentication vulnerability occurs when an application does not adequately or correctly authenticate users. This may allow a malicious user to escalate his or her privileges on the system and gain access to sensitive information.",9.8,NETWORK,NONE,NONE,2017-05-06 00:29:00.350,hikvision,1,3399,1,1,1,1
CVE-2024-11667,"A directory traversal vulnerability in the web management interface of Zyxel ATP series firmware versions V5.00 through V5.38, USG FLEX series firmware versions V5.00 through V5.38, USG FLEX 50(W) series firmware versions V5.10 through V5.38, and USG20(W)-VPN series firmware versions V5.10 through V5.38 could allow an attacker to download or upload files via a crafted URL.",7.5,NETWORK,NONE,NONE,2024-11-27 10:15:04.210,zyxel,1,637,2,1,1,1
CVE-2021-30657,"A logic issue was addressed with improved state management. This issue is fixed in macOS Big Sur 11.3, Security Update 2021-002 Catalina. A malicious application may bypass Gatekeeper checks. Apple is aware of a report that this issue may have been actively exploited..",5.5,LOCAL,NONE,REQUIRED,2021-09-08 15:15:13.127,apple,1,1813,32,1,0,0
CVE-2021-30563,Type Confusion in V8 in Google Chrome prior to 91.0.4472.164 allowed a remote attacker to potentially exploit heap corruption via a crafted HTML page.,8.8,NETWORK,NONE,REQUIRED,2021-08-03 19:15:08.230,google,1,1849,17,1,0,1
CVE-2024-39717,The Versa Director GUI provides an option to customize the look and feel of the user interface. This option is only available for a user logged with Provider-Data-Center-Admin or Provider-Data-Center-System-Admin. (Tenant level users do not have this privilege). The “Change Favicon” (Favorite Icon) option can be mis-used to upload a malicious file ending with .png extension to masquerade as image file. This is possible only after a user with Provider-Data-Center-Admin or Provider-Data-Center-System-Admin has successfully authenticated and logged in.,7.2,NETWORK,HIGH,NONE,2024-08-22 19:15:09.173,versa-networks,1,734,2,0,1,1
CVE-2019-8720,A vulnerability was found in WebKit. The flaw is triggered when processing maliciously crafted web content that may lead to arbitrary code execution. Improved memory handling addresses the multiple memory corruption issues.,8.8,NETWORK,NONE,REQUIRED,2023-03-06 23:15:10.287,webkitgtk,1,1268,1,1,0,1
CVE-2024-24919,Potentially allowing an attacker to read certain information on Check Point Security Gateways once connected to the internet and enabled with remote Access VPN or Mobile Access Software Blades. A Security fix that mitigates this vulnerability is available.,8.6,NETWORK,NONE,NONE,2024-05-28 19:15:10.060,checkpoint,1,820,5,1,1,1
CVE-2022-0543,"It was discovered, that redis, a persistent key-value database, due to a packaging issue, is prone to a (Debian-specific) Lua sandbox escape, which could result in remote code execution.",10.0,NETWORK,NONE,NONE,2022-02-18 20:15:17.583,redis,1,1650,1,1,1,1
CVE-2025-27038,Memory corruption while rendering graphics using Adreno GPU drivers in Chrome.,7.5,NETWORK,NONE,REQUIRED,2025-06-03 06:15:27.133,qualcomm,1,449,6,1,0,1
CVE-2023-27992,"The pre-authentication command injection vulnerability in the Zyxel NAS326 firmware versions prior to V5.21(AAZF.14)C0, NAS540 firmware versions prior to V5.21(AATB.11)C0, and NAS542 firmware versions prior to V5.21(ABAG.11)C0 could allow an unauthenticated attacker to execute some operating system (OS) commands remotely by sending a crafted HTTP request.",9.8,NETWORK,NONE,NONE,2023-06-19 12:15:09.433,zyxel,1,1164,2,1,1,1
CVE-2023-43000,"A use-after-free issue was addressed with improved memory management. This issue is fixed in macOS Ventura 13.5, iOS 16.6 and iPadOS 16.6, Safari 16.6, iOS 15.8.7 and iPadOS 15.8.7. Processing maliciously crafted web content may lead to memory corruption.",8.8,NETWORK,NONE,REQUIRED,2025-11-05 19:15:47.937,apple,1,294,32,1,0,1
CVE-2022-23227,"NUUO NVRmini2 through 3.11 allows an unauthenticated attacker to upload an encrypted TAR archive, which can be abused to add arbitrary users because of the lack of handle_import_user.php authentication. When combined with another flaw (CVE-2011-5325), it is possible to overwrite arbitrary files under the web root and achieve code execution as root.",9.8,NETWORK,NONE,NONE,2022-01-14 18:15:10.303,nuuo,1,1685,1,1,1,1
CVE-2025-27915,"An issue was discovered in Zimbra Collaboration (ZCS) 9.0 and 10.0 and 10.1. A stored cross-site scripting (XSS) vulnerability exists in the Classic Web Client due to insufficient sanitization of HTML content in ICS files. When a user views an e-mail message containing a malicious ICS entry, its embedded JavaScript executes via an ontoggle event inside a <details> tag. This allows an attacker to run arbitrary JavaScript within the victim's session, potentially leading to unauthorized actions such as setting e-mail filters to redirect messages to an attacker-controlled address. As a result, an attacker can perform unauthorized actions on the victim's account, including e-mail redirection and data exfiltration.",5.4,NETWORK,LOW,REQUIRED,2025-03-12 15:15:39.900,synacor,1,532,7,0,0,1
CVE-2025-48384,"Git is a fast, scalable, distributed revision control system with an unusually rich command set that provides both high-level operations and full access to internals. When reading a config value, Git strips any trailing carriage return and line feed (CRLF). When writing a config entry, values with a trailing CR are not quoted, causing the CR to be lost when the config is later read. When initializing a submodule, if the submodule path contains a trailing CR, the altered path is read resulting in the submodule being checked out to an incorrect location. If a symlink exists that points the altered path to the submodule hooks directory, and the submodule contains an executable post-checkout hook, the script may be unintentionally executed after checkout. This vulnerability is fixed in v2.43.7, v2.44.4, v2.45.4, v2.46.4, v2.47.3, v2.48.2, v2.49.1, and v2.50.1.",8.0,NETWORK,LOW,REQUIRED,2025-07-08 19:15:42.800,git-scm,1,414,1,0,0,1
CVE-2019-11581,"There was a server-side template injection vulnerability in Jira Server and Data Center, in the ContactAdministrators and the SendBulkMail actions. An attacker is able to remotely execute code on systems that run a vulnerable version of Jira Server or Data Center. All versions of Jira Server and Data Center from 4.4.0 before 7.6.14, from 7.7.0 before 7.13.5, from 8.0.0 before 8.0.3, from 8.1.0 before 8.1.2, and from 8.2.0 before 8.2.3 are affected by this vulnerability.",9.8,NETWORK,NONE,NONE,2019-08-09 20:15:11.270,atlassian,1,2574,2,1,1,1
CVE-2025-54309,"CrushFTP 10 before 10.8.5 and 11 before 11.3.4_23, when the DMZ proxy feature is not used, mishandles AS2 validation and consequently allows remote attackers to obtain admin access via HTTPS, as exploited in the wild in July 2025.",9.0,NETWORK,NONE,NONE,2025-07-18 19:15:25.353,crushftp,1,404,2,1,1,1
CVE-2018-0175,"Format String vulnerability in the Link Layer Discovery Protocol (LLDP) subsystem of Cisco IOS Software, Cisco IOS XE Software, and Cisco IOS XR Software could allow an unauthenticated, adjacent attacker to cause a denial of service (DoS) condition or execute arbitrary code with elevated privileges on an affected device. Cisco Bug IDs: CSCvd73664.",8.0,ADJACENT_NETWORK,NONE,REQUIRED,2018-03-28 22:29:01.280,cisco,1,3073,41,1,0,0
CVE-2024-30088,Windows Kernel Elevation of Privilege Vulnerability,7.0,LOCAL,LOW,NONE,2024-06-11 17:15:56.810,microsoft,1,806,245,0,1,0
CVE-2019-16256,"Some Samsung devices include the SIMalliance Toolbox Browser (aka S@T Browser) on the UICC, which might allow remote attackers to retrieve location and IMEI information, or retrieve other data or execute certain commands, via SIM Toolkit (STK) instructions in an SMS message, aka Simjacker.",9.8,NETWORK,NONE,NONE,2019-09-12 13:15:10.327,trustedconnectivityalliance,1,2540,1,1,1,1
CVE-2021-42237,Sitecore XP 7.5 Initial Release to Sitecore XP 8.2 Update-7 is vulnerable to an insecure deserialization attack where it is possible to achieve remote command execution on the machine. No authentication or special configuration is required to exploit this vulnerability.,9.8,NETWORK,NONE,NONE,2021-11-05 10:15:08.240,sitecore,1,1755,1,1,1,1
CVE-2025-33073,Improper access control in Windows SMB allows an authorized attacker to elevate privileges over a network.,8.8,NETWORK,LOW,NONE,2025-06-10 17:23:02.967,microsoft,1,442,245,0,1,1
CVE-2021-31956,Windows NTFS Elevation of Privilege Vulnerability,7.8,LOCAL,LOW,NONE,2021-06-08 23:15:08.847,microsoft,1,1904,245,0,1,0
CVE-2026-20700,"A memory corruption issue was addressed with improved state management. This issue is fixed in iOS 26.3 and iPadOS 26.3, macOS Tahoe 26.3, tvOS 26.3, visionOS 26.3, watchOS 26.3. An attacker with memory write capability may be able to execute arbitrary code. Apple is aware of a report that this issue may have been exploited in an extremely sophisticated attack against specific targeted individuals on versions of iOS before iOS 26. CVE-2025-14174 and CVE-2025-43529 were also issued in response to this report.",7.8,LOCAL,LOW,NONE,2026-02-11 23:16:10.670,apple,1,195,32,0,1,0
CVE-2025-40536,"SolarWinds Web Help Desk was found to be susceptible to a security control bypass vulnerability that if exploited, could allow an unauthenticated attacker to gain access to certain restricted functionality.",8.1,NETWORK,NONE,NONE,2026-01-28 08:16:01.893,solarwinds,1,210,2,1,1,1
CVE-2026-56290,Joomla Extension - joomlack.fr - Unauthenticated file upload in Page Builder CK extension < 3.6.0 - The Joomla extension Page Builder CK is vulnerable to an unauthenticated arbitrary file upload that allows uploading executable files and leads to full RCE.,9.8,NETWORK,NONE,NONE,2026-06-29 15:16:42.360,joomlack,1,58,1,1,1,1
CVE-2024-27348,"RCE-Remote Command Execution vulnerability in Apache HugeGraph-Server.This issue affects Apache HugeGraph-Server: from 1.0.0 before 1.3.0 in Java8 & Java11

Users are recommended to upgrade to version 1.3.0 with Java11 & enable the Auth system, which fixes the issue.",9.8,NETWORK,NONE,NONE,2024-04-22 14:15:07.420,apache,1,856,18,1,1,1
CVE-2010-2572,"Buffer overflow in Microsoft PowerPoint 2002 SP3 and 2003 SP3 allows remote attackers to execute arbitrary code via a crafted PowerPoint 95 document, aka ""PowerPoint Parsing Buffer Overflow Vulnerability.""",7.8,LOCAL,NONE,REQUIRED,2010-11-10 03:00:01.850,microsoft,1,5768,245,1,0,0
CVE-2017-18368,"The ZyXEL P660HN-T1A v1 TCLinux Fw $7.3.15.0 v001 / 3.40(ULM.0)b31 router distributed by TrueOnline has a command injection vulnerability in the Remote System Log forwarding function, which is accessible by an unauthenticated user. The vulnerability is in the ViewLog.asp page and can be exploited through the remote_host parameter.",9.8,NETWORK,NONE,NONE,2019-05-02 17:29:00.287,billion,1,2673,1,1,1,1
CVE-2017-9248,"Telerik.Web.UI.dll in Progress Telerik UI for ASP.NET AJAX before R2 2017 SP1 and Sitefinity before 10.0.6412.0 does not properly protect Telerik.Web.UI.DialogParametersEncryptionKey or the MachineKey, which makes it easier for remote attackers to defeat cryptographic protection mechanisms, leading to a MachineKey leak, arbitrary file uploads or downloads, XSS, or ASP.NET ViewState compromise.",9.8,NETWORK,NONE,NONE,2017-07-03 19:29:00.270,progress,1,3341,1,1,1,1
CVE-2024-57727,SimpleHelp remote support software v5.5.7 and before is vulnerable to multiple path traversal vulnerabilities that enable unauthenticated remote attackers to download arbitrary files from the SimpleHelp host via crafted HTTP requests. These files include server configuration files containing various secrets and hashed user passwords.,7.5,NETWORK,NONE,NONE,2025-01-15 23:15:09.650,simple-help,1,587,2,1,1,1
CVE-2018-4878,A use-after-free vulnerability was discovered in Adobe Flash Player before 28.0.0.161. This vulnerability occurs due to a dangling pointer in the Primetime SDK related to media player handling of listener objects. A successful attack can lead to arbitrary code execution. This was exploited in the wild in January and February 2018.,7.8,LOCAL,NONE,REQUIRED,2018-02-06 21:29:00.347,adobe,1,3123,15,1,0,0
CVE-2014-4077,"Microsoft Windows Server 2003 SP2, Windows Vista SP2, Windows Server 2008 SP2 and R2 SP1, Windows 7 SP1, and Office 2007 SP3, when IMJPDCT.EXE (aka IME for Japanese) is installed, allow remote attackers to bypass a sandbox protection mechanism via a crafted PDF document, aka ""Microsoft IME (Japanese) Elevation of Privilege Vulnerability,"" as exploited in the wild in 2014.",7.8,LOCAL,NONE,REQUIRED,2014-11-11 22:55:04.637,microsoft,1,4305,245,1,0,0
CVE-2026-45321,"On 2026-05-11, between approximately 19:20 and 19:26 UTC, 84 malicious versions across 42 @tanstack/* packages were published to the npm registry. The publishes were authenticated via the legitimate GitHub Actions OIDC trusted-publisher binding for TanStack/router, but the publish workflow itself was not modified. The attacker chained three known vulnerability classes — a pull_request_target ""Pwn Request"" misconfiguration, GitHub Actions cache poisoning across the fork↔base trust boundary, and runtime memory extraction of the OIDC token from the Actions runner process — to publish credential-stealing malware under a trusted identity. Each affected package received exactly two malicious versions, published a few minutes apart.",9.6,NETWORK,NONE,REQUIRED,2026-05-12 01:16:46.820,tanstack,1,106,1,1,0,1
CVE-2022-30190,"A remote code execution vulnerability exists when MSDT is called using the URL protocol from a calling application such as Word. An attacker who successfully exploits this vulnerability can run arbitrary code with the privileges of the calling application. The attacker can then install programs, view, change, or delete data, or create new accounts in the context allowed by the user’s rights.
Please see the MSRC Blog Entry for important information about steps you can take to protect your system from this vulnerability.",7.8,LOCAL,NONE,REQUIRED,2022-06-01 20:15:07.983,microsoft,1,1547,245,1,0,0
CVE-2022-27518,Unauthenticated remote arbitrary code execution,9.8,NETWORK,NONE,NONE,2022-12-13 17:15:14.350,citrix,1,1352,7,1,1,1
CVE-2016-0752,"Directory traversal vulnerability in Action View in Ruby on Rails before 3.2.22.1, 4.0.x and 4.1.x before 4.1.14.1, 4.2.x before 4.2.5.1, and 5.x before 5.0.0.beta1.1 allows remote attackers to read arbitrary files by leveraging an application's unrestricted use of the render method and providing a .. (dot dot) in a pathname.",7.5,NETWORK,NONE,NONE,2016-02-16 02:59:06.783,rubyonrails,1,3844,1,1,1,1
CVE-2020-29557,An issue was discovered on D-Link DIR-825 R1 devices through 3.0.1 before 2020-11-20. A buffer overflow in the web interface allows attackers to achieve pre-authentication remote code execution.,9.8,NETWORK,NONE,NONE,2021-01-29 20:15:12.933,dlink,1,2035,9,1,1,1
CVE-2022-22674,"An out-of-bounds read issue existed that led to the disclosure of kernel memory. This was addressed with improved input validation. This issue is fixed in macOS Monterey 12.3.1, Security Update 2022-004 Catalina, macOS Big Sur 11.6.6. A local user may be able to read kernel memory.",5.5,LOCAL,LOW,NONE,2022-05-26 18:15:09.107,apple,1,1553,32,0,1,0
CVE-2026-20253,"In Splunk Enterprise 10.2 versions below 10.2.4 and 10 versions below 10.0.7, an unauthenticated user could create or truncate arbitrary files through a PostgreSQL sidecar service endpoint. The vulnerability exists because the PostgreSQL sidecar service endpoint lacks authentication controls, allowing any network-reachable user to invoke file operations without credentials. Splunk Enterprise versions 9.4 and earlier are not affected. If you cannot immediately upgrade to a fixed version, you can mitigate this vulnerability by disabling the PostgreSQL sidecar service.",9.8,NETWORK,NONE,NONE,2026-06-10 18:16:40.760,splunk,1,77,1,1,1,1
CVE-2017-12615,When running Apache Tomcat 7.0.0 to 7.0.79 on Windows with HTTP PUTs enabled (e.g. via setting the readonly initialisation parameter of the Default to false) it was possible to upload a JSP file to the server via a specially crafted request. This JSP could then be requested and any code it contained would be executed by the server.,8.1,NETWORK,NONE,NONE,2017-09-19 13:29:00.190,apache,1,3263,18,1,1,1
CVE-2023-42824,The issue was addressed with improved checks. This issue is fixed in iOS 16.7.1 and iPadOS 16.7.1. A local attacker may be able to elevate their privileges. Apple is aware of a report that this issue may have been actively exploited against versions of iOS before iOS 16.6.,7.8,LOCAL,LOW,NONE,2023-10-04 19:15:10.490,apple,1,1057,32,0,1,0
CVE-2026-72530,"A remote unauthorized attacker with network access via port 4307/TCP to the TrueConf server versions 5.3.X to 5.3.9, 5.4.X to 5.4.9, 5.5.X to 5.5.5, and earlier could use a specially crafted script to break out of the isolated environment and execute arbitrary code on the host system.",9.0,NETWORK,NONE,NONE,2026-08-19 17:21:01.130,trueconf,1,7,1,1,1,1
CVE-2022-24682,"An issue was discovered in the Calendar feature in Zimbra Collaboration Suite 8.8.x before 8.8.15 patch 30 (update 1), as exploited in the wild starting in December 2021. An attacker could place HTML containing executable JavaScript inside element attributes. This markup becomes unescaped, causing arbitrary markup to be injected into the document.",6.1,NETWORK,NONE,REQUIRED,2022-02-09 04:15:07.400,synacor,1,1659,7,1,0,1
CVE-2021-30869,"A type confusion issue was addressed with improved state handling. This issue is fixed in iOS 12.5.5, iOS 14.4 and iPadOS 14.4, macOS Big Sur 11.2, Security Update 2021-001 Catalina, Security Update 2021-001 Mojave, Security Update 2021-006 Catalina. A malicious application may be able to execute arbitrary code with kernel privileges. Apple is aware of reports that an exploit for this issue exists in the wild.",7.8,LOCAL,NONE,REQUIRED,2021-08-24 19:15:15.080,apple,1,1828,32,1,0,0
CVE-2016-3351,"Microsoft Internet Explorer 9 through 11 and Microsoft Edge allow remote attackers to obtain sensitive information via a crafted web site, aka ""Microsoft Browser Information Disclosure Vulnerability.""",6.5,NETWORK,NONE,REQUIRED,2016-09-14 10:59:24.357,microsoft,1,3633,245,1,0,1
CVE-2021-22502,"Remote Code execution vulnerability in Micro Focus Operation Bridge Reporter (OBR) product, affecting version 10.40. The vulnerability could be exploited to allow Remote Code Execution on the OBR server.",9.8,NETWORK,NONE,NONE,2021-02-08 22:15:12.527,microfocus,1,2025,1,1,1,1
CVE-2026-48558,"SimpleHelp versions 5.5.15 and prior and 6.0 pre-release versions contain an authentication bypass vulnerability in the OIDC authentication flow. When OIDC authentication is configured, identity tokens submitted during login are accepted without verifying their cryptographic signature. In a vulnerable configuration, a remote, unauthenticated attacker can submit a forged token containing arbitrary identity claims to obtain a fully authenticated technician session. In some configurations, this may also allow bypass of multi-factor authentication. No user interaction is required.",10.0,NETWORK,NONE,NONE,2026-06-12 18:16:35.317,simple-help,1,75,2,1,1,1
CVE-2016-9079,"A use-after-free vulnerability in SVG Animation has been discovered. An exploit built on this vulnerability has been discovered in the wild targeting Firefox and Tor Browser users on Windows. This vulnerability affects Firefox < 50.0.2, Firefox ESR < 45.5.1, and Thunderbird < 45.5.1.",7.5,NETWORK,NONE,NONE,2018-06-11 21:29:01.797,debian,1,2998,26,1,1,1
CVE-2024-21413,Microsoft Outlook Remote Code Execution Vulnerability,9.8,NETWORK,NONE,NONE,2024-02-13 18:16:00.137,microsoft,1,925,245,1,1,1
CVE-2025-34026,"The Versa Concerto SD-WAN orchestration platform is vulnerable to an authentication bypass in the Traefik reverse proxy configuration, allowing at attacker to access administrative endpoints. The internal Actuator endpoint can be leveraged for access to heap dumps and trace logs.This issue is known to affect Concerto from 12.1.2 through 12.2.0. Additional versions may be vulnerable.",7.5,NETWORK,NONE,NONE,2025-05-21 22:15:50.510,versa-networks,1,462,2,1,1,1
CVE-2015-1130,The XPC implementation in Admin Framework in Apple OS X before 10.10.3 allows local users to bypass authentication and obtain admin privileges via unspecified vectors.,7.8,LOCAL,LOW,NONE,2015-04-10 14:59:43.073,apple,1,4156,32,0,1,0
CVE-2019-15949,"Nagios XI before 5.6.6 allows remote command execution as root. The exploit requires access to the server as the nagios user, or access as the admin user via the web interface. The getprofile.sh script, invoked by downloading a system profile (profile.php?cmd=download), is executed as root via a passwordless sudo entry; the script executes check_plugin, which is owned by the nagios user. A user logged into Nagios XI with permissions to modify plugins, or the nagios user on the server, can modify the check_plugin executable and insert malicious commands to execute as root.",8.8,NETWORK,LOW,NONE,2019-09-05 17:15:12.327,nagios,1,2547,1,0,1,1
CVE-2024-8068,Privilege escalation to NetworkService Account access in Citrix Session Recording when an attacker is an authenticated user in the same Windows Active Directory domain as the session recording server domain,8.0,ADJACENT_NETWORK,LOW,NONE,2024-11-12 18:15:47.450,citrix,1,652,7,0,1,0
CVE-2018-10562,"An issue was discovered on Dasan GPON home routers. Command Injection can occur via the dest_host parameter in a diag_action=ping request to a GponForm/diag_Form URI. Because the router saves ping results in /tmp and transmits them to the user when the user revisits /diag.html, it's quite simple to execute commands and retrieve their output.",9.8,NETWORK,NONE,NONE,2018-05-04 03:29:00.287,dasannetworks,1,3036,2,1,1,1
CVE-2017-11292,"Adobe Flash Player version 27.0.0.159 and earlier has a flawed bytecode verification procedure, which allows for an untrusted value to be used in the calculation of an array index. This can lead to type confusion, and successful exploitation could lead to arbitrary code execution.",8.8,NETWORK,NONE,REQUIRED,2017-10-22 19:29:00.237,adobe,1,3230,15,1,0,1
CVE-2025-2747,An authentication bypass vulnerability in Kentico Xperience allows authentication bypass via the Staging Sync Server component password handling for the server defined None type. Authentication bypass allows an attacker to control administrative objects.This issue affects Xperience through 13.0.178.,9.8,NETWORK,NONE,NONE,2025-03-24 19:15:51.967,kentico,1,520,1,1,1,1
CVE-2019-0880,"A local elevation of privilege vulnerability exists in how splwow64.exe handles certain calls, aka 'Microsoft splwow64 Elevation of Privilege Vulnerability'.",7.8,LOCAL,LOW,NONE,2019-07-15 19:15:15.687,microsoft,1,2599,245,0,1,0
CVE-2023-38606,"This issue was addressed with improved state management. This issue is fixed in macOS Monterey 12.6.8, iOS 15.7.8 and iPadOS 15.7.8, iOS 16.6 and iPadOS 16.6, tvOS 16.6, macOS Big Sur 11.7.9, macOS Ventura 13.5, watchOS 9.6. An app may be able to modify sensitive kernel state. Apple is aware of a report that this issue may have been actively exploited against versions of iOS released before iOS 15.7.1.",5.5,LOCAL,NONE,REQUIRED,2023-07-27 00:15:16.173,apple,1,1126,32,1,0,0
CVE-2019-8506,"A type confusion issue was addressed with improved memory handling. This issue is fixed in iOS 12.2, tvOS 12.2, watchOS 5.2, Safari 12.1, iTunes 12.9.4 for Windows, iCloud for Windows 7.11. Processing maliciously crafted web content may lead to arbitrary code execution.",8.8,NETWORK,NONE,REQUIRED,2019-12-18 18:15:22.880,apple,1,2443,32,1,0,1
CVE-2022-23131,"In the case of instances where the SAML SSO authentication is enabled (non-default), session data can be modified by a malicious actor, because a user login stored in the session was not verified. Malicious unauthenticated actor may exploit this issue to escalate privileges and gain admin access to Zabbix Frontend. To perform the attack, SAML authentication is required to be enabled and the actor has to know the username of Zabbix user (or use the guest account, which is disabled by default).",9.1,NETWORK,NONE,NONE,2022-01-13 16:15:08.053,zabbix,1,1686,1,1,1,1
CVE-2020-16010,Heap buffer overflow in UI in Google Chrome on Android prior to 86.0.4240.185 allowed a remote attacker who had compromised the renderer process to potentially perform a sandbox escape via a crafted HTML page.,9.6,NETWORK,NONE,REQUIRED,2020-11-03 03:15:15.603,google,1,2122,17,1,0,1
CVE-2018-0171,"A vulnerability in the Smart Install feature of Cisco IOS Software and Cisco IOS XE Software could allow an unauthenticated, remote attacker to trigger a reload of an affected device, resulting in a denial of service (DoS) condition, or to execute arbitrary code on an affected device. The vulnerability is due to improper validation of packet data. An attacker could exploit this vulnerability by sending a crafted Smart Install message to an affected device on TCP port 4786. A successful exploit could allow the attacker to cause a buffer overflow on the affected device, which could have the following impacts: Triggering a reload of the device, Allowing the attacker to execute arbitrary code on the device, Causing an indefinite loop on the affected device that triggers a watchdog crash. Cisco Bug IDs: CSCvg76186.",9.8,NETWORK,NONE,NONE,2018-03-28 22:29:01.063,cisco,1,3073,41,1,1,1
CVE-2022-41080,Microsoft Exchange Server Elevation of Privilege Vulnerability,8.8,NETWORK,LOW,NONE,2022-11-09 22:15:21.550,microsoft,1,1386,245,0,1,1
CVE-2022-3723,Type confusion in V8 in Google Chrome prior to 107.0.5304.87 allowed a remote attacker to potentially exploit heap corruption via a crafted HTML page. (Chromium security severity: High),8.8,NETWORK,NONE,REQUIRED,2022-11-01 23:15:19.710,google,1,1393,17,1,0,1
CVE-2020-17463,"FUEL CMS 1.4.7 allows SQL Injection via the col parameter to /pages/items, /permissions/items, or /navigation/items.",9.8,NETWORK,NONE,NONE,2020-08-13 13:15:17.357,thedaylightstudio,1,2204,1,1,1,1
CVE-2019-2215,"A use-after-free in binder.c allows an elevation of privilege from an application to the Linux Kernel. No user interaction is required to exploit this vulnerability, however exploitation does require either the installation of a malicious local application or a separate vulnerability in a network facing application.Product: AndroidAndroid ID: A-141720095",7.8,LOCAL,LOW,NONE,2019-10-11 19:15:10.947,google,1,2511,17,0,1,0
CVE-2013-0641,"Buffer overflow in Adobe Reader and Acrobat 9.x before 9.5.4, 10.x before 10.1.6, and 11.x before 11.0.02 allows remote attackers to execute arbitrary code via a crafted PDF document, as exploited in the wild in February 2013.",7.8,LOCAL,NONE,REQUIRED,2013-02-14 01:55:02.070,adobe,1,4941,15,1,0,0
CVE-2021-25369,An improper access control vulnerability in sec_log file prior to SMR MAR-2021 Release 1 exposes sensitive kernel information to userspace.,6.2,LOCAL,NONE,NONE,2021-03-26 19:15:12.040,samsung,1,1979,2,1,1,0
CVE-2023-32439,"A type confusion issue was addressed with improved checks. This issue is fixed in iOS 16.5.1 and iPadOS 16.5.1, iOS 15.7.7 and iPadOS 15.7.7, macOS Ventura 13.4.1, Safari 16.5.1. Processing maliciously crafted web content may lead to arbitrary code execution. Apple is aware of a report that this issue may have been actively exploited.",8.8,NETWORK,NONE,REQUIRED,2023-06-23 18:15:13.813,apple,1,1160,32,1,0,1
CVE-2024-9537,"ScienceLogic SL1 (formerly EM7) is affected by an unspecified vulnerability involving an unspecified third-party component packaged with SL1. The vulnerability is addressed in SL1 versions 12.1.3+, 12.2.3+, and 12.3+.  Remediations have been made available for all SL1 versions back to version lines 10.1.x, 10.2.x, 11.1.x, 11.2.x, and 11.3.x.",9.8,NETWORK,NONE,NONE,2024-10-18 15:15:04.170,sciencelogic,1,677,1,1,1,1
CVE-2022-41352,"An issue was discovered in Zimbra Collaboration (ZCS) 8.8.15 and 9.0. An attacker can upload arbitrary files through amavis via a cpio loophole (extraction to /opt/zimbra/jetty/webapps/zimbra/public) that can lead to incorrect access to any other user accounts. Zimbra recommends pax over cpio. Also, pax is in the prerequisites of Zimbra on Ubuntu; however, pax is no longer part of a default Red Hat installation after RHEL 6 (or CentOS 6). Once pax is installed, amavis automatically prefers it over cpio.",9.8,NETWORK,NONE,NONE,2022-09-26 02:15:10.733,synacor,1,1430,7,1,1,1
CVE-2021-3156,"Sudo before 1.9.5p2 contains an off-by-one error that can result in a heap-based buffer overflow, which allows privilege escalation to root via ""sudoedit -s"" and a command-line argument that ends with a single backslash character.",7.8,LOCAL,LOW,NONE,2021-01-26 21:15:12.987,sudo_project,1,2038,1,0,1,0
CVE-2026-20262,"A vulnerability in the web UI of Cisco Catalyst SD-WAN Manager, formerly SD-WAN vManage, could allow an authenticated, remote attacker to create a file or overwrite any file on the filesystem of an affected system.

This vulnerability exists because the affected software does not properly validate user-supplied input during a file upload process. An attacker could exploit this vulnerability by sending a crafted HTTP request to an affected API endpoint of the affected system. A successful exploit could allow the attacker to create or overwrite any file on the underlying operating system. This file could later be used to elevate to root. To exploit this vulnerability, the attacker must have valid credentials with at least a lower-privileged, single-task user account.",6.5,NETWORK,LOW,NONE,2026-06-15 18:16:34.820,cisco,1,72,41,0,1,1
CVE-2025-20393,"A vulnerability in the Spam Quarantine feature of Cisco AsyncOS Software for Cisco Secure Email Gateway and Cisco Secure Email and Web Manager could allow an unauthenticated, remote attacker to execute arbitrary system commands on an affected device with root privileges.

This vulnerability is due to insufficient validation of HTTP requests by the Spam Quarantine feature. An attacker could exploit this vulnerability by sending a crafted HTTP request to the affected device. A successful exploit could allow the attacker to execute arbitrary commands on the underlying operating system with&nbsp;root privileges.",10.0,NETWORK,NONE,NONE,2025-12-17 17:15:48.523,cisco,1,252,41,1,1,1
CVE-2013-2729,"Integer overflow in Adobe Reader and Acrobat 9.x before 9.5.5, 10.x before 10.1.7, and 11.x before 11.0.03 allows attackers to execute arbitrary code via unspecified vectors, a different vulnerability than CVE-2013-2727.",9.8,NETWORK,NONE,NONE,2013-05-16 11:45:31.263,adobe,1,4850,15,1,1,1
CVE-2017-8291,"Artifex Ghostscript through 2017-04-26 allows -dSAFER bypass and remote command execution via .rsdparams type confusion with a ""/OutputFile (%pipe%"" substring in a crafted .eps document that is an input to the gs program, as exploited in the wild in April 2017.",7.8,LOCAL,NONE,REQUIRED,2017-04-27 01:59:02.057,artifex,1,3408,1,1,0,0
CVE-2020-17144,Microsoft Exchange Remote Code Execution Vulnerability,8.4,NETWORK,HIGH,REQUIRED,2020-12-10 00:15:16.120,microsoft,1,2085,245,0,0,1
CVE-2024-23113,"A use of externally-controlled format string in Fortinet FortiOS versions 7.4.0 through 7.4.2, 7.2.0 through 7.2.6, 7.0.0 through 7.0.13, FortiProxy versions 7.4.0 through 7.4.2, 7.2.0 through 7.2.8, 7.0.0 through 7.0.14, FortiPAM versions 1.2.0, 1.1.0 through 1.1.2, 1.0.0 through 1.0.3, FortiSwitchManager versions 7.2.0 through 7.2.3, 7.0.0 through 7.0.3 allows attacker to execute unauthorized code or commands via specially crafted packets.",9.8,NETWORK,NONE,NONE,2024-02-15 14:15:46.503,fortinet,1,923,6,1,1,1
CVE-2020-10199,Sonatype Nexus Repository before 3.21.2 allows JavaEL Injection (issue 1 of 2).,8.8,NETWORK,LOW,NONE,2020-04-01 19:15:14.393,sonatype,1,2338,1,0,1,1
CVE-2020-8260,A vulnerability in the Pulse Connect Secure < 9.1R9 admin web interface could allow an authenticated attacker to perform an arbitrary code execution using uncontrolled gzip extraction.,7.2,NETWORK,HIGH,NONE,2020-10-28 13:15:13.027,ivanti,1,2128,9,0,1,1
CVE-2016-20017,"D-Link DSL-2750B devices before 1.05 allow remote unauthenticated command injection via the login.cgi cli parameter, as exploited in the wild in 2016 through 2022.",9.8,NETWORK,NONE,NONE,2022-10-19 05:15:08.817,dlink,1,1407,9,1,1,1
CVE-2020-8243,A vulnerability in the Pulse Connect Secure < 9.1R8.2 admin web interface could allow an authenticated attacker to upload custom template to perform an arbitrary code execution.,7.2,NETWORK,HIGH,NONE,2020-09-30 18:15:29.070,ivanti,1,2156,9,0,1,1
CVE-2020-3452,"A vulnerability in the web services interface of Cisco Adaptive Security Appliance (ASA) Software and Cisco Firepower Threat Defense (FTD) Software could allow an unauthenticated, remote attacker to conduct directory traversal attacks and read sensitive files on a targeted system. The vulnerability is due to a lack of proper input validation of URLs in HTTP requests processed by an affected device. An attacker could exploit this vulnerability by sending a crafted HTTP request containing directory traversal character sequences to an affected device. A successful exploit could allow the attacker to view arbitrary files within the web services file system on the targeted device. The web services file system is enabled when the affected device is configured with either WebVPN or AnyConnect features. This vulnerability cannot be used to obtain access to ASA or FTD system files or underlying operating system (OS) files.",7.5,NETWORK,NONE,NONE,2020-07-22 20:15:11.970,cisco,1,2226,41,1,1,1
CVE-2020-2021,"When Security Assertion Markup Language (SAML) authentication is enabled and the 'Validate Identity Provider Certificate' option is disabled (unchecked), improper verification of signatures in PAN-OS SAML authentication enables an unauthenticated network-based attacker to access protected resources. The attacker must have network access to the vulnerable server to exploit this vulnerability. This issue affects PAN-OS 9.1 versions earlier than PAN-OS 9.1.3; PAN-OS 9.0 versions earlier than PAN-OS 9.0.9; PAN-OS 8.1 versions earlier than PAN-OS 8.1.15, and all versions of PAN-OS 8.0 (EOL). This issue does not affect PAN-OS 7.1. This issue cannot be exploited if SAML is not used for authentication. This issue cannot be exploited if the 'Validate Identity Provider Certificate' option is enabled (checked) in the SAML Identity Provider Server Profile. Resources that can be protected by SAML-based single sign-on (SSO) authentication are: GlobalProtect Gateway, GlobalProtect Portal, GlobalProtect Clientless VPN, Authentication and Captive Portal, PAN-OS next-generation firewalls (PA-Series, VM-Series) and Panorama web interfaces, Prisma Access In the case of GlobalProtect Gateways, GlobalProtect Portal, Clientless VPN, Captive Portal, and Prisma Access, an unauthenticated attacker with network access to the affected servers can gain access to protected resources if allowed by configured authentication and Security policies. There is no impact on the integrity and availability of the gateway, portal or VPN server. An attacker cannot inspect or tamper with sessions of regular users. In the worst case, this is a critical severity vulnerability with a CVSS Base Score of 10.0 (CVSS:3.1/AV:N/AC:L/PR:N/UI:N/S:C/C:H/I:H/A:N). In the case of PAN-OS and Panorama web interfaces, this issue allows an unauthenticated attacker with network access to the PAN-OS or Panorama web interfaces to log in as an administrator and perform administrative actions. In the worst-case scenario, this is a critical severity vulnerability with a CVSS Base Score of 10.0 (CVSS:3.1/AV:N/AC:L/PR:N/UI:N/S:C/C:H/I:H/A:H). If the web interfaces are only accessible to a restricted management network, then the issue is lowered to a CVSS Base Score of 9.6 (CVSS:3.1/AV:A/AC:L/PR:N/UI:N/S:C/C:H/I:H/A:H). Palo Alto Networks is not aware of any malicious attempts to exploit this vulnerability.",10.0,NETWORK,NONE,NONE,2020-06-29 15:15:12.733,paloaltonetworks,1,2249,6,1,1,1
CVE-2016-4117,"Adobe Flash Player 21.0.0.226 and earlier allows remote attackers to execute arbitrary code via unspecified vectors, as exploited in the wild in May 2016.",9.8,NETWORK,NONE,NONE,2016-05-11 01:59:46.137,adobe,1,3759,15,1,1,1
CVE-2021-21220,Insufficient validation of untrusted input in V8 in Google Chrome prior to 89.0.4389.128 allowed a remote attacker to potentially exploit heap corruption via a crafted HTML page.,8.8,NETWORK,NONE,REQUIRED,2021-04-26 17:15:08.593,google,1,1948,17,1,0,1
CVE-2015-2291,"(1) IQVW32.sys before 1.3.1.0 and (2) IQVW64.sys before 1.3.1.0 in the Intel Ethernet diagnostics driver for Windows allows local users to cause a denial of service or possibly execute arbitrary code with kernel privileges via a crafted (a) 0x80862013, (b) 0x8086200B, (c) 0x8086200F, or (d) 0x80862007 IOCTL call.",7.8,LOCAL,LOW,NONE,2017-08-09 18:29:00.933,intel,1,3304,3,0,1,0
CVE-2009-0563,"Stack-based buffer overflow in Microsoft Office Word 2002 SP3, 2003 SP3, and 2007 SP1 and SP2; Microsoft Office for Mac 2004 and 2008; Open XML File Format Converter for Mac; Microsoft Office Word Viewer 2003 SP3; Microsoft Office Word Viewer; and Microsoft Office Compatibility Pack for Word, Excel, and PowerPoint 2007 File Formats SP1 and SP2 allows remote attackers to execute arbitrary code via a Word document with a crafted tag containing an invalid length field, aka ""Word Buffer Overflow Vulnerability.""",7.8,LOCAL,NONE,REQUIRED,2009-06-10 18:00:00.313,microsoft,1,6286,245,1,0,0
CVE-2026-48939,"A vulnerability in the iCagenda extension for Joomla allows the upload of arbitrary files in the file attachment feature, ultimately resulting in PHP code upload and execution.",9.8,NETWORK,NONE,NONE,2026-06-20 13:16:42.433,joomlic,1,67,1,1,1,1
CVE-2024-13160,Absolute path traversal in Ivanti EPM before the 2024 January-2025 Security Update and 2022 SU6 January-2025 Security Update allows a remote unauthenticated attacker to leak sensitive information.,9.8,NETWORK,NONE,NONE,2025-01-14 18:15:26.447,ivanti,1,589,9,1,1,1
CVE-2011-2005,"afd.sys in the Ancillary Function Driver in Microsoft Windows XP SP2 and SP3 and Server 2003 SP2 does not properly validate user-mode input passed to kernel mode, which allows local users to gain privileges via a crafted application, aka ""Ancillary Function Driver Elevation of Privilege Vulnerability.""",7.8,LOCAL,NONE,REQUIRED,2011-10-12 02:52:43.910,microsoft,1,5432,245,1,0,0
CVE-2023-38203,"Adobe ColdFusion versions 2018u17 (and earlier), 2021u7 (and earlier) and 2023u1 (and earlier) are affected by a Deserialization of Untrusted Data vulnerability that could result in Arbitrary code execution. Exploitation of this issue does not require user interaction.",9.8,NETWORK,NONE,NONE,2023-07-20 16:15:12.180,adobe,1,1133,15,1,1,1
CVE-2022-29303,SolarView Compact ver.6.00 was discovered to contain a command injection vulnerability via conf_mail.php.,9.8,NETWORK,NONE,NONE,2022-05-12 16:15:07.600,contec,1,1567,1,1,1,1
CVE-2024-3272,"** UNSUPPORTED WHEN ASSIGNED ** A vulnerability, which was classified as very critical, has been found in D-Link DNS-320L, DNS-325, DNS-327L and DNS-340L up to 20240403. This issue affects some unknown processing of the file /cgi-bin/nas_sharing.cgi of the component HTTP GET Request Handler. The manipulation of the argument user with the input messagebus leads to hard-coded credentials. The attack may be initiated remotely. The exploit has been disclosed to the public and may be used. The associated identifier of this vulnerability is VDB-259283. NOTE: This vulnerability only affects products that are no longer supported by the maintainer. NOTE: Vendor was contacted early and confirmed immediately that the product is end-of-life. It should be retired and replaced.",9.8,NETWORK,NONE,NONE,2024-04-04 01:15:50.123,dlink,1,874,9,1,1,1
CVE-2023-27532,Vulnerability in Veeam Backup & Replication component allows encrypted credentials stored in the configuration database to be obtained. This may lead to gaining access to the backup infrastructure hosts.,7.5,NETWORK,NONE,NONE,2023-03-10 22:15:10.557,veeam,1,1265,1,1,1,1
CVE-2018-17480,Execution of user supplied Javascript during array deserialization leading to an out of bounds write in V8 in Google Chrome prior to 71.0.3578.80 allowed a remote attacker to execute arbitrary code inside a sandbox via a crafted HTML page.,8.8,NETWORK,NONE,REQUIRED,2018-12-11 16:29:00.623,google,1,2815,17,1,0,1
CVE-2020-8644,PlaySMS before 1.4.3 does not sanitize inputs from a malicious string.,9.8,NETWORK,NONE,NONE,2020-02-05 22:15:11.003,playsms,1,2394,1,1,1,1
CVE-2025-55177,"Incomplete authorization of linked device synchronization messages in WhatsApp for iOS prior to v2.25.21.73, WhatsApp Business for iOS v2.25.21.78, and WhatsApp for Mac v2.25.21.78 could have allowed an unrelated user to trigger processing of content from an arbitrary URL on a target’s device. We assess that this vulnerability, in combination with an OS-level vulnerability on Apple platforms (CVE-2025-43300), may have been exploited in a sophisticated attack against specific targeted users.",5.4,NETWORK,LOW,NONE,2025-08-29 16:15:36.723,whatsapp,1,362,1,0,1,1
CVE-2025-61932,"Lanscope Endpoint Manager (On-Premises) (Client program (MR) and Detection agent (DA)) improperly verifies the origin of incoming requests, allowing an attacker to execute arbitrary code by sending specially crafted packets.",9.8,NETWORK,NONE,NONE,2025-10-20 08:15:33.303,motex,1,310,1,1,1,1
CVE-2020-5135,"A buffer overflow vulnerability in SonicOS allows a remote attacker to cause Denial of Service (DoS) and potentially execute arbitrary code by sending a malicious request to the firewall. This vulnerability affected SonicOS Gen 6 version 6.5.4.7, 6.5.1.12, 6.0.5.3, SonicOSv 6.5.4.v and Gen 7 version 7.0.0.0.",9.8,NETWORK,NONE,NONE,2020-10-12 11:15:12.747,sonicwall,1,2144,3,1,1,1
CVE-2016-0167,"The kernel-mode driver in Microsoft Windows Vista SP2, Windows Server 2008 SP2 and R2 SP1, Windows 7 SP1, Windows 8.1, Windows Server 2012 Gold and R2, Windows RT 8.1, and Windows 10 Gold and 1511 allows local users to gain privileges via a crafted application, aka ""Win32k Elevation of Privilege Vulnerability,"" a different vulnerability than CVE-2016-0143 and CVE-2016-0165.",7.8,LOCAL,NONE,REQUIRED,2016-04-12 23:59:30.430,microsoft,1,3787,245,1,0,0
CVE-2017-5521,"An issue was discovered on NETGEAR R8500, R8300, R7000, R6400, R7300, R7100LG, R6300v2, WNDR3400v3, WNR3500Lv2, R6250, R6700, R6900, and R8000 devices. They are prone to password disclosure via simple crafted requests to the web management server. The bug is exploitable remotely if the remote management option is set, and can also be exploited given access to the router over LAN or WLAN. When trying to access the web panel, a user is asked to authenticate; if the authentication is canceled and password recovery is not enabled, the user is redirected to a page that exposes a password recovery token. If a user supplies the correct token to the page /passwordrecovered.cgi?id=TOKEN (and password recovery is not enabled), they will receive the admin password for the router. If password recovery is set the exploit will fail, as it will ask the user for the recovery questions that were previously set when enabling that feature. This is persistent (even after disabling the recovery option, the exploit will fail) because the router will ask for the security questions.",8.1,NETWORK,NONE,NONE,2017-01-17 09:59:00.333,netgear,1,3508,1,1,1,1
CVE-2017-0146,"The SMBv1 server in Microsoft Windows Vista SP2; Windows Server 2008 SP2 and R2 SP1; Windows 7 SP1; Windows 8.1; Windows Server 2012 Gold and R2; Windows RT 8.1; and Windows 10 Gold, 1511, and 1607; and Windows Server 2016 allows remote attackers to execute arbitrary code via crafted packets, aka ""Windows SMB Remote Code Execution Vulnerability."" This vulnerability is different from those described in CVE-2017-0143, CVE-2017-0144, CVE-2017-0145, and CVE-2017-0148.",8.8,NETWORK,LOW,NONE,2017-03-17 00:59:04.070,microsoft,1,3449,245,0,1,1
CVE-2020-8193,"Improper access control in Citrix ADC and Citrix Gateway versions before 13.0-58.30, 12.1-57.18, 12.0-63.21, 11.1-64.14 and 10.5-70.18 and Citrix SDWAN WAN-OP versions before 11.1.1a, 11.0.3d and 10.2.7 allows unauthenticated access to certain URL endpoints.",6.5,NETWORK,NONE,NONE,2020-07-10 16:15:12.157,citrix,1,2238,7,1,1,1
CVE-2025-0411,"7-Zip Mark-of-the-Web Bypass Vulnerability. This vulnerability allows remote attackers to bypass the Mark-of-the-Web protection mechanism on affected installations of 7-Zip. User interaction is required to exploit this vulnerability in that the target must visit a malicious page or open a malicious file.

The specific flaw exists within the handling of archived files. When extracting files from a crafted archive that bears the Mark-of-the-Web, 7-Zip does not propagate the Mark-of-the-Web to the extracted files. An attacker can leverage this vulnerability to execute arbitrary code in the context of the current user. Was ZDI-CAN-25456.",7.0,LOCAL,NONE,REQUIRED,2025-01-25 05:15:09.533,netapp,1,578,2,1,0,0
CVE-2021-36942,Windows LSA Spoofing Vulnerability,7.5,NETWORK,NONE,NONE,2021-08-12 18:15:10.000,microsoft,1,1840,245,1,1,1
CVE-2024-37085,VMware ESXi contains an authentication bypass vulnerability. A malicious actor with sufficient Active Directory (AD) permissions can gain full access to an ESXi host that was previously  configured to use AD for user management https://blogs.vmware.com/vsphere/2012/09/joining-vsphere-hosts-to-active-directory.html  by re-creating the configured AD group ('ESXi Admins' by default) after it was deleted from AD.,6.8,NETWORK,HIGH,REQUIRED,2024-06-25 15:15:12.377,vmware,1,792,5,0,0,1
CVE-2017-15944,"Palo Alto Networks PAN-OS before 6.1.19, 7.0.x before 7.0.19, 7.1.x before 7.1.14, and 8.0.x before 8.0.6 allows remote attackers to execute arbitrary code via vectors involving the management interface.",9.8,NETWORK,NONE,NONE,2017-12-11 17:29:00.490,paloaltonetworks,1,3180,6,1,1,1
CVE-2026-5281,Use after free in Dawn in Google Chrome prior to 146.0.7680.178 allowed a remote attacker who had compromised the renderer process to execute arbitrary code via a crafted HTML page. (Chromium security severity: High),8.8,NETWORK,NONE,REQUIRED,2026-04-01 05:16:01.440,google,1,147,17,1,0,1
CVE-2011-1889,"The NSPLookupServiceNext function in the client in Microsoft Forefront Threat Management Gateway (TMG) 2010 allows remote attackers to execute arbitrary code via vectors involving unspecified requests, aka ""TMG Firewall Client Memory Corruption Vulnerability.""",9.8,NETWORK,NONE,NONE,2011-06-16 20:55:02.543,microsoft,1,5550,245,1,1,1
CVE-2021-44207,Acclaim USAHERDS through 7.4.0.1 uses hard-coded credentials.,8.1,NETWORK,NONE,NONE,2021-12-21 18:15:08.143,acclaimsystems,1,1709,1,1,1,1
CVE-2024-9463,"An OS command injection vulnerability in Palo Alto Networks Expedition allows an unauthenticated attacker to run arbitrary OS commands as root in Expedition, resulting in disclosure of usernames, cleartext passwords, device configurations, and device API keys of PAN-OS firewalls.",7.5,NETWORK,NONE,NONE,2024-10-09 17:15:19.973,paloaltonetworks,1,686,6,1,1,1
CVE-2021-30551,Type confusion in V8 in Google Chrome prior to 91.0.4472.101 allowed a remote attacker to potentially exploit heap corruption via a crafted HTML page.,8.8,NETWORK,NONE,REQUIRED,2021-06-15 22:15:09.067,google,1,1898,17,1,0,1
CVE-2022-41091,Windows Mark of the Web Security Feature Bypass Vulnerability,5.4,NETWORK,NONE,REQUIRED,2022-11-09 22:15:22.093,microsoft,1,1386,245,1,0,1
CVE-2023-6549,Improper Restriction of Operations within the Bounds of a Memory Buffer in NetScaler ADC and NetScaler Gateway allows Unauthenticated Denial of Service and Out-Of-Bounds Memory Read,8.2,NETWORK,NONE,NONE,2024-01-17 21:15:11.690,citrix,1,952,7,1,1,1
CVE-2023-46747,"Undisclosed requests may bypass configuration utility authentication, allowing an attacker with network access to the BIG-IP system through the management port and/or self IP addresses to execute arbitrary system commands.  Note: Software versions which have reached End of Technical Support (EoTS) are not evaluated",9.8,NETWORK,NONE,NONE,2023-10-26 21:15:08.097,f5,1,1035,2,1,1,1
CVE-2021-38646,Microsoft Office Access Connectivity Engine Remote Code Execution Vulnerability,7.8,LOCAL,NONE,REQUIRED,2021-09-15 12:15:15.033,microsoft,1,1806,245,1,0,0
CVE-2017-0145,"The SMBv1 server in Microsoft Windows Vista SP2; Windows Server 2008 SP2 and R2 SP1; Windows 7 SP1; Windows 8.1; Windows Server 2012 Gold and R2; Windows RT 8.1; and Windows 10 Gold, 1511, and 1607; and Windows Server 2016 allows remote attackers to execute arbitrary code via crafted packets, aka ""Windows SMB Remote Code Execution Vulnerability."" This vulnerability is different from those described in CVE-2017-0143, CVE-2017-0144, CVE-2017-0146, and CVE-2017-0148.",8.8,NETWORK,LOW,NONE,2017-03-17 00:59:04.040,microsoft,1,3449,245,0,1,1
CVE-2020-11738,The Snap Creek Duplicator plugin before 1.3.28 for WordPress (and Duplicator Pro before 3.8.7.1) allows Directory Traversal via ../ in the file parameter to duplicator_download or duplicator_init.,7.5,NETWORK,NONE,NONE,2020-04-13 22:15:10.660,awesomemotive,1,2326,1,1,1,1
CVE-2020-5849,Unraid 6.8.0 allows authentication bypass.,7.5,NETWORK,NONE,NONE,2020-03-16 18:15:12.790,unraid,1,2354,1,1,1,1
CVE-2019-7481,Vulnerability in SonicWall SMA100 allow unauthenticated user to gain read-only access to unauthorized resources. This vulnerablity impacted SMA100 version 9.0.0.3 and earlier.,7.5,NETWORK,NONE,NONE,2019-12-17 23:15:14.923,sonicwall,1,2443,3,1,1,1
CVE-2018-10561,"An issue was discovered on Dasan GPON home routers. It is possible to bypass authentication simply by appending ""?images"" to any URL of the device that requires authentication, as demonstrated by the /menu.html?images/ or /GponForm/diag_FORM?images/ URI. One can then manage the device.",9.8,NETWORK,NONE,NONE,2018-05-04 03:29:00.227,dasannetworks,1,3036,2,1,1,1
CVE-2025-0111,"An authenticated file read vulnerability in the Palo Alto Networks PAN-OS software enables an authenticated attacker with network access to the management web interface to read files on the PAN-OS filesystem that are readable by the “nobody” user.

You can greatly reduce the risk of this issue by restricting access to the management web interface to only trusted internal IP addresses according to our recommended  best practices deployment guidelines https://live.paloaltonetworks.com/t5/community-blogs/tips-amp-tricks-how-to-secure-the-management-access-of-your-palo/ba-p/464431 .



This issue does not affect Cloud NGFW or Prisma Access software.",6.5,NETWORK,LOW,NONE,2025-02-12 21:15:16.793,paloaltonetworks,1,560,6,0,1,1
CVE-2015-1642,"Microsoft Office 2007 SP3, 2010 SP2, and 2013 SP1 allows remote attackers to execute arbitrary code via a crafted document, aka ""Microsoft Office Memory Corruption Vulnerability.""",7.8,LOCAL,NONE,REQUIRED,2015-08-15 00:59:00.110,microsoft,1,4029,245,1,0,0
CVE-2026-56155,Insufficient granularity of access control in Active Directory Federation Services (AD FS) allows an authorized attacker to elevate privileges locally.,7.8,LOCAL,LOW,NONE,2026-07-14 17:17:09.763,microsoft,1,43,245,0,1,0
CVE-2025-66376,Zimbra Collaboration (ZCS) 10 before 10.0.18 and 10.1 before 10.1.13 allows Classic UI stored XSS via Cascading Style Sheets (CSS) @import directives in an HTML e-mail message.,7.2,NETWORK,NONE,NONE,2026-01-05 15:15:44.903,synacor,1,233,7,1,1,1
CVE-2025-0282,"A stack-based buffer overflow in Ivanti Connect Secure before version 22.7R2.5, Ivanti Policy Secure before version 22.7R1.2, and Ivanti Neurons for ZTA gateways before version 22.7R2.3 allows a remote unauthenticated attacker to achieve remote code execution.",9.0,NETWORK,NONE,NONE,2025-01-08 23:15:09.763,ivanti,1,594,9,1,1,1
CVE-2023-33106,Memory corruption while submitting a large list of sync points in an AUX command to the IOCTL_KGSL_GPU_AUX_COMMAND.,8.4,LOCAL,NONE,NONE,2023-12-05 03:15:14.673,qualcomm,1,995,6,1,1,0
CVE-2019-7483,"In SonicWall SMA100, an unauthenticated Directory Traversal vulnerability in the handleWAFRedirect CGI allows the user to test for the presence of a file on the server.",7.5,NETWORK,NONE,NONE,2019-12-19 01:15:10.803,sonicwall,1,2442,3,1,1,1
CVE-2020-8218,A code injection vulnerability exists in Pulse Connect Secure <9.1R8 that allows an attacker to crafted a URI to perform an arbitrary code execution via the admin web interface.,7.2,NETWORK,HIGH,NONE,2020-07-30 13:15:11.847,ivanti,1,2218,9,0,1,1
CVE-2011-4723,"The D-Link DIR-300 router stores cleartext passwords, which allows context-dependent attackers to obtain sensitive information via unspecified vectors.",5.7,ADJACENT_NETWORK,LOW,NONE,2011-12-20 11:55:08.413,dlink,1,5363,9,0,1,0
CVE-2012-0754,"Adobe Flash Player before 10.3.183.15 and 11.x before 11.1.102.62 on Windows, Mac OS X, Linux, and Solaris; before 11.1.111.6 on Android 2.x and 3.x; and before 11.1.115.6 on Android 4.x allows attackers to execute arbitrary code or cause a denial of service (memory corruption) via unspecified vectors.",8.1,NETWORK,NONE,NONE,2012-02-16 19:55:01.130,adobe,1,5305,15,1,1,1
CVE-2016-7892,"Adobe Flash Player versions 23.0.0.207 and earlier, 11.2.202.644 and earlier have an exploitable use after free vulnerability in the TextField class. Successful exploitation could lead to arbitrary code execution.",8.8,NETWORK,NONE,REQUIRED,2016-12-15 06:59:56.313,adobe,1,3541,15,1,0,1
CVE-2025-4008,"The Meteobridge web interface let meteobridge administrator manage their weather station data collection and administer their meteobridge system through a web application written in CGI shell scripts and C.

This web interface exposes an endpoint that is vulnerable to command injection.

Remote unauthenticated attackers can gain arbitrary command execution with elevated privileges ( root ) on affected devices.",8.8,ADJACENT_NETWORK,NONE,NONE,2025-05-21 16:15:33.987,smartbedded,1,462,1,1,1,0
CVE-2017-0147,"The SMBv1 server in Microsoft Windows Vista SP2; Windows Server 2008 SP2 and R2 SP1; Windows 7 SP1; Windows 8.1; Windows Server 2012 Gold and R2; Windows RT 8.1; and Windows 10 Gold, 1511, and 1607; and Windows Server 2016 allows remote attackers to obtain sensitive information from process memory via a crafted packets, aka ""Windows SMB Information Disclosure Vulnerability.""",7.5,NETWORK,NONE,NONE,2017-03-17 00:59:04.087,microsoft,1,3449,245,1,1,1
CVE-2021-27137,"An issue was discovered in router/upnp/src/ssdp.c in DD-WRT before 45724. An unsafe strcpy in the UPnP handling functionality allows an unauthenticated remote attacker to send a request that would overflow an internal fixed buffer. Exploitation requires the DD-WRT user to enable UPnP (which is off by default, and only listens on internal interfaces by default). This occurs in ssdp_msearch (reachable by an M-SEARCH request).",8.1,NETWORK,NONE,NONE,2026-07-16 18:16:39.113,dd-wrt,1,41,1,1,1,1
CVE-2018-19323,"The GDrv low-level driver in GIGABYTE APP Center v1.05.21 and earlier, AORUS GRAPHICS ENGINE before 1.57, XTREME GAMING ENGINE before 1.26, and OC GURU II v2.08 exposes functionality to read and write Machine Specific Registers (MSRs).",9.8,NETWORK,NONE,NONE,2018-12-21 23:29:00.730,gigabyte,1,2804,1,1,1,1
CVE-2021-30661,"A use after free issue was addressed with improved memory management. This issue is fixed in Safari 14.1, iOS 12.5.3, iOS 14.5 and iPadOS 14.5, watchOS 7.4, tvOS 14.5, macOS Big Sur 11.3. Processing maliciously crafted web content may lead to arbitrary code execution. Apple is aware of a report that this issue may have been actively exploited..",8.8,NETWORK,NONE,REQUIRED,2021-09-08 15:15:13.320,apple,1,1813,32,1,0,1
CVE-2025-14847,"Mismatched length fields in Zlib compressed protocol headers may allow a read of uninitialized heap memory by an unauthenticated client. This issue affects all MongoDB Server v7.0 prior to 7.0.28 versions, MongoDB Server v8.0 versions prior to 8.0.17, MongoDB Server v8.2 versions prior to 8.2.3, MongoDB Server v6.0 versions prior to 6.0.27, MongoDB Server v5.0 versions prior to 5.0.32, MongoDB Server v4.4 versions prior to 4.4.30, MongoDB Server v4.2 versions greater than or equal to 4.2.0, MongoDB Server v4.0 versions greater than or equal to 4.0.0, and MongoDB Server v3.6 versions greater than or equal to 3.6.0.",7.5,NETWORK,NONE,NONE,2025-12-19 11:15:49.277,mongodb,1,250,1,1,1,1
CVE-2014-3153,"The futex_requeue function in kernel/futex.c in the Linux kernel through 3.14.5 does not ensure that calls have two different futex addresses, which allows local users to gain privileges via a crafted FUTEX_REQUEUE command that facilitates unsafe waiter modification.",7.8,LOCAL,LOW,NONE,2014-06-07 14:55:27.240,linux,1,4463,24,0,1,0
CVE-2023-36563,Microsoft WordPad Information Disclosure Vulnerability,6.5,NETWORK,NONE,REQUIRED,2023-10-10 18:15:13.003,microsoft,1,1051,245,1,0,1
CVE-2025-24989,"An improper access control vulnerability in Power Pages allows an unauthorized attacker to elevate privileges over a network potentially bypassing the user registration control.
This vulnerability has already been mitigated in the service and all affected customers have been notified. This update addressed the registration control bypass. Affected customers have been given instructions on reviewing their sites for potential exploitation and clean up methods. If you've not been notified this vulnerability does not affect you.",8.2,NETWORK,NONE,NONE,2025-02-19 23:15:15.167,microsoft,1,552,245,1,1,1
CVE-2019-9670,"mailboxd component in Synacor Zimbra Collaboration Suite 8.7.x before 8.7.11p10 has an XML External Entity injection (XXE) vulnerability, as demonstrated by Autodiscover/Autodiscover.xml.",9.8,NETWORK,NONE,NONE,2019-05-29 22:29:01.507,synacor,1,2646,7,1,1,1
CVE-2022-0847,"A flaw was found in the way the ""flags"" member of the new pipe buffer structure was lacking proper initialization in copy_page_to_iter_pipe and push_pipe functions in the Linux kernel and could thus contain stale values. An unprivileged local user could use this flaw to write to pages in the page cache backed by read only files and as such escalate their privileges on the system.",7.8,LOCAL,LOW,NONE,2022-03-10 17:44:57.283,linux,1,1630,24,0,1,0
CVE-2022-26904,Windows User Profile Service Elevation of Privilege Vulnerability,7.0,LOCAL,LOW,NONE,2022-04-15 19:15:15.027,microsoft,1,1594,245,0,1,0
CVE-2018-0824,"A remote code execution vulnerability exists in ""Microsoft COM for Windows"" when it fails to properly handle serialized objects, aka ""Microsoft COM for Windows Remote Code Execution Vulnerability."" This affects Windows 7, Windows Server 2012 R2, Windows RT 8.1, Windows Server 2008, Windows Server 2012, Windows 8.1, Windows Server 2016, Windows Server 2008 R2, Windows 10, Windows 10 Servers.",8.8,NETWORK,NONE,REQUIRED,2018-05-09 19:29:00.370,microsoft,1,3031,245,1,0,1
CVE-2025-22224,"VMware ESXi, and Workstation contain a TOCTOU (Time-of-Check Time-of-Use) vulnerability that leads to an out-of-bounds write. A malicious actor with local administrative privileges on a virtual machine may exploit this issue to execute code as the virtual machine's VMX process running on the host.",9.3,LOCAL,NONE,NONE,2025-03-04 12:15:33.687,vmware,1,540,5,1,1,0
CVE-2021-21972,"The vSphere Client (HTML5) contains a remote code execution vulnerability in a vCenter Server plugin. A malicious actor with network access to port 443 may exploit this issue to execute commands with unrestricted privileges on the underlying operating system that hosts vCenter Server. This affects VMware vCenter Server (7.x before 7.0 U1c, 6.7 before 6.7 U3l and 6.5 before 6.5 U3n) and VMware Cloud Foundation (4.x before 4.2 and 3.x before 3.10.1.2).",9.8,NETWORK,NONE,NONE,2021-02-24 17:15:15.833,vmware,1,2009,5,1,1,1
CVE-2024-55550,"Mitel MiCollab through 9.8 SP2 could allow an authenticated attacker with administrative privilege to conduct a local file read, due to insufficient input sanitization. A successful exploit could allow the authenticated admin attacker to access resources that are constrained to the admin access level, and the disclosure is limited to non-sensitive system information. This vulnerability does not allow file modification or privilege escalation.",2.7,NETWORK,HIGH,NONE,2024-12-10 19:15:31.110,mitel,1,624,1,0,1,1
CVE-2025-5086,A deserialization of untrusted data vulnerability affecting DELMIA Apriso from Release 2020 through Release 2025 could lead to a remote code execution.,9.0,NETWORK,NONE,NONE,2025-06-02 18:15:25.010,3ds,1,450,1,1,1,1
CVE-2018-13374,"A Improper Access Control in Fortinet FortiOS 6.0.2, 5.6.7 and before, FortiADC 6.1.0, 6.0.0 to 6.0.1, 5.4.0 to 5.4.4 allows attacker to obtain the LDAP server login credentials configured in FortiGate via pointing a LDAP server connectivity test request to a rogue LDAP server instead of the configured one.",4.3,NETWORK,LOW,NONE,2019-01-22 14:29:00.220,fortinet,1,2773,6,0,1,1
CVE-2026-0257,"Authentication bypass vulnerabilities in the GlobalProtect portal and gateway of Palo Alto Networks PAN-OS® software allows the attacker to bypass security restrictions and establish an unauthorized VPN connection.

Panorama and Cloud NGFW are not impacted by these issues.",9.1,NETWORK,NONE,NONE,2026-05-13 19:17:01.040,paloaltonetworks,1,105,6,1,1,1
CVE-2023-23529,"A type confusion issue was addressed with improved checks. This issue is fixed in iOS 15.7.4 and iPadOS 15.7.4, iOS 16.3.1 and iPadOS 16.3.1, macOS Ventura 13.2.1, Safari 16.3. Processing maliciously crafted web content may lead to arbitrary code execution. Apple is aware of a report that this issue may have been actively exploited.",8.8,NETWORK,NONE,REQUIRED,2023-02-27 20:15:14.710,apple,1,1276,32,1,0,1
CVE-2026-64849,"MLflow is an open source AI engineering platform for agents, large language models, and machine learning models. Prior to 3.15.0, the unauthenticated POST /api/2.0/mlflow/webhooks/{id}/test endpoint calls _validate_webhook_url() in mlflow/utils/validation.py only for the original URL while mlflow/webhooks/delivery.py follows redirects and re-resolves the hostname without pinning the validated address, allowing attackers to reach internal or cloud metadata services and receive response_status and response_body. This issue is fixed in version 3.15.0.",9.3,NETWORK,NONE,NONE,2026-08-17 22:17:23.580,lfprojects,1,9,1,1,1,1
CVE-2025-31161,"CrushFTP 10 before 10.8.4 and 11 before 11.3.1 allows authentication bypass and takeover of the crushadmin account (unless a DMZ proxy instance is used), as exploited in the wild in March and April 2025, aka ""Unauthenticated HTTP(S) port access."" A race condition exists in the AWS4-HMAC (compatible with S3) authorization method of the HTTP component of the FTP server. The server first verifies the existence of the user by performing a call to login_user_pass() with no password requirement. This will authenticate the session through the HMAC verification process and up until the server checks for user verification once more. The vulnerability can be further stabilized, eliminating the need for successfully triggering a race condition, by sending a mangled AWS4-HMAC header. By providing only the username and a following slash (/), the server will successfully find a username, which triggers the successful anypass authentication process, but the server will fail to find the expected SignedHeaders entry, resulting in an index-out-of-bounds error that stops the code from reaching the session cleanup. Together, these issues make it trivial to authenticate as any known or guessable user (e.g., crushadmin), and can lead to a full compromise of the system by obtaining an administrative account.",9.8,NETWORK,NONE,NONE,2025-04-03 20:15:25.373,crushftp,1,510,2,1,1,1
CVE-2024-7971,Type confusion in V8 in Google Chrome prior to 128.0.6613.84 allowed a remote attacker to exploit heap corruption via a crafted HTML page. (Chromium security severity: High),9.6,NETWORK,NONE,REQUIRED,2024-08-21 21:15:09.277,google,1,735,17,1,0,1
CVE-2016-5198,"V8 in Google Chrome prior to 54.0.2840.90 for Linux, and 54.0.2840.85 for Android, and 54.0.2840.87 for Windows and Mac included incorrect optimisation assumptions, which allowed a remote attacker to perform arbitrary read/write operations, leading to code execution, via a crafted HTML page.",8.8,NETWORK,NONE,REQUIRED,2017-01-19 05:59:00.213,google,1,3506,17,1,0,1
CVE-2020-8468,"Trend Micro Apex One (2019), OfficeScan XG and Worry-Free Business Security (9.0, 9.5, 10.0) agents are affected by a content validation escape vulnerability which could allow an attacker to manipulate certain agent client components. An attempted attack requires user authentication.",8.8,NETWORK,LOW,NONE,2020-03-18 01:15:12.003,trendmicro,1,2352,1,0,1,1
CVE-2025-59374,"""UNSUPPORTED WHEN ASSIGNED"" Certain versions of the ASUS Live Update client were distributed with unauthorized modifications introduced through a supply chain compromise. The modified builds could cause devices meeting specific targeting conditions to perform unintended actions. Only devices that met these conditions and installed the compromised versions were affected. The Live Update client has already reached End-of-Support (EOS) in October 2021, and no currently supported devices or products are affected by this issue.",9.8,NETWORK,NONE,NONE,2025-12-17 05:16:13.080,asus,1,252,1,1,1,1
CVE-2021-40870,"An issue was discovered in Aviatrix Controller 6.x before 6.5-1804.1922. Unrestricted upload of a file with a dangerous type is possible, which allows an unauthenticated user to execute arbitrary code via directory traversal.",9.8,NETWORK,NONE,NONE,2021-09-13 08:15:13.913,aviatrix,1,1808,1,1,1,1
CVE-2016-7193,"Microsoft Word 2007 SP2, Office 2010 SP2, Word 2013 SP1, Word 2013 RT SP1, Word 2016, Word for Mac 2011, Word 2016 for Mac, Office Compatibility Pack SP3, Word Viewer, Word Automation Services on SharePoint Server 2010 SP2, Word Automation Services on SharePoint Server 2013 SP1, Office Web Apps 2010 SP2, Office Web Apps Server 2013 SP1, and Office Online Server allow remote attackers to execute arbitrary code via a crafted RTF document, aka ""Microsoft Office Memory Corruption Vulnerability.""",7.8,LOCAL,NONE,REQUIRED,2016-10-14 02:59:38.013,microsoft,1,3603,245,1,0,0
CVE-2024-45195,"Direct Request ('Forced Browsing') vulnerability in Apache OFBiz.

This issue affects Apache OFBiz: before 18.12.16.

Users are recommended to upgrade to version 18.12.16, which fixes the issue.",7.5,NETWORK,NONE,NONE,2024-09-04 09:15:04.397,apache,1,721,18,1,1,1
CVE-2024-43093,"In shouldHideDocument of ExternalStorageProvider.java, there is a possible bypass of a file path filter designed to prevent access to sensitive directories due to  incorrect unicode normalization. This could lead to local escalation of privilege with no additional execution privileges needed. User interaction is needed for exploitation.",7.3,LOCAL,LOW,REQUIRED,2024-11-13 18:15:21.713,google,1,651,17,0,0,0
CVE-2019-1129,"An elevation of privilege vulnerability exists when Windows AppX Deployment Service (AppXSVC) improperly handles hard links, aka 'Windows Elevation of Privilege Vulnerability'. This CVE ID is unique from CVE-2019-1130.",7.8,LOCAL,LOW,NONE,2019-07-15 19:15:20.967,microsoft,1,2599,245,0,1,0
CVE-2017-5689,"An unprivileged network attacker could gain system privileges to provisioned Intel manageability SKUs: Intel Active Management Technology (AMT) and Intel Standard Manageability (ISM). An unprivileged local attacker could provision manageability features gaining unprivileged network or local system privileges on Intel manageability SKUs: Intel Active Management Technology (AMT), Intel Standard Manageability (ISM), and Intel Small Business Technology (SBT).",9.8,NETWORK,NONE,NONE,2017-05-02 14:59:00.520,hpe,1,3403,1,1,1,1
CVE-2021-31166,HTTP Protocol Stack Remote Code Execution Vulnerability,9.8,NETWORK,NONE,NONE,2021-05-11 19:15:09.300,microsoft,1,1933,245,1,1,1
CVE-2025-21479,Memory corruption due to unauthorized command execution in GPU micronode while executing specific sequence of commands.,8.6,LOCAL,NONE,REQUIRED,2025-06-03 07:15:20.933,qualcomm,1,449,6,1,0,0
CVE-2023-21823,Windows Graphics Component Remote Code Execution Vulnerability,7.8,LOCAL,LOW,NONE,2023-02-14 21:15:12.297,microsoft,1,1289,245,0,1,0
CVE-2021-44077,"Zoho ManageEngine ServiceDesk Plus before 11306, ServiceDesk Plus MSP before 10530, and SupportCenter Plus before 11014 are vulnerable to unauthenticated remote code execution. This is related to /RestAPI URLs in a servlet, and ImportTechnicians in the Struts configuration.",9.8,NETWORK,NONE,NONE,2021-11-29 04:15:06.737,zohocorp,1,1731,1,1,1,1
CVE-2019-11510,"In Pulse Secure Pulse Connect Secure (PCS) 8.2 before 8.2R12.1, 8.3 before 8.3R7.1, and 9.0 before 9.0R3.4, an unauthenticated remote attacker can send a specially crafted URI to perform an arbitrary file reading vulnerability .",10.0,NETWORK,NONE,NONE,2019-05-08 17:29:00.630,ivanti,1,2667,9,1,1,1
CVE-2026-1603,An authentication bypass in Ivanti Endpoint Manager before version 2024 SU5 allows a remote unauthenticated attacker to leak specific stored credential data.,8.6,NETWORK,NONE,NONE,2026-02-10 16:16:10.540,ivanti,1,197,9,1,1,1
CVE-2016-10033,"The mailSend function in the isMail transport in PHPMailer before 5.2.18 might allow remote attackers to pass extra parameters to the mail command and consequently execute arbitrary code via a \"" (backslash double quote) in a crafted Sender property.",9.8,NETWORK,NONE,NONE,2016-12-30 19:59:00.137,phpmailer_project,1,3526,1,1,1,1
CVE-2021-40438,A crafted request uri-path can cause mod_proxy to forward the request to an origin server choosen by the remote user. This issue affects Apache HTTP Server 2.4.48 and earlier.,9.0,NETWORK,NONE,NONE,2021-09-16 15:15:07.633,resf,1,1805,1,1,1,1
CVE-2018-0174,"A vulnerability in the DHCP option 82 encapsulation functionality of Cisco IOS Software and Cisco IOS XE Software could allow an unauthenticated, remote attacker to cause an affected device to reload, resulting in a denial of service (DoS) condition. The vulnerability exists because the affected software performs incomplete input validation of option 82 information that it receives in DHCP Version 4 (DHCPv4) packets from DHCP relay agents. An attacker could exploit this vulnerability by sending a crafted DHCPv4 packet to an affected device. A successful exploit could allow the attacker to cause the affected device to reload, resulting in a DoS condition. Cisco Bug IDs: CSCuh91645.",8.6,NETWORK,NONE,NONE,2018-03-28 22:29:01.233,cisco,1,3073,41,1,1,1
CVE-2023-36845,"A PHP External Variable Modification vulnerability in J-Web of Juniper Networks Junos OS on EX Series 

and SRX Series 

allows an unauthenticated, network-based attacker to remotely execute code.

Using a crafted request which sets the variable PHPRC an attacker is able to modify the PHP execution environment allowing the injection und execution of code.


This issue affects Juniper Networks Junos OS on EX Series


and 


SRX Series:



  *  All versions prior to 

20.4R3-S9;
  *  21.1 versions 21.1R1 and later;
  *  21.2 versions prior to 21.2R3-S7;
  *  21.3 versions prior to 21.3R3-S5;
  *  21.4 versions prior to 21.4R3-S5;
  *  22.1 versions 

prior to 

22.1R3-S4;
  *  22.2 versions 

prior to 

22.2R3-S2;
  *  22.3 versions 

prior to 

22.3R2-S2, 22.3R3-S1;
  *  22.4 versions 

prior to 

22.4R2-S1, 22.4R3;
  *  23.2 versions prior to 23.2R1-S1, 23.2R2.",9.8,NETWORK,NONE,NONE,2023-08-17 20:15:10.360,juniper,1,1105,2,1,1,1
CVE-2013-3897,"Use-after-free vulnerability in the CDisplayPointer class in mshtml.dll in Microsoft Internet Explorer 6 through 11 allows remote attackers to execute arbitrary code or cause a denial of service (memory corruption) via crafted JavaScript code that uses the onpropertychange event handler, as exploited in the wild in September and October 2013, aka ""Internet Explorer Memory Corruption Vulnerability.""",8.8,NETWORK,NONE,REQUIRED,2013-10-09 14:54:25.747,microsoft,1,4704,245,1,0,1
CVE-2023-33538,"TP-Link TL-WR940N V2/V4, TL-WR841N V8/V10, and TL-WR740N V1/V2 was discovered to contain a command injection vulnerability via the component /userRpm/WlanNetworkRpm .",8.8,NETWORK,LOW,NONE,2023-06-07 04:15:10.623,tp-link,1,1176,1,0,1,1
CVE-2023-26360,Adobe ColdFusion versions 2018 Update 15 (and earlier) and 2021 Update 5 (and earlier) are affected by an Improper Access Control vulnerability that could result in arbitrary code execution in the context of the current user. Exploitation of this issue does not require user interaction.,8.6,NETWORK,NONE,NONE,2023-03-23 20:15:15.263,adobe,1,1252,15,1,1,1
CVE-2017-0210,"An elevation of privilege vulnerability exists when Internet Explorer does not properly enforce cross-domain policies, which could allow an attacker to access information from one domain and inject it into another domain, aka ""Internet Explorer Elevation of Privilege Vulnerability.""",8.8,NETWORK,NONE,REQUIRED,2017-04-12 14:59:01.420,microsoft,1,3423,245,1,0,1
CVE-2016-6366,"Buffer overflow in Cisco Adaptive Security Appliance (ASA) Software through 9.4.2.3 on ASA 5500, ASA 5500-X, ASA Services Module, ASA 1000V, ASAv, Firepower 9300 ASA Security Module, PIX, and FWSM devices allows remote authenticated users to execute arbitrary code via crafted IPv4 SNMP packets, aka Bug ID CSCva92151 or EXTRABACON.",8.8,NETWORK,LOW,NONE,2016-08-18 18:59:00.117,cisco,1,3660,41,0,1,1
